Operador;NomeEstacao_STEL_portal;NumEstacao_STEL_portal;Tipo_orbita_STEL_portal;PosOrbital_STEL_portal;Banda_RF_estacao_STEL_portal;Sentido_STEL_portal;MedFrequenciaInicialMHz_STEL_portal;MedFrequenciaFinalMHz_STEL_portal;BW_Faixa_MHz;Polarização_STEL_portal;Emissao_licença_estacao_espacial;Validade_licença_estacao_espacial;Emissao_Ato_frequencia;Ato_frequencia
ABS SINGAPORE SATELLITE PTE. LTD.;ABS-3A;1002486138;GEO;3 W;C;Subida ↑;6094;6166;72,00;Horizontal (H);10/02/2021;2030-12-24 00:00:00.000000;2019-06-11 00:00:00.000000;3650
ABS SINGAPORE SATELLITE PTE. LTD.;ABS-3A;1002486138;GEO;3 W;C;Descida ↓;3789;3861;72,00;Vertical (V);10/02/2021;2030-12-24 00:00:00.000000;2019-06-11 00:00:00.000000;3650
ABS SINGAPORE SATELLITE PTE. LTD.;ABS-3A;1002486138;GEO;3 W;C;Subida ↑;6094;6166;72,00;Vertical (V);10/02/2021;2030-12-24 00:00:00.000000;2019-06-11 00:00:00.000000;3650
ABS SINGAPORE SATELLITE PTE. LTD.;ABS-3A;1002486138;GEO;3 W;Ku;Subida ↑;14084;14156;72,00;Vertical (V);10/02/2021;2030-12-24 00:00:00.000000;2015-12-11 00:00:00.000000;6683
ABS SINGAPORE SATELLITE PTE. LTD.;ABS-3A;1002486138;GEO;3 W;Ku;Descida ↓;10954;11026;72,00;Horizontal (H);10/02/2021;2030-12-24 00:00:00.000000;2015-12-11 00:00:00.000000;6683
ABS SINGAPORE SATELLITE PTE. LTD.;ABS-3A;1002486138;GEO;3 W;C;Subida ↑;6014;6086;72,00;Vertical (V);10/02/2021;2030-12-24 00:00:00.000000;2019-06-11 00:00:00.000000;3650
ABS SINGAPORE SATELLITE PTE. LTD.;ABS-3A;1002486138;GEO;3 W;C;Subida ↑;5934;6006;72,00;Vertical (V);10/02/2021;2030-12-24 00:00:00.000000;2019-06-11 00:00:00.000000;3650
ABS SINGAPORE SATELLITE PTE. LTD.;ABS-3A;1002486138;GEO;3 W;Ku;Subida ↑;14164;14236;72,00;Vertical (V);10/02/2021;2030-12-24 00:00:00.000000;2015-12-11 00:00:00.000000;6683
ABS SINGAPORE SATELLITE PTE. LTD.;ABS-3A;1002486138;GEO;3 W;C;Descida ↓;3869;3941;72,00;Vertical (V);10/02/2021;2030-12-24 00:00:00.000000;2019-06-11 00:00:00.000000;3650
ABS SINGAPORE SATELLITE PTE. LTD.;ABS-3A;1002486138;GEO;3 W;C;Descida ↓;3949;4021;72,00;Vertical (V);10/02/2021;2030-12-24 00:00:00.000000;2019-06-11 00:00:00.000000;3650
ABS SINGAPORE SATELLITE PTE. LTD.;ABS-3A;1002486138;GEO;3 W;C;Subida ↑;6174;6246;72,00;Vertical (V);10/02/2021;2030-12-24 00:00:00.000000;2015-12-11 00:00:00.000000;6683
ABS SINGAPORE SATELLITE PTE. LTD.;ABS-3A;1002486138;GEO;3 W;Ku;Descida ↓;11034;11106;72,00;Horizontal (H);10/02/2021;2030-12-24 00:00:00.000000;2015-12-11 00:00:00.000000;6683
ABS SINGAPORE SATELLITE PTE. LTD.;ABS-3A;1002486138;GEO;3 W;C;Subida ↑;6337;6409;72,00;Vertical (V);10/02/2021;2030-12-24 00:00:00.000000;2019-06-11 00:00:00.000000;3650
ABS SINGAPORE SATELLITE PTE. LTD.;ABS-3A;1002486138;GEO;3 W;Ku;Descida ↓;11114;11186;72,00;Horizontal (H);10/02/2021;2030-12-24 00:00:00.000000;2015-12-11 00:00:00.000000;6683
ABS SINGAPORE SATELLITE PTE. LTD.;ABS-3A;1002486138;GEO;3 W;C;Subida ↑;6014;6086;72,00;Horizontal (H);10/02/2021;2030-12-24 00:00:00.000000;2019-06-11 00:00:00.000000;3650
ABS SINGAPORE SATELLITE PTE. LTD.;ABS-3A;1002486138;GEO;3 W;C;Descida ↓;3709;3781;72,00;Vertical (V);10/02/2021;2030-12-24 00:00:00.000000;2019-06-11 00:00:00.000000;3650
ABS SINGAPORE SATELLITE PTE. LTD.;ABS-3A;1002486138;GEO;3 W;C;Subida ↑;6254;6326;72,00;Horizontal (H);10/02/2021;2030-12-24 00:00:00.000000;2015-12-11 00:00:00.000000;6683
ABS SINGAPORE SATELLITE PTE. LTD.;ABS-3A;1002486138;GEO;3 W;C;Descida ↓;4029;4101;72,00;Vertical (V);10/02/2021;2030-12-24 00:00:00.000000;2015-12-11 00:00:00.000000;6683
ABS SINGAPORE SATELLITE PTE. LTD.;ABS-3A;1002486138;GEO;3 W;C;Descida ↓;3869;3941;72,00;Horizontal (H);10/02/2021;2030-12-24 00:00:00.000000;2019-06-11 00:00:00.000000;3650
ABS SINGAPORE SATELLITE PTE. LTD.;ABS-3A;1002486138;GEO;3 W;C;Descida ↓;4029;4101;72,00;Horizontal (H);10/02/2021;2030-12-24 00:00:00.000000;2015-12-11 00:00:00.000000;6683
ABS SINGAPORE SATELLITE PTE. LTD.;ABS-3A;1002486138;GEO;3 W;C;Subida ↑;6174;6246;72,00;Horizontal (H);10/02/2021;2030-12-24 00:00:00.000000;2019-06-11 00:00:00.000000;3650
ABS SINGAPORE SATELLITE PTE. LTD.;ABS-3A;1002486138;GEO;3 W;C;Descida ↓;3789;3861;72,00;Horizontal (H);10/02/2021;2030-12-24 00:00:00.000000;2019-06-11 00:00:00.000000;3650
ABS SINGAPORE SATELLITE PTE. LTD.;ABS-3A;1002486138;GEO;3 W;C;Descida ↓;3709;3781;72,00;Horizontal (H);10/02/2021;2030-12-24 00:00:00.000000;2019-06-11 00:00:00.000000;3650
ABS SINGAPORE SATELLITE PTE. LTD.;ABS-3A;1002486138;GEO;3 W;C;Subida ↑;5934;6006;72,00;Horizontal (H);10/02/2021;2030-12-24 00:00:00.000000;2019-06-11 00:00:00.000000;3650
ABS SINGAPORE SATELLITE PTE. LTD.;ABS-3A;1002486138;GEO;3 W;C;Descida ↓;4112;4184;72,00;Vertical (V);10/02/2021;2030-12-24 00:00:00.000000;2019-06-11 00:00:00.000000;3650
ABS SINGAPORE SATELLITE PTE. LTD.;ABS-3A;1002486138;GEO;3 W;Ku;Subida ↑;14004;14076;72,00;Vertical (V);10/02/2021;2030-12-24 00:00:00.000000;2015-12-11 00:00:00.000000;6683
ABS SINGAPORE SATELLITE PTE. LTD.;ABS-3A;1002486138;GEO;3 W;C;Descida ↓;3949;4021;72,00;Horizontal (H);10/02/2021;2030-12-24 00:00:00.000000;2015-12-11 00:00:00.000000;6683
ABS SINGAPORE SATELLITE PTE. LTD.;ABS-3A;1002486138;GEO;3 W;C;Descida ↓;4112;4184;72,00;Horizontal (H);10/02/2021;2030-12-24 00:00:00.000000;2019-06-11 00:00:00.000000;3650
ABS SINGAPORE SATELLITE PTE. LTD.;ABS-3A;1002486138;GEO;3 W;C;Subida ↑;6337;6409;72,00;Horizontal (H);10/02/2021;2030-12-24 00:00:00.000000;2019-06-11 00:00:00.000000;3650
ABS SINGAPORE SATELLITE PTE. LTD.;ABS-3A;1002486138;GEO;3 W;C;Subida ↑;6254;6326;72,00;Vertical (V);10/02/2021;2030-12-24 00:00:00.000000;2015-12-11 00:00:00.000000;6683
ASTRA (GB) LIMITED;Sistema O3B;699550831;NGEO; ;Ka;Descida ↓;18112;18328;216,00;Circular à direita (CR);06/10/2025;N;2014-06-06 00:00:00.000000;5772
ASTRA (GB) LIMITED;Sistema O3B;699550831;NGEO; ;Ka;Descida ↓;18372;18588;216,00;Circular à direita (CR);06/10/2025;N;2014-06-06 00:00:00.000000;5772
ASTRA (GB) LIMITED;Sistema O3B;699550831;NGEO; ;Ka;Subida ↑;29071;29100;29,00;Circular à esquerda (CL);06/10/2025;N;2021-10-28 00:00:00.000000;9538
ASTRA (GB) LIMITED;Sistema O3B;699550831;NGEO; ;Ka;Descida ↓;19017;19055;38,00;Circular à esquerda (CL);06/10/2025;N;2021-10-28 00:00:00.000000;9538
ASTRA (GB) LIMITED;Sistema O3B;699550831;NGEO; ;Ka;Subida ↑;27500;27652;152,00;Circular à direita (CR);06/10/2025;N;2021-10-28 00:00:00.000000;9538
ASTRA (GB) LIMITED;Sistema O3B;699550831;NGEO; ;Ka;Subida ↑;28172;28388;216,00;Circular à direita (CR);06/10/2025;N;2014-06-06 00:00:00.000000;5772
ASTRA (GB) LIMITED;Sistema O3B;699550831;NGEO; ;Ka;Descida ↓;18112;18328;216,00;Circular à esquerda (CL);06/10/2025;N;2014-06-06 00:00:00.000000;5772
ASTRA (GB) LIMITED;Sistema O3B;699550831;NGEO; ;Ka;Subida ↑;28855;29071;216,00;Circular à direita (CR);06/10/2025;N;2014-06-06 00:00:00.000000;5772
ASTRA (GB) LIMITED;Sistema O3B;699550831;NGEO; ;Ka;Descida ↓;19055;19271;216,00;Circular à direita (CR);06/10/2025;N;2014-06-06 00:00:00.000000;5772
ASTRA (GB) LIMITED;Sistema O3B;699550831;NGEO; ;Ka;Subida ↑;28817;28855;38,00;Circular à esquerda (CL);06/10/2025;N;2021-10-28 00:00:00.000000;9538
ASTRA (GB) LIMITED;Sistema O3B;699550831;NGEO; ;Ka;Descida ↓;19300;19700;400,00;Circular à esquerda (CL);06/10/2025;N;2022-10-14 00:00:00.000000;14517
ASTRA (GB) LIMITED;Sistema O3B;699550831;NGEO; ;Ka;Subida ↑;29500;30000;500,00;Circular à esquerda (CL);06/10/2025;N;2021-10-28 00:00:00.000000;9538
ASTRA (GB) LIMITED;Sistema O3B;699550831;NGEO; ;Ka;Descida ↓;17700;17852;152,00;Circular à direita (CR);06/10/2025;N;2021-10-28 00:00:00.000000;9538
ASTRA (GB) LIMITED;Sistema O3B;699550831;NGEO; ;Ka;Descida ↓;18068;18112;44,00;Circular à esquerda (CL);06/10/2025;N;2021-10-28 00:00:00.000000;9538
ASTRA (GB) LIMITED;Sistema O3B;699550831;NGEO; ;Ka;Descida ↓;19700;20200;500,00;Circular à esquerda (CL);06/10/2025;N;2021-10-28 00:00:00.000000;9538
ASTRA (GB) LIMITED;Sistema O3B;699550831;NGEO; ;Ka;Subida ↑;28855;29071;216,00;Circular à esquerda (CL);06/10/2025;N;2014-06-06 00:00:00.000000;5772
ASTRA (GB) LIMITED;Sistema O3B;699550831;NGEO; ;Ka;Descida ↓;19055;19271;216,00;Circular à esquerda (CL);06/10/2025;N;2014-06-06 00:00:00.000000;5772
ASTRA (GB) LIMITED;Sistema O3B;699550831;NGEO; ;Ka;Subida ↑;28601;28817;216,00;Circular à esquerda (CL);06/10/2025;N;2013-10-22 00:00:00.000000;6366
ASTRA (GB) LIMITED;Sistema O3B;699550831;NGEO; ;Ka;Descida ↓;19271;19300;29,00;Circular à esquerda (CL);06/10/2025;N;2021-10-28 00:00:00.000000;9538
ASTRA (GB) LIMITED;Sistema O3B;699550831;NGEO; ;Ka;Subida ↑;28817;28855;38,00;Circular à direita (CR);06/10/2025;N;2021-10-28 00:00:00.000000;9538
ASTRA (GB) LIMITED;Sistema O3B;699550831;NGEO; ;Ka;Subida ↑;27868;27912;44,00;Circular à direita (CR);06/10/2025;N;2021-10-28 00:00:00.000000;9538
ASTRA (GB) LIMITED;Sistema O3B;699550831;NGEO; ;Ka;Subida ↑;29071;29100;29,00;Circular à direita (CR);06/10/2025;N;2021-10-28 00:00:00.000000;9538
ASTRA (GB) LIMITED;Sistema O3B;699550831;NGEO; ;Ka;Descida ↓;19700;20200;500,00;Circular à direita (CR);06/10/2025;N;2021-10-28 00:00:00.000000;9538
ASTRA (GB) LIMITED;Sistema O3B;699550831;NGEO; ;Ka;Descida ↓;18588;18600;12,00;Circular à direita (CR);06/10/2025;N;2021-10-28 00:00:00.000000;9538
ASTRA (GB) LIMITED;Sistema O3B;699550831;NGEO; ;Ka;Descida ↓;18068;18112;44,00;Circular à direita (CR);06/10/2025;N;2021-10-28 00:00:00.000000;9538
ASTRA (GB) LIMITED;Sistema O3B;699550831;NGEO; ;Ka;Descida ↓;18588;18600;12,00;Circular à esquerda (CL);06/10/2025;N;2021-10-28 00:00:00.000000;9538
ASTRA (GB) LIMITED;Sistema O3B;699550831;NGEO; ;Ka;Subida ↑;28128;28172;44,00;Circular à direita (CR);06/10/2025;N;2021-10-28 00:00:00.000000;9538
ASTRA (GB) LIMITED;Sistema O3B;699550831;NGEO; ;Ka;Subida ↑;28388;28601;213,00;Circular à esquerda (CL);06/10/2025;N;2021-10-28 00:00:00.000000;9538
ASTRA (GB) LIMITED;Sistema O3B;699550831;NGEO; ;Ka;Descida ↓;18800;19017;217,00;Circular à direita (CR);06/10/2025;N;2014-06-06 00:00:00.000000;5772
ASTRA (GB) LIMITED;Sistema O3B;699550831;NGEO; ;Ka;Descida ↓;19271;19300;29,00;Circular à direita (CR);06/10/2025;N;2021-10-28 00:00:00.000000;9538
ASTRA (GB) LIMITED;Sistema O3B;699550831;NGEO; ;Ka;Descida ↓;19300;19700;400,00;Circular à direita (CR);06/10/2025;N;2022-10-14 00:00:00.000000;14517
ASTRA (GB) LIMITED;Sistema O3B;699550831;NGEO; ;Ka;Descida ↓;17852;18068;216,00;Circular à direita (CR);06/10/2025;N;2014-06-06 00:00:00.000000;5772
ASTRA (GB) LIMITED;Sistema O3B;699550831;NGEO; ;Ka;Subida ↑;27912;28128;216,00;Circular à direita (CR);06/10/2025;N;2014-06-06 00:00:00.000000;5772
ASTRA (GB) LIMITED;Sistema O3B;699550831;NGEO; ;Ka;Subida ↑;28601;28817;216,00;Circular à direita (CR);06/10/2025;N;2014-06-06 00:00:00.000000;5772
ASTRA (GB) LIMITED;Sistema O3B;699550831;NGEO; ;Ka;Subida ↑;29100;29500;400,00;Circular à direita (CR);06/10/2025;N;2022-10-14 00:00:00.000000;14517
ASTRA (GB) LIMITED;Sistema O3B;699550831;NGEO; ;Ka;Subida ↑;29500;30000;500,00;Circular à direita (CR);06/10/2025;N;2021-10-28 00:00:00.000000;9538
ASTRA (GB) LIMITED;Sistema O3B;699550831;NGEO; ;Ka;Descida ↓;18328;18372;44,00;Circular à direita (CR);06/10/2025;N;2021-10-28 00:00:00.000000;9538
ASTRA (GB) LIMITED;Sistema O3B;699550831;NGEO; ;Ka;Subida ↑;27652;27868;216,00;Circular à direita (CR);06/10/2025;N;2014-06-06 00:00:00.000000;5772
ASTRA (GB) LIMITED;Sistema O3B;699550831;NGEO; ;Ka;Descida ↓;19017;19055;38,00;Circular à direita (CR);06/10/2025;N;2021-10-28 00:00:00.000000;9538
ASTRA (GB) LIMITED;Sistema O3B;699550831;NGEO; ;Ka;Subida ↑;28388;28601;213,00;Circular à direita (CR);06/10/2025;N;2021-10-28 00:00:00.000000;9538
ASTRA (GB) LIMITED;Sistema O3B;699550831;NGEO; ;Ka;Subida ↑;27912;28128;216,00;Circular à esquerda (CL);06/10/2025;N;2014-06-06 00:00:00.000000;5772
ASTRA (GB) LIMITED;Sistema O3B;699550831;NGEO; ;Ka;Subida ↑;29100;29500;400,00;Circular à esquerda (CL);06/10/2025;N;2022-10-14 00:00:00.000000;14517
ASTRA (GB) LIMITED;Sistema O3B;699550831;NGEO; ;Ka;Descida ↓;17700;17852;152,00;Circular à esquerda (CL);06/10/2025;N;2021-10-28 00:00:00.000000;9538
ASTRA (GB) LIMITED;Sistema O3B;699550831;NGEO; ;Ka;Subida ↑;28128;28172;44,00;Circular à esquerda (CL);06/10/2025;N;2021-10-28 00:00:00.000000;9538
ASTRA (GB) LIMITED;Sistema O3B;699550831;NGEO; ;Ka;Descida ↓;17852;18068;216,00;Circular à esquerda (CL);06/10/2025;N;2014-06-06 00:00:00.000000;5772
ASTRA (GB) LIMITED;Sistema O3B;699550831;NGEO; ;Ka;Subida ↑;27500;27652;152,00;Circular à esquerda (CL);06/10/2025;N;2021-10-28 00:00:00.000000;9538
ASTRA (GB) LIMITED;Sistema O3B;699550831;NGEO; ;Ka;Subida ↑;28172;28388;216,00;Circular à esquerda (CL);06/10/2025;N;2014-06-06 00:00:00.000000;5772
ASTRA (GB) LIMITED;Sistema O3B;699550831;NGEO; ;Ka;Subida ↑;27652;27868;216,00;Circular à esquerda (CL);06/10/2025;N;2014-06-06 00:00:00.000000;5772
ASTRA (GB) LIMITED;Sistema O3B;699550831;NGEO; ;Ka;Descida ↓;18800;19017;217,00;Circular à esquerda (CL);06/10/2025;N;2013-10-22 00:00:00.000000;6366
ASTRA (GB) LIMITED;Sistema O3B;699550831;NGEO; ;Ka;Descida ↓;18372;18588;216,00;Circular à esquerda (CL);06/10/2025;N;2014-06-06 00:00:00.000000;5772
ASTRA (GB) LIMITED;Sistema O3B;699550831;NGEO; ;Ka;Descida ↓;18328;18372;44,00;Circular à esquerda (CL);06/10/2025;N;2021-10-28 00:00:00.000000;9538
ASTRA (GB) LIMITED;Sistema O3B;699550831;NGEO; ;Ka;Subida ↑;27868;27912;44,00;Circular à esquerda (CL);06/10/2025;N;2021-10-28 00:00:00.000000;9538
CLARO S.A.;STARONE C1-A;1007268260;GEO;65 W;Ku;Subida ↑;13837;13873;36,00;Horizontal (H);21/10/2020;2033-03-06 00:00:00.000000;2018-07-05 00:00:00.000000;5073
CLARO S.A.;STARONE C1-A;1007268260;GEO;65 W;Ku;Descida ↓;11072;11108;36,00;Vertical (V);21/10/2020;2033-03-06 00:00:00.000000;2018-07-05 00:00:00.000000;5073
CLARO S.A.;STARONE C1-A;1007268260;GEO;65 W;Ku;Descida ↓;11036;11072;36,00;Horizontal (H);21/10/2020;2033-03-06 00:00:00.000000;2018-07-05 00:00:00.000000;5073
CLARO S.A.;STARONE C1-A;1007268260;GEO;65 W;Ku;Descida ↓;11076;11112;36,00;Vertical (V);21/10/2020;2033-03-06 00:00:00.000000;2018-07-05 00:00:00.000000;5073
CLARO S.A.;STARONE C1-A;1007268260;GEO;65 W;Ku;Subida ↑;13877;13913;36,00;Horizontal (H);21/10/2020;2033-03-06 00:00:00.000000;2018-07-05 00:00:00.000000;5073
CLARO S.A.;STARONE C1-A;1007268260;GEO;65 W;Ku;Descida ↓;10952;11024;72,00;Vertical (V);21/10/2020;2033-03-06 00:00:00.000000;2018-07-05 00:00:00.000000;5073
CLARO S.A.;STARONE C1-A;1007268260;GEO;65 W;Ku;Descida ↓;11032;11068;36,00;Vertical (V);21/10/2020;2033-03-06 00:00:00.000000;2018-07-05 00:00:00.000000;5073
CLARO S.A.;STARONE C1-A;1007268260;GEO;65 W;Ku;Subida ↑;13961;13997;36,00;Vertical (V);21/10/2020;2033-03-06 00:00:00.000000;2018-07-05 00:00:00.000000;5073
CLARO S.A.;STARONE C1-A;1007268260;GEO;65 W;Ku;Descida ↓;11112;11148;36,00;Vertical (V);21/10/2020;2033-03-06 00:00:00.000000;2018-07-05 00:00:00.000000;5073
CLARO S.A.;STARONE C1-A;1007268260;GEO;65 W;Ku;Descida ↓;11116;11152;36,00;Horizontal (H);21/10/2020;2033-03-06 00:00:00.000000;2018-07-05 00:00:00.000000;5073
CLARO S.A.;STARONE C1-A;1007268260;GEO;65 W;Ku;Descida ↓;11156;11192;36,00;Horizontal (H);21/10/2020;2033-03-06 00:00:00.000000;2018-07-05 00:00:00.000000;5073
CLARO S.A.;STARONE C1-A;1007268260;GEO;65 W;Ku;Subida ↑;13881;13917;36,00;Horizontal (H);21/10/2020;2033-03-06 00:00:00.000000;2018-07-05 00:00:00.000000;5073
CLARO S.A.;STARONE C1-A;1007268260;GEO;65 W;Ku;Subida ↑;13921;13957;36,00;Vertical (V);21/10/2020;2033-03-06 00:00:00.000000;2018-07-05 00:00:00.000000;5073
CLARO S.A.;STARONE C1-A;1007268260;GEO;65 W;Ku;Subida ↑;13757;13829;72,00;Horizontal (H);21/10/2020;2033-03-06 00:00:00.000000;2018-07-05 00:00:00.000000;5073
CLARO S.A.;STARONE C1-A;1007268260;GEO;65 W;Ku;Subida ↑;13841;13877;36,00;Vertical (V);21/10/2020;2033-03-06 00:00:00.000000;2018-07-05 00:00:00.000000;5073
CLARO S.A.;STARONE C1-A;1007268260;GEO;65 W;Ku;Subida ↑;13917;13953;36,00;Horizontal (H);21/10/2020;2033-03-06 00:00:00.000000;2018-07-05 00:00:00.000000;5073
DIRECTV LATIN AMERICA LLC;SKY-B1;1004523227;GEO;43,1 W;Ku;Descida ↓;11962;11998;36,00;Vertical (V);15/05/2023;N;2023-05-09 00:00:00.000000;5168
DIRECTV LATIN AMERICA LLC;SKY-B1;1004523227;GEO;43,1 W;Ku;Subida ↑;14082;14118;36,00;Vertical (V);15/05/2023;N;2019-11-20 00:00:00.000000;7289
DIRECTV LATIN AMERICA LLC;SKY-B1;1004523227;GEO;43,1 W;Ku;Descida ↓;11032;11068;36,00;Vertical (V);15/05/2023;N;2019-11-20 00:00:00.000000;7289
DIRECTV LATIN AMERICA LLC;SKY-B1;1004523227;GEO;43,1 W;Ku;Subida ↑;13876;13912;36,00;Vertical (V);15/05/2023;N;2019-11-20 00:00:00.000000;7289
DIRECTV LATIN AMERICA LLC;SKY-B1;1004523227;GEO;43,1 W;Ku;Descida ↓;11072;11108;36,00;Horizontal (H);15/05/2023;N;2019-11-20 00:00:00.000000;7289
DIRECTV LATIN AMERICA LLC;SKY-B1;1004523227;GEO;43,1 W;Ku;Descida ↓;11532;11568;36,00;Horizontal (H);15/05/2023;N;2019-11-20 00:00:00.000000;7289
DIRECTV LATIN AMERICA LLC;SKY-B1;1004523227;GEO;43,1 W;Ku;Descida ↓;12162;12198;36,00;Vertical (V);15/05/2023;N;2023-05-09 00:00:00.000000;5168
DIRECTV LATIN AMERICA LLC;SKY-B1;1004523227;GEO;43,1 W;Ku(AP30B);Subida ↑;13164;13200;36,00;Horizontal (H);15/05/2023;N;2019-11-20 00:00:00.000000;7289
DIRECTV LATIN AMERICA LLC;SKY-B1;1004523227;GEO;43,1 W;Ku(AP30B);Subida ↑;13084;13120;36,00;Vertical (V);15/05/2023;N;2019-11-20 00:00:00.000000;7289
DIRECTV LATIN AMERICA LLC;SKY-B1;1004523227;GEO;43,1 W;Ku(AP30B);Descida ↓;11324;11360;36,00;Vertical (V);15/05/2023;N;2017-06-29 00:00:00.000000;9995
DIRECTV LATIN AMERICA LLC;SKY-B1;1004523227;GEO;43,1 W;Ku(AP30B);Descida ↓;10904;10940;36,00;Horizontal (H);15/05/2023;N;2019-11-20 00:00:00.000000;7289
DIRECTV LATIN AMERICA LLC;SKY-B1;1004523227;GEO;43,1 W;Ku;Descida ↓;12082;12118;36,00;Vertical (V);15/05/2023;N;2023-05-09 00:00:00.000000;5168
DIRECTV LATIN AMERICA LLC;SKY-B1;1004523227;GEO;43,1 W;Ku(AP30B);Subida ↑;13004;13040;36,00;Vertical (V);15/05/2023;N;2019-11-20 00:00:00.000000;7289
DIRECTV LATIN AMERICA LLC;SKY-B1;1004523227;GEO;43,1 W;Ku;Descida ↓;12122;12158;36,00;Vertical (V);15/05/2023;N;2023-05-09 00:00:00.000000;5168
DIRECTV LATIN AMERICA LLC;SKY-B1;1004523227;GEO;43,1 W;Ku;Descida ↓;11652;11688;36,00;Horizontal (H);15/05/2023;N;2019-11-20 00:00:00.000000;7289
DIRECTV LATIN AMERICA LLC;SKY-B1;1004523227;GEO;43,1 W;Ku;Descida ↓;12002;12038;36,00;Vertical (V);15/05/2023;N;2023-05-09 00:00:00.000000;5168
DIRECTV LATIN AMERICA LLC;SKY-B1;1004523227;GEO;43,1 W;Ku(AP30B);Subida ↑;12794;12830;36,00;Vertical (V);15/05/2023;N;2017-06-29 00:00:00.000000;9995
DIRECTV LATIN AMERICA LLC;SKY-B1;1004523227;GEO;43,1 W;Ku(AP30B);Descida ↓;11244;11280;36,00;Vertical (V);15/05/2023;N;2017-06-29 00:00:00.000000;9995
DIRECTV LATIN AMERICA LLC;SKY-B1;1004523227;GEO;43,1 W;Ku(AP30B);Subida ↑;13124;13160;36,00;Vertical (V);15/05/2023;N;2017-06-29 00:00:00.000000;9995
DIRECTV LATIN AMERICA LLC;SKY-B1;1004523227;GEO;43,1 W;Ku(AP30B);Subida ↑;13204;13240;36,00;Vertical (V);15/05/2023;N;2017-06-29 00:00:00.000000;9995
DIRECTV LATIN AMERICA LLC;SKY-B1;1004523227;GEO;43,1 W;Ku;Descida ↓;11492;11528;36,00;Vertical (V);15/05/2023;N;2019-11-20 00:00:00.000000;7289
DIRECTV LATIN AMERICA LLC;SKY-B1;1004523227;GEO;43,1 W;Ku;Descida ↓;11492;11528;36,00;Horizontal (H);15/05/2023;N;2019-11-20 00:00:00.000000;7289
DIRECTV LATIN AMERICA LLC;SKY-B1;1004523227;GEO;43,1 W;Ku(AP30B);Descida ↓;11404;11440;36,00;Vertical (V);15/05/2023;N;2019-11-20 00:00:00.000000;7289
DIRECTV LATIN AMERICA LLC;SKY-B1;1004523227;GEO;43,1 W;Ku;Descida ↓;11032;11068;36,00;Horizontal (H);15/05/2023;N;2019-11-20 00:00:00.000000;7289
DIRECTV LATIN AMERICA LLC;SKY-B1;1004523227;GEO;43,1 W;Ku(AP30B);Descida ↓;10744;10780;36,00;Vertical (V);15/05/2023;N;2019-11-20 00:00:00.000000;7289
DIRECTV LATIN AMERICA LLC;SKY-B1;1004523227;GEO;43,1 W;Ku;Subida ↑;14442;14478;36,00;Vertical (V);15/05/2023;N;2023-05-09 00:00:00.000000;5168
DIRECTV LATIN AMERICA LLC;SKY-B1;1004523227;GEO;43,1 W;Ku;Descida ↓;11152;11188;36,00;Vertical (V);15/05/2023;N;2019-11-20 00:00:00.000000;7289
DIRECTV LATIN AMERICA LLC;SKY-B1;1004523227;GEO;43,1 W;Ku;Subida ↑;13796;13832;36,00;Vertical (V);15/05/2023;N;2019-11-20 00:00:00.000000;7289
DIRECTV LATIN AMERICA LLC;SKY-B1;1004523227;GEO;43,1 W;Ku;Subida ↑;14202;14238;36,00;Vertical (V);15/05/2023;N;2019-11-20 00:00:00.000000;7289
DIRECTV LATIN AMERICA LLC;SKY-B1;1004523227;GEO;43,1 W;Ku;Subida ↑;14282;14318;36,00;Vertical (V);15/05/2023;N;2023-05-09 00:00:00.000000;5168
DIRECTV LATIN AMERICA LLC;SKY-B1;1004523227;GEO;43,1 W;Ku;Subida ↑;14322;14358;36,00;Vertical (V);15/05/2023;N;2023-05-09 00:00:00.000000;5168
DIRECTV LATIN AMERICA LLC;SKY-B1;1004523227;GEO;43,1 W;Ku(AP30B);Subida ↑;12954;12990;36,00;Vertical (V);15/05/2023;N;2019-11-20 00:00:00.000000;7289
DIRECTV LATIN AMERICA LLC;SKY-B1;1004523227;GEO;43,1 W;Ku;Descida ↓;12042;12078;36,00;Vertical (V);15/05/2023;N;2023-05-09 00:00:00.000000;5168
DIRECTV LATIN AMERICA LLC;SKY-B1;1004523227;GEO;43,1 W;Ku;Subida ↑;14402;14438;36,00;Vertical (V);15/05/2023;N;2023-05-09 00:00:00.000000;5168
DIRECTV LATIN AMERICA LLC;SKY-B1;1004523227;GEO;43,1 W;Ku;Subida ↑;13956;13992;36,00;Horizontal (H);15/05/2023;N;2019-11-20 00:00:00.000000;7289
DIRECTV LATIN AMERICA LLC;SKY-B1;1004523227;GEO;43,1 W;Ku(AP30B);Subida ↑;13044;13080;36,00;Vertical (V);15/05/2023;N;2017-06-29 00:00:00.000000;9995
DIRECTV LATIN AMERICA LLC;SKY-B1;1004523227;GEO;43,1 W;Ku;Descida ↓;11572;11608;36,00;Horizontal (H);15/05/2023;N;2019-11-20 00:00:00.000000;7289
DIRECTV LATIN AMERICA LLC;SKY-B1;1004523227;GEO;43,1 W;Ku;Subida ↑;13916;13952;36,00;Vertical (V);15/05/2023;N;2019-11-20 00:00:00.000000;7289
DIRECTV LATIN AMERICA LLC;SKY-B1;1004523227;GEO;43,1 W;Ku;Subida ↑;13916;13952;36,00;Horizontal (H);15/05/2023;N;2019-11-20 00:00:00.000000;7289
DIRECTV LATIN AMERICA LLC;SKY-B1;1004523227;GEO;43,1 W;Ku;Descida ↓;11072;11108;36,00;Vertical (V);15/05/2023;N;2019-11-20 00:00:00.000000;7289
DIRECTV LATIN AMERICA LLC;SKY-B1;1004523227;GEO;43,1 W;Ku(AP30B);Subida ↑;12754;12790;36,00;Vertical (V);15/05/2023;N;2019-11-20 00:00:00.000000;7289
DIRECTV LATIN AMERICA LLC;SKY-B1;1004523227;GEO;43,1 W;Ku;Subida ↑;14002;14038;36,00;Vertical (V);15/05/2023;N;2019-11-20 00:00:00.000000;7289
DIRECTV LATIN AMERICA LLC;SKY-B1;1004523227;GEO;43,1 W;Ku(AP30B);Descida ↓;11284;11320;36,00;Vertical (V);15/05/2023;N;2019-11-20 00:00:00.000000;7289
DIRECTV LATIN AMERICA LLC;SKY-B1;1004523227;GEO;43,1 W;Ku(AP30B);Descida ↓;11364;11400;36,00;Horizontal (H);15/05/2023;N;2019-11-20 00:00:00.000000;7289
DIRECTV LATIN AMERICA LLC;SKY-B1;1004523227;GEO;43,1 W;Ku;Subida ↑;13756;13792;36,00;Vertical (V);15/05/2023;N;2019-11-20 00:00:00.000000;7289
DIRECTV LATIN AMERICA LLC;SKY-B1;1004523227;GEO;43,1 W;Ku(AP30B);Descida ↓;10784;10820;36,00;Horizontal (H);15/05/2023;N;2019-11-20 00:00:00.000000;7289
DIRECTV LATIN AMERICA LLC;SKY-B1;1004523227;GEO;43,1 W;Ku;Descida ↓;10952;10988;36,00;Vertical (V);15/05/2023;N;2019-11-20 00:00:00.000000;7289
DIRECTV LATIN AMERICA LLC;SKY-B1;1004523227;GEO;43,1 W;Ku(AP30B);Subida ↑;12834;12870;36,00;Vertical (V);15/05/2023;N;2019-11-20 00:00:00.000000;7289
DIRECTV LATIN AMERICA LLC;SKY-B1;1004523227;GEO;43,1 W;Ku(AP30B);Subida ↑;12914;12950;36,00;Vertical (V);15/05/2023;N;2019-11-20 00:00:00.000000;7289
DIRECTV LATIN AMERICA LLC;SKY-B1;1004523227;GEO;43,1 W;Ku;Subida ↑;14162;14198;36,00;Vertical (V);15/05/2023;N;2019-11-20 00:00:00.000000;7289
DIRECTV LATIN AMERICA LLC;SKY-B1;1004523227;GEO;43,1 W;Ku;Descida ↓;11452;11488;36,00;Horizontal (H);15/05/2023;N;2019-11-20 00:00:00.000000;7289
DIRECTV LATIN AMERICA LLC;SKY-B1;1004523227;GEO;43,1 W;Ku;Descida ↓;11112;11148;36,00;Vertical (V);15/05/2023;N;2019-11-20 00:00:00.000000;7289
DIRECTV LATIN AMERICA LLC;SKY-B1;1004523227;GEO;43,1 W;Ku;Subida ↑;13836;13872;36,00;Vertical (V);15/05/2023;N;2019-11-20 00:00:00.000000;7289
DIRECTV LATIN AMERICA LLC;SKY-B1;1004523227;GEO;43,1 W;Ku;Descida ↓;10992;11028;36,00;Horizontal (H);15/05/2023;N;2019-11-20 00:00:00.000000;7289
DIRECTV LATIN AMERICA LLC;SKY-B1;1004523227;GEO;43,1 W;Ku;Descida ↓;10992;11028;36,00;Vertical (V);15/05/2023;N;2019-11-20 00:00:00.000000;7289
DIRECTV LATIN AMERICA LLC;SKY-B1;1004523227;GEO;43,1 W;Ku;Descida ↓;11652;11688;36,00;Vertical (V);15/05/2023;N;2019-11-20 00:00:00.000000;7289
DIRECTV LATIN AMERICA LLC;SKY-B1;1004523227;GEO;43,1 W;Ku(AP30B);Descida ↓;11204;11240;36,00;Horizontal (H);15/05/2023;N;2019-11-20 00:00:00.000000;7289
DIRECTV LATIN AMERICA LLC;SKY-B1;1004523227;GEO;43,1 W;Ku(AP30B);Descida ↓;10824;10860;36,00;Horizontal (H);15/05/2023;N;2019-11-20 00:00:00.000000;7289
DIRECTV LATIN AMERICA LLC;SKY-B1;1004523227;GEO;43,1 W;Ku(AP30B);Subida ↑;12794;12830;36,00;Horizontal (H);15/05/2023;N;2019-11-20 00:00:00.000000;7289
DIRECTV LATIN AMERICA LLC;SKY-B1;1004523227;GEO;43,1 W;Ku;Subida ↑;13796;13832;36,00;Horizontal (H);15/05/2023;N;2019-11-20 00:00:00.000000;7289
DIRECTV LATIN AMERICA LLC;SKY-B1;1004523227;GEO;43,1 W;Ku(AP30B);Descida ↓;10704;10740;36,00;Horizontal (H);15/05/2023;N;2019-11-20 00:00:00.000000;7289
DIRECTV LATIN AMERICA LLC;SKY-B1;1004523227;GEO;43,1 W;Ku(AP30B);Descida ↓;10904;10940;36,00;Vertical (V);15/05/2023;N;2019-11-20 00:00:00.000000;7289
DIRECTV LATIN AMERICA LLC;SKY-B1;1004523227;GEO;43,1 W;Ku;Descida ↓;11112;11148;36,00;Horizontal (H);15/05/2023;N;2019-11-20 00:00:00.000000;7289
DIRECTV LATIN AMERICA LLC;SKY-B1;1004523227;GEO;43,1 W;Ku;Subida ↑;14042;14078;36,00;Vertical (V);15/05/2023;N;2019-11-20 00:00:00.000000;7289
DIRECTV LATIN AMERICA LLC;SKY-B1;1004523227;GEO;43,1 W;Ku;Subida ↑;13756;13792;36,00;Horizontal (H);15/05/2023;N;2019-11-20 00:00:00.000000;7289
DIRECTV LATIN AMERICA LLC;SKY-B1;1004523227;GEO;43,1 W;Ku;Subida ↑;14122;14158;36,00;Horizontal (H);15/05/2023;N;2019-11-20 00:00:00.000000;7289
DIRECTV LATIN AMERICA LLC;SKY-B1;1004523227;GEO;43,1 W;Ku(AP30B);Subida ↑;13084;13120;36,00;Horizontal (H);15/05/2023;N;2019-11-20 00:00:00.000000;7289
DIRECTV LATIN AMERICA LLC;SKY-B1;1004523227;GEO;43,1 W;Ku;Subida ↑;14162;14198;36,00;Horizontal (H);15/05/2023;N;2019-11-20 00:00:00.000000;7289
DIRECTV LATIN AMERICA LLC;SKY-B1;1004523227;GEO;43,1 W;Ku(AP30B);Descida ↓;11284;11320;36,00;Horizontal (H);15/05/2023;N;2019-11-20 00:00:00.000000;7289
DIRECTV LATIN AMERICA LLC;SKY-B1;1004523227;GEO;43,1 W;Ku;Descida ↓;11612;11648;36,00;Horizontal (H);15/05/2023;N;2019-11-20 00:00:00.000000;7289
DIRECTV LATIN AMERICA LLC;SKY-B1;1004523227;GEO;43,1 W;Ku(AP30B);Subida ↑;12874;12910;36,00;Vertical (V);15/05/2023;N;2019-11-20 00:00:00.000000;7289
DIRECTV LATIN AMERICA LLC;SKY-B1;1004523227;GEO;43,1 W;Ku(AP30B);Subida ↑;12834;12870;36,00;Horizontal (H);15/05/2023;N;2019-11-20 00:00:00.000000;7289
DIRECTV LATIN AMERICA LLC;SKY-B1;1004523227;GEO;43,1 W;Ku(AP30B);Descida ↓;10864;10900;36,00;Horizontal (H);15/05/2023;N;2019-11-20 00:00:00.000000;7289
DIRECTV LATIN AMERICA LLC;SKY-B1;1004523227;GEO;43,1 W;Ku;Subida ↑;14082;14118;36,00;Horizontal (H);15/05/2023;N;2019-11-20 00:00:00.000000;7289
DIRECTV LATIN AMERICA LLC;SKY-B1;1004523227;GEO;43,1 W;Ku;Subida ↑;14122;14158;36,00;Vertical (V);15/05/2023;N;2019-11-20 00:00:00.000000;7289
DIRECTV LATIN AMERICA LLC;SKY-B1;1004523227;GEO;43,1 W;Ku(AP30B);Subida ↑;13124;13160;36,00;Horizontal (H);15/05/2023;N;2017-06-29 00:00:00.000000;9995
DIRECTV LATIN AMERICA LLC;SKY-B1;1004523227;GEO;43,1 W;Ku;Descida ↓;11962;11998;36,00;Horizontal (H);15/05/2023;N;2023-05-09 00:00:00.000000;5168
DIRECTV LATIN AMERICA LLC;SKY-B1;1004523227;GEO;43,1 W;Ku(AP30B);Subida ↑;12754;12790;36,00;Horizontal (H);15/05/2023;N;2019-11-20 00:00:00.000000;7289
DIRECTV LATIN AMERICA LLC;SKY-B1;1004523227;GEO;43,1 W;Ku(AP30B);Descida ↓;11244;11280;36,00;Horizontal (H);15/05/2023;N;2017-06-29 00:00:00.000000;9995
DIRECTV LATIN AMERICA LLC;SKY-B1;1004523227;GEO;43,1 W;Ku;Descida ↓;12002;12038;36,00;Horizontal (H);15/05/2023;N;2023-05-09 00:00:00.000000;5168
DIRECTV LATIN AMERICA LLC;SKY-B1;1004523227;GEO;43,1 W;Ku(AP30B);Descida ↓;10744;10780;36,00;Horizontal (H);15/05/2023;N;2017-06-29 00:00:00.000000;9995
DIRECTV LATIN AMERICA LLC;SKY-B1;1004523227;GEO;43,1 W;Ku(AP30B);Subida ↑;12874;12910;36,00;Horizontal (H);15/05/2023;N;2017-06-29 00:00:00.000000;9995
DIRECTV LATIN AMERICA LLC;SKY-B1;1004523227;GEO;43,1 W;Ku(AP30B);Subida ↑;12914;12950;36,00;Horizontal (H);15/05/2023;N;2019-11-20 00:00:00.000000;7289
DIRECTV LATIN AMERICA LLC;SKY-B1;1004523227;GEO;43,1 W;Ku(AP30B);Descida ↓;11364;11400;36,00;Vertical (V);15/05/2023;N;2019-11-20 00:00:00.000000;7289
DIRECTV LATIN AMERICA LLC;SKY-B1;1004523227;GEO;43,1 W;Ku(AP30B);Descida ↓;11324;11360;36,00;Horizontal (H);15/05/2023;N;2017-06-29 00:00:00.000000;9995
DIRECTV LATIN AMERICA LLC;SKY-B1;1004523227;GEO;43,1 W;Ku;Subida ↑;14042;14078;36,00;Horizontal (H);15/05/2023;N;2019-11-20 00:00:00.000000;7289
DIRECTV LATIN AMERICA LLC;SKY-B1;1004523227;GEO;43,1 W;Ku;Subida ↑;14322;14358;36,00;Horizontal (H);15/05/2023;N;2023-05-09 00:00:00.000000;5168
DIRECTV LATIN AMERICA LLC;SKY-B1;1004523227;GEO;43,1 W;Ku;Descida ↓;10952;10988;36,00;Horizontal (H);15/05/2023;N;2019-11-20 00:00:00.000000;7289
DIRECTV LATIN AMERICA LLC;SKY-B1;1004523227;GEO;43,1 W;Ku;Descida ↓;12122;12158;36,00;Horizontal (H);15/05/2023;N;2023-05-09 00:00:00.000000;5168
DIRECTV LATIN AMERICA LLC;SKY-B1;1004523227;GEO;43,1 W;Ku;Subida ↑;13836;13872;36,00;Horizontal (H);15/05/2023;N;2019-11-20 00:00:00.000000;7289
DIRECTV LATIN AMERICA LLC;SKY-B1;1004523227;GEO;43,1 W;Ku;Descida ↓;11452;11488;36,00;Vertical (V);15/05/2023;N;2019-11-20 00:00:00.000000;7289
DIRECTV LATIN AMERICA LLC;SKY-B1;1004523227;GEO;43,1 W;Ku;Descida ↓;11152;11188;36,00;Horizontal (H);15/05/2023;N;2017-06-29 00:00:00.000000;9995
DIRECTV LATIN AMERICA LLC;SKY-B1;1004523227;GEO;43,1 W;Ku(AP30B);Descida ↓;10824;10860;36,00;Vertical (V);15/05/2023;N;2017-06-29 00:00:00.000000;9995
DIRECTV LATIN AMERICA LLC;SKY-B1;1004523227;GEO;43,1 W;Ku(AP30B);Subida ↑;12954;12990;36,00;Horizontal (H);15/05/2023;N;2019-11-20 00:00:00.000000;7289
DIRECTV LATIN AMERICA LLC;SKY-B1;1004523227;GEO;43,1 W;Ku;Subida ↑;14362;14398;36,00;Vertical (V);15/05/2023;N;2023-05-09 00:00:00.000000;5168
DIRECTV LATIN AMERICA LLC;SKY-B1;1004523227;GEO;43,1 W;Ku(AP30B);Subida ↑;13044;13080;36,00;Horizontal (H);15/05/2023;N;2017-06-29 00:00:00.000000;9995
DIRECTV LATIN AMERICA LLC;SKY-B1;1004523227;GEO;43,1 W;Ku;Descida ↓;12082;12118;36,00;Horizontal (H);15/05/2023;N;2023-05-09 00:00:00.000000;5168
DIRECTV LATIN AMERICA LLC;SKY-B1;1004523227;GEO;43,1 W;Ku;Descida ↓;12162;12198;36,00;Horizontal (H);15/05/2023;N;2023-05-09 00:00:00.000000;5168
DIRECTV LATIN AMERICA LLC;SKY-B1;1004523227;GEO;43,1 W;Ku;Subida ↑;14242;14278;36,00;Horizontal (H);15/05/2023;N;2023-05-09 00:00:00.000000;5168
DIRECTV LATIN AMERICA LLC;SKY-B1;1004523227;GEO;43,1 W;Ku;Descida ↓;11572;11608;36,00;Vertical (V);15/05/2023;N;2019-11-20 00:00:00.000000;7289
DIRECTV LATIN AMERICA LLC;SKY-B1;1004523227;GEO;43,1 W;Ku(AP30B);Descida ↓;10864;10900;36,00;Vertical (V);15/05/2023;N;2019-11-20 00:00:00.000000;7289
DIRECTV LATIN AMERICA LLC;SKY-B1;1004523227;GEO;43,1 W;Ku;Subida ↑;13956;13992;36,00;Vertical (V);15/05/2023;N;2017-06-29 00:00:00.000000;9995
DIRECTV LATIN AMERICA LLC;SKY-B1;1004523227;GEO;43,1 W;Ku;Subida ↑;14242;14278;36,00;Vertical (V);15/05/2023;N;2023-05-09 00:00:00.000000;5168
DIRECTV LATIN AMERICA LLC;SKY-B1;1004523227;GEO;43,1 W;Ku(AP30B);Descida ↓;11204;11240;36,00;Vertical (V);15/05/2023;N;2019-11-20 00:00:00.000000;7289
DIRECTV LATIN AMERICA LLC;SKY-B1;1004523227;GEO;43,1 W;Ku(AP30B);Descida ↓;10784;10820;36,00;Vertical (V);15/05/2023;N;2019-11-20 00:00:00.000000;7289
DIRECTV LATIN AMERICA LLC;SKY-B1;1004523227;GEO;43,1 W;Ku;Descida ↓;11532;11568;36,00;Vertical (V);15/05/2023;N;2019-11-20 00:00:00.000000;7289
DIRECTV LATIN AMERICA LLC;SKY-B1;1004523227;GEO;43,1 W;Ku;Descida ↓;12042;12078;36,00;Horizontal (H);15/05/2023;N;2023-05-09 00:00:00.000000;5168
DIRECTV LATIN AMERICA LLC;SKY-B1;1004523227;GEO;43,1 W;Ku;Subida ↑;13876;13912;36,00;Horizontal (H);15/05/2023;N;2019-11-20 00:00:00.000000;7289
DIRECTV LATIN AMERICA LLC;SKY-B1;1004523227;GEO;43,1 W;Ku;Descida ↓;11612;11648;36,00;Vertical (V);15/05/2023;N;2019-11-20 00:00:00.000000;7289
DIRECTV LATIN AMERICA LLC;SKY-B1;1004523227;GEO;43,1 W;Ku(AP30B);Subida ↑;13004;13040;36,00;Horizontal (H);15/05/2023;N;2019-11-20 00:00:00.000000;7289
DIRECTV LATIN AMERICA LLC;SKY-B1;1004523227;GEO;43,1 W;Ku;Subida ↑;14282;14318;36,00;Horizontal (H);15/05/2023;N;2023-05-09 00:00:00.000000;5168
DIRECTV LATIN AMERICA LLC;SKY-B1;1004523227;GEO;43,1 W;Ku;Subida ↑;14442;14478;36,00;Horizontal (H);15/05/2023;N;2023-05-09 00:00:00.000000;5168
DIRECTV LATIN AMERICA LLC;SKY-B1;1004523227;GEO;43,1 W;Ku(AP30B);Descida ↓;11404;11440;36,00;Horizontal (H);15/05/2023;N;2017-06-29 00:00:00.000000;9995
DIRECTV LATIN AMERICA LLC;SKY-B1;1004523227;GEO;43,1 W;Ku;Subida ↑;14202;14238;36,00;Horizontal (H);15/05/2023;N;2019-11-20 00:00:00.000000;7289
DIRECTV LATIN AMERICA LLC;SKY-B1;1004523227;GEO;43,1 W;Ku;Subida ↑;14362;14398;36,00;Horizontal (H);15/05/2023;N;2023-05-09 00:00:00.000000;5168
DIRECTV LATIN AMERICA LLC;SKY-B1;1004523227;GEO;43,1 W;Ku(AP30B);Subida ↑;13164;13200;36,00;Vertical (V);15/05/2023;N;2019-11-20 00:00:00.000000;7289
DIRECTV LATIN AMERICA LLC;SKY-B1;1004523227;GEO;43,1 W;Ku(AP30B);Subida ↑;13204;13240;36,00;Horizontal (H);15/05/2023;N;2019-11-20 00:00:00.000000;7289
DIRECTV LATIN AMERICA LLC;SKY-B1;1004523227;GEO;43,1 W;Ku;Subida ↑;14402;14438;36,00;Horizontal (H);15/05/2023;N;2023-05-09 00:00:00.000000;5168
DIRECTV LATIN AMERICA LLC;SKY-B1;1004523227;GEO;43,1 W;Ku(AP30B);Descida ↓;10704;10740;36,00;Vertical (V);15/05/2023;N;2019-11-20 00:00:00.000000;7289
DIRECTV LATIN AMERICA LLC;SKY-B1;1004523227;GEO;43,1 W;Ku;Subida ↑;14002;14038;36,00;Horizontal (H);15/05/2023;N;2019-11-20 00:00:00.000000;7289
ECHOSTAR GLOBAL AUSTRALIA PTY;Sistema Echostar Global;1016901515;NGEO; ;S;Subida ↑;1980;1995;15,00;Circular à direita (CR);06/10/2025;N;2024-06-03 00:00:00.000000;8519
ECHOSTAR GLOBAL AUSTRALIA PTY;Sistema Echostar Global;1016901515;NGEO; ;S;Descida ↓;2170;2185;15,00;Circular à direita (CR);06/10/2025;N;2024-06-03 00:00:00.000000;8519
EMBRATEL TVSAT TELECOMUNICAÇÕES S.A.;STARONE C2;689954506;GEO;65 W;C;Subida ↑;5887;5923;36,00;Vertical (V);06/11/2025;N;2025-11-03 00:00:00.000000;16384
EMBRATEL TVSAT TELECOMUNICAÇÕES S.A.;STARONE C2;689954506;GEO;65 W;C;Subida ↑;6207;6243;36,00;Vertical (V);06/11/2025;N;2025-11-03 00:00:00.000000;16384
EMBRATEL TVSAT TELECOMUNICAÇÕES S.A.;STARONE C2;689954506;GEO;65 W;C;Subida ↑;6247;6283;36,00;Vertical (V);06/11/2025;N;2025-11-03 00:00:00.000000;16384
EMBRATEL TVSAT TELECOMUNICAÇÕES S.A.;STARONE C2;689954506;GEO;65 W;C;Subida ↑;6367;6403;36,00;Vertical (V);06/11/2025;N;2025-11-03 00:00:00.000000;16384
EMBRATEL TVSAT TELECOMUNICAÇÕES S.A.;STARONE C2;689954506;GEO;65 W;Ku;Descida ↓;11942;11978;36,00;Vertical (V);06/11/2025;N;2018-07-05 00:00:00.000000;5073
EMBRATEL TVSAT TELECOMUNICAÇÕES S.A.;STARONE C2;689954506;GEO;65 W;Ku;Descida ↓;11152;11188;36,00;Vertical (V);06/11/2025;N;2018-07-05 00:00:00.000000;5073
EMBRATEL TVSAT TELECOMUNICAÇÕES S.A.;STARONE C2;689954506;GEO;65 W;C;Descida ↓;3922;3958;36,00;Vertical (V);06/11/2025;N;2025-11-03 00:00:00.000000;16384
EMBRATEL TVSAT TELECOMUNICAÇÕES S.A.;STARONE C2;689954506;GEO;65 W;C;Subida ↑;6147;6183;36,00;Horizontal (H);06/11/2025;N;2025-11-03 00:00:00.000000;16384
EMBRATEL TVSAT TELECOMUNICAÇÕES S.A.;STARONE C2;689954506;GEO;65 W;C;Subida ↑;6047;6083;36,00;Vertical (V);06/11/2025;N;2025-11-03 00:00:00.000000;16384
EMBRATEL TVSAT TELECOMUNICAÇÕES S.A.;STARONE C2;689954506;GEO;65 W;C;Subida ↑;6167;6203;36,00;Vertical (V);06/11/2025;N;2025-11-03 00:00:00.000000;16384
EMBRATEL TVSAT TELECOMUNICAÇÕES S.A.;STARONE C2;689954506;GEO;65 W;C;Subida ↑;6327;6363;36,00;Vertical (V);06/11/2025;N;2025-11-03 00:00:00.000000;16384
EMBRATEL TVSAT TELECOMUNICAÇÕES S.A.;STARONE C2;689954506;GEO;65 W;Ku;Descida ↓;11984;12056;72,00;Vertical (V);06/11/2025;N;2018-07-05 00:00:00.000000;5073
EMBRATEL TVSAT TELECOMUNICAÇÕES S.A.;STARONE C2;689954506;GEO;65 W;C;Descida ↓;3962;3998;36,00;Vertical (V);06/11/2025;N;2025-11-03 00:00:00.000000;16384
EMBRATEL TVSAT TELECOMUNICAÇÕES S.A.;STARONE C2;689954506;GEO;65 W;Ku;Subida ↑;14022;14058;36,00;Vertical (V);06/11/2025;N;2018-07-05 00:00:00.000000;5073
EMBRATEL TVSAT TELECOMUNICAÇÕES S.A.;STARONE C2;689954506;GEO;65 W;C;Subida ↑;6007;6043;36,00;Vertical (V);06/11/2025;N;2025-11-03 00:00:00.000000;16384
EMBRATEL TVSAT TELECOMUNICAÇÕES S.A.;STARONE C2;689954506;GEO;65 W;C;Descida ↓;3982;4018;36,00;Horizontal (H);06/11/2025;N;2025-11-03 00:00:00.000000;16384
EMBRATEL TVSAT TELECOMUNICAÇÕES S.A.;STARONE C2;689954506;GEO;65 W;C;Subida ↑;5850;5883;33,00;Vertical (V);06/11/2025;N;2025-11-03 00:00:00.000000;16384
EMBRATEL TVSAT TELECOMUNICAÇÕES S.A.;STARONE C2;689954506;GEO;65 W;C;Descida ↓;3902;3938;36,00;Horizontal (H);06/11/2025;N;2025-11-03 00:00:00.000000;16384
EMBRATEL TVSAT TELECOMUNICAÇÕES S.A.;STARONE C2;689954506;GEO;65 W;C;Subida ↑;6287;6323;36,00;Vertical (V);06/11/2025;N;2025-11-03 00:00:00.000000;16384
EMBRATEL TVSAT TELECOMUNICAÇÕES S.A.;STARONE C2;689954506;GEO;65 W;Ku;Descida ↓;12142;12178;36,00;Vertical (V);06/11/2025;N;2018-07-05 00:00:00.000000;5073
EMBRATEL TVSAT TELECOMUNICAÇÕES S.A.;STARONE C2;689954506;GEO;65 W;C;Descida ↓;3722;3758;36,00;Vertical (V);06/11/2025;N;2025-11-03 00:00:00.000000;16384
EMBRATEL TVSAT TELECOMUNICAÇÕES S.A.;STARONE C2;689954506;GEO;65 W;Ku;Subida ↑;14222;14258;36,00;Vertical (V);06/11/2025;N;2018-07-05 00:00:00.000000;5073
EMBRATEL TVSAT TELECOMUNICAÇÕES S.A.;STARONE C2;689954506;GEO;65 W;C;Descida ↓;4042;4078;36,00;Vertical (V);06/11/2025;N;2025-11-03 00:00:00.000000;16384
EMBRATEL TVSAT TELECOMUNICAÇÕES S.A.;STARONE C2;689954506;GEO;65 W;C;Descida ↓;4002;4038;36,00;Vertical (V);06/11/2025;N;2025-11-03 00:00:00.000000;16384
EMBRATEL TVSAT TELECOMUNICAÇÕES S.A.;STARONE C2;689954506;GEO;65 W;C;Descida ↓;3762;3798;36,00;Vertical (V);06/11/2025;N;2025-11-03 00:00:00.000000;16384
EMBRATEL TVSAT TELECOMUNICAÇÕES S.A.;STARONE C2;689954506;GEO;65 W;Ku;Descida ↓;12062;12098;36,00;Vertical (V);06/11/2025;N;2018-07-05 00:00:00.000000;5073
EMBRATEL TVSAT TELECOMUNICAÇÕES S.A.;STARONE C2;689954506;GEO;65 W;C;Descida ↓;4122;4158;36,00;Vertical (V);06/11/2025;N;2025-11-03 00:00:00.000000;16384
EMBRATEL TVSAT TELECOMUNICAÇÕES S.A.;STARONE C2;689954506;GEO;65 W;C;Descida ↓;3882;3918;36,00;Vertical (V);06/11/2025;N;2025-11-03 00:00:00.000000;16384
EMBRATEL TVSAT TELECOMUNICAÇÕES S.A.;STARONE C2;689954506;GEO;65 W;C;Descida ↓;3842;3878;36,00;Vertical (V);06/11/2025;N;2025-11-03 00:00:00.000000;16384
EMBRATEL TVSAT TELECOMUNICAÇÕES S.A.;STARONE C2;689954506;GEO;65 W;Ku;Descida ↓;12102;12138;36,00;Vertical (V);06/11/2025;N;2018-07-05 00:00:00.000000;5073
EMBRATEL TVSAT TELECOMUNICAÇÕES S.A.;STARONE C2;689954506;GEO;65 W;C;Descida ↓;4082;4118;36,00;Vertical (V);06/11/2025;N;2025-11-03 00:00:00.000000;16384
EMBRATEL TVSAT TELECOMUNICAÇÕES S.A.;STARONE C2;689954506;GEO;65 W;C;Descida ↓;4162;4198;36,00;Vertical (V);06/11/2025;N;2025-11-03 00:00:00.000000;16384
EMBRATEL TVSAT TELECOMUNICAÇÕES S.A.;STARONE C2;689954506;GEO;65 W;C;Subida ↑;6127;6163;36,00;Vertical (V);06/11/2025;N;2025-11-03 00:00:00.000000;16384
EMBRATEL TVSAT TELECOMUNICAÇÕES S.A.;STARONE C2;689954506;GEO;65 W;C;Descida ↓;4022;4058;36,00;Horizontal (H);06/11/2025;N;2025-11-03 00:00:00.000000;16384
EMBRATEL TVSAT TELECOMUNICAÇÕES S.A.;STARONE C2;689954506;GEO;65 W;C;Descida ↓;3802;3838;36,00;Vertical (V);06/11/2025;N;2025-11-03 00:00:00.000000;16384
EMBRATEL TVSAT TELECOMUNICAÇÕES S.A.;STARONE C2;689954506;GEO;65 W;C;Subida ↑;6227;6263;36,00;Horizontal (H);06/11/2025;N;2025-11-03 00:00:00.000000;16384
EMBRATEL TVSAT TELECOMUNICAÇÕES S.A.;STARONE C2;689954506;GEO;65 W;C;Descida ↓;4062;4098;36,00;Horizontal (H);06/11/2025;N;2025-11-03 00:00:00.000000;16384
EMBRATEL TVSAT TELECOMUNICAÇÕES S.A.;STARONE C2;689954506;GEO;65 W;C;Descida ↓;4102;4138;36,00;Horizontal (H);06/11/2025;N;2025-11-03 00:00:00.000000;16384
EMBRATEL TVSAT TELECOMUNICAÇÕES S.A.;STARONE C2;689954506;GEO;65 W;Ku;Subida ↑;14062;14098;36,00;Vertical (V);06/11/2025;N;2018-07-05 00:00:00.000000;5073
EMBRATEL TVSAT TELECOMUNICAÇÕES S.A.;STARONE C2;689954506;GEO;65 W;C;Descida ↓;3862;3898;36,00;Horizontal (H);06/11/2025;N;2025-11-03 00:00:00.000000;16384
EMBRATEL TVSAT TELECOMUNICAÇÕES S.A.;STARONE C2;689954506;GEO;65 W;Ku;Subida ↑;13917;13953;36,00;Horizontal (H);06/11/2025;N;2018-07-05 00:00:00.000000;5073
EMBRATEL TVSAT TELECOMUNICAÇÕES S.A.;STARONE C2;689954506;GEO;65 W;C;Subida ↑;5967;6003;36,00;Vertical (V);06/11/2025;N;2025-11-03 00:00:00.000000;16384
EMBRATEL TVSAT TELECOMUNICAÇÕES S.A.;STARONE C2;689954506;GEO;65 W;Ku;Descida ↓;10996;11032;36,00;Horizontal (H);06/11/2025;N;2018-07-05 00:00:00.000000;5073
EMBRATEL TVSAT TELECOMUNICAÇÕES S.A.;STARONE C2;689954506;GEO;65 W;C;Descida ↓;3942;3978;36,00;Horizontal (H);06/11/2025;N;2025-11-03 00:00:00.000000;16384
EMBRATEL TVSAT TELECOMUNICAÇÕES S.A.;STARONE C2;689954506;GEO;65 W;Ku;Subida ↑;13957;13993;36,00;Horizontal (H);06/11/2025;N;2018-07-05 00:00:00.000000;5073
EMBRATEL TVSAT TELECOMUNICAÇÕES S.A.;STARONE C2;689954506;GEO;65 W;C;Subida ↑;6387;6423;36,00;Horizontal (H);06/11/2025;N;2025-11-03 00:00:00.000000;16384
EMBRATEL TVSAT TELECOMUNICAÇÕES S.A.;STARONE C2;689954506;GEO;65 W;C;Descida ↓;3822;3858;36,00;Horizontal (H);06/11/2025;N;2025-11-03 00:00:00.000000;16384
EMBRATEL TVSAT TELECOMUNICAÇÕES S.A.;STARONE C2;689954506;GEO;65 W;Ku;Subida ↑;14284;14356;72,00;Horizontal (H);06/11/2025;N;2018-07-05 00:00:00.000000;5073
EMBRATEL TVSAT TELECOMUNICAÇÕES S.A.;STARONE C2;689954506;GEO;65 W;C;Descida ↓;3720;3738;18,00;Horizontal (H);06/11/2025;N;2025-11-03 00:00:00.000000;16384
EMBRATEL TVSAT TELECOMUNICAÇÕES S.A.;STARONE C2;689954506;GEO;65 W;C;Subida ↑;6267;6303;36,00;Horizontal (H);06/11/2025;N;2025-11-03 00:00:00.000000;16384
EMBRATEL TVSAT TELECOMUNICAÇÕES S.A.;STARONE C2;689954506;GEO;65 W;Ku;Subida ↑;13801;13837;36,00;Vertical (V);06/11/2025;N;2018-07-05 00:00:00.000000;5073
EMBRATEL TVSAT TELECOMUNICAÇÕES S.A.;STARONE C2;689954506;GEO;65 W;C;Subida ↑;6067;6103;36,00;Horizontal (H);06/11/2025;N;2025-11-03 00:00:00.000000;16384
EMBRATEL TVSAT TELECOMUNICAÇÕES S.A.;STARONE C2;689954506;GEO;65 W;Ku;Descida ↓;11802;11838;36,00;Horizontal (H);06/11/2025;N;2018-07-05 00:00:00.000000;5073
EMBRATEL TVSAT TELECOMUNICAÇÕES S.A.;STARONE C2;689954506;GEO;65 W;Ku;Descida ↓;11844;11916;72,00;Horizontal (H);06/11/2025;N;2018-07-05 00:00:00.000000;5073
EMBRATEL TVSAT TELECOMUNICAÇÕES S.A.;STARONE C2;689954506;GEO;65 W;C;Descida ↓;4142;4178;36,00;Horizontal (H);06/11/2025;N;2025-11-03 00:00:00.000000;16384
EMBRATEL TVSAT TELECOMUNICAÇÕES S.A.;STARONE C2;689954506;GEO;65 W;X;Subida ↑;7965;8025;60,00;Circular à direita (CR);06/11/2025;N;2025-11-03 00:00:00.000000;16384
EMBRATEL TVSAT TELECOMUNICAÇÕES S.A.;STARONE C2;689954506;GEO;65 W;C;Subida ↑;5867;5903;36,00;Horizontal (H);06/11/2025;N;2025-11-03 00:00:00.000000;16384
EMBRATEL TVSAT TELECOMUNICAÇÕES S.A.;STARONE C2;689954506;GEO;65 W;C;Subida ↑;6107;6143;36,00;Horizontal (H);06/11/2025;N;2025-11-03 00:00:00.000000;16384
EMBRATEL TVSAT TELECOMUNICAÇÕES S.A.;STARONE C2;689954506;GEO;65 W;Ku;Subida ↑;14442;14478;36,00;Horizontal (H);06/11/2025;N;2018-07-05 00:00:00.000000;5073
EMBRATEL TVSAT TELECOMUNICAÇÕES S.A.;STARONE C2;689954506;GEO;65 W;C;Subida ↑;6307;6343;36,00;Horizontal (H);06/11/2025;N;2025-11-03 00:00:00.000000;16384
EMBRATEL TVSAT TELECOMUNICAÇÕES S.A.;STARONE C2;689954506;GEO;65 W;C;Descida ↓;3742;3778;36,00;Horizontal (H);06/11/2025;N;2025-11-03 00:00:00.000000;16384
EMBRATEL TVSAT TELECOMUNICAÇÕES S.A.;STARONE C2;689954506;GEO;65 W;C;Descida ↓;3782;3818;36,00;Horizontal (H);06/11/2025;N;2025-11-03 00:00:00.000000;16384
EMBRATEL TVSAT TELECOMUNICAÇÕES S.A.;STARONE C2;689954506;GEO;65 W;C;Subida ↑;6187;6223;36,00;Horizontal (H);06/11/2025;N;2025-11-03 00:00:00.000000;16384
EMBRATEL TVSAT TELECOMUNICAÇÕES S.A.;STARONE C2;689954506;GEO;65 W;C;Subida ↑;5947;5983;36,00;Horizontal (H);06/11/2025;N;2025-11-03 00:00:00.000000;16384
EMBRATEL TVSAT TELECOMUNICAÇÕES S.A.;STARONE C2;689954506;GEO;65 W;X;Descida ↓;7315;7375;60,00;Circular à esquerda (CL);06/11/2025;N;2025-11-03 00:00:00.000000;16384
EMBRATEL TVSAT TELECOMUNICAÇÕES S.A.;STARONE C2;689954506;GEO;65 W;C;Subida ↑;6347;6383;36,00;Horizontal (H);06/11/2025;N;2025-11-03 00:00:00.000000;16384
EMBRATEL TVSAT TELECOMUNICAÇÕES S.A.;STARONE C2;689954506;GEO;65 W;Ku;Subida ↑;13761;13797;36,00;Vertical (V);06/11/2025;N;2018-07-05 00:00:00.000000;5073
EMBRATEL TVSAT TELECOMUNICAÇÕES S.A.;STARONE C2;689954506;GEO;65 W;Ku;Subida ↑;14362;14398;36,00;Horizontal (H);06/11/2025;N;2018-07-05 00:00:00.000000;5073
EMBRATEL TVSAT TELECOMUNICAÇÕES S.A.;STARONE C2;689954506;GEO;65 W;C;Subida ↑;5927;5963;36,00;Vertical (V);06/11/2025;N;2025-11-03 00:00:00.000000;16384
EMBRATEL TVSAT TELECOMUNICAÇÕES S.A.;STARONE C2;689954506;GEO;65 W;Ku;Subida ↑;14144;14216;72,00;Vertical (V);06/11/2025;N;2018-07-05 00:00:00.000000;5073
EMBRATEL TVSAT TELECOMUNICAÇÕES S.A.;STARONE C2;689954506;GEO;65 W;C;Subida ↑;6087;6123;36,00;Vertical (V);06/11/2025;N;2025-11-03 00:00:00.000000;16384
EMBRATEL TVSAT TELECOMUNICAÇÕES S.A.;STARONE C2;689954506;GEO;65 W;Ku;Subida ↑;14242;14278;36,00;Horizontal (H);06/11/2025;N;2018-07-05 00:00:00.000000;5073
EMBRATEL TVSAT TELECOMUNICAÇÕES S.A.;STARONE C2;689954506;GEO;65 W;Ku;Subida ↑;14102;14138;36,00;Vertical (V);06/11/2025;N;2018-07-05 00:00:00.000000;5073
EMBRATEL TVSAT TELECOMUNICAÇÕES S.A.;STARONE C2;689954506;GEO;65 W;Ku;Descida ↓;11112;11148;36,00;Vertical (V);06/11/2025;N;2018-07-05 00:00:00.000000;5073
EMBRATEL TVSAT TELECOMUNICAÇÕES S.A.;STARONE C2;689954506;GEO;65 W;Ku;Subida ↑;14402;14438;36,00;Horizontal (H);06/11/2025;N;2018-07-05 00:00:00.000000;5073
EMBRATEL TVSAT TELECOMUNICAÇÕES S.A.;STARONE C2;689954506;GEO;65 W;Ku;Descida ↓;11762;11798;36,00;Horizontal (H);06/11/2025;N;2018-07-05 00:00:00.000000;5073
EMBRATEL TVSAT TELECOMUNICAÇÕES S.A.;STARONE C2;689954506;GEO;65 W;Ku;Descida ↓;11922;11958;36,00;Horizontal (H);06/11/2025;N;2018-07-05 00:00:00.000000;5073
EMBRATEL TVSAT TELECOMUNICAÇÕES S.A.;STARONE C2;689954506;GEO;65 W;C;Subida ↑;5987;6023;36,00;Horizontal (H);06/11/2025;N;2025-11-03 00:00:00.000000;16384
EMBRATEL TVSAT TELECOMUNICAÇÕES S.A.;STARONE C2;689954506;GEO;65 W;C;Subida ↑;6027;6063;36,00;Horizontal (H);06/11/2025;N;2025-11-03 00:00:00.000000;16384
EMBRATEL TVSAT TELECOMUNICAÇÕES S.A.;STARONE C2;689954506;GEO;65 W;C;Subida ↑;5907;5943;36,00;Horizontal (H);06/11/2025;N;2025-11-03 00:00:00.000000;16384
EMBRATEL TVSAT TELECOMUNICAÇÕES S.A.;STARONE C2;689954506;GEO;65 W;Ku;Descida ↓;10956;10992;36,00;Horizontal (H);06/11/2025;N;2018-07-05 00:00:00.000000;5073
EMBRATEL TVSAT TELECOMUNICAÇÕES S.A.;STARONE C2;689954506;GEO;65 W;Ku;Descida ↓;11722;11758;36,00;Horizontal (H);06/11/2025;N;2018-07-05 00:00:00.000000;5073
EMBRATEL TVSAT TELECOMUNICAÇÕES S.A.;STARONE C3;698548906;GEO;75 W;Ku;Subida ↑;13763;13835;72,00;Vertical (V);23/06/2022;2029-04-30 00:00:00.000000;2022-02-15 00:00:00.000000;2566
EMBRATEL TVSAT TELECOMUNICAÇÕES S.A.;STARONE C3;698548906;GEO;75 W;Ku;Descida ↓;11114;11186;72,00;Vertical (V);23/06/2022;2029-04-30 00:00:00.000000;2022-02-15 00:00:00.000000;2566
EMBRATEL TVSAT TELECOMUNICAÇÕES S.A.;STARONE C3;698548906;GEO;75 W;Ku;Descida ↓;11034;11106;72,00;Vertical (V);23/06/2022;2029-04-30 00:00:00.000000;2022-02-15 00:00:00.000000;2566
EMBRATEL TVSAT TELECOMUNICAÇÕES S.A.;STARONE C3;698548906;GEO;75 W;C;Subida ↑;6147;6183;36,00;Horizontal (H);23/06/2022;2029-04-30 00:00:00.000000;2022-02-15 00:00:00.000000;2566
EMBRATEL TVSAT TELECOMUNICAÇÕES S.A.;STARONE C3;698548906;GEO;75 W;Ku;Subida ↑;13843;13915;72,00;Vertical (V);23/06/2022;2029-04-30 00:00:00.000000;2022-02-15 00:00:00.000000;2566
EMBRATEL TVSAT TELECOMUNICAÇÕES S.A.;STARONE C3;698548906;GEO;75 W;Ku;Descida ↓;12104;12176;72,00;Vertical (V);23/06/2022;2029-04-30 00:00:00.000000;2022-02-15 00:00:00.000000;2566
EMBRATEL TVSAT TELECOMUNICAÇÕES S.A.;STARONE C3;698548906;GEO;75 W;C;Descida ↓;4142;4178;36,00;Horizontal (H);23/06/2022;2029-04-30 00:00:00.000000;2022-02-15 00:00:00.000000;2566
EMBRATEL TVSAT TELECOMUNICAÇÕES S.A.;STARONE C3;698548906;GEO;75 W;Ku;Descida ↓;11944;12016;72,00;Vertical (V);23/06/2022;2029-04-30 00:00:00.000000;2022-02-15 00:00:00.000000;2566
EMBRATEL TVSAT TELECOMUNICAÇÕES S.A.;STARONE C3;698548906;GEO;75 W;C;Subida ↑;6227;6263;36,00;Horizontal (H);23/06/2022;2029-04-30 00:00:00.000000;2022-02-15 00:00:00.000000;2566
EMBRATEL TVSAT TELECOMUNICAÇÕES S.A.;STARONE C3;698548906;GEO;75 W;C;Descida ↓;4042;4078;36,00;Vertical (V);23/06/2022;2029-04-30 00:00:00.000000;2022-02-15 00:00:00.000000;2566
EMBRATEL TVSAT TELECOMUNICAÇÕES S.A.;STARONE C3;698548906;GEO;75 W;Ku;Descida ↓;10954;11026;72,00;Vertical (V);23/06/2022;2029-04-30 00:00:00.000000;2022-02-15 00:00:00.000000;2566
EMBRATEL TVSAT TELECOMUNICAÇÕES S.A.;STARONE C3;698548906;GEO;75 W;C;Subida ↑;6267;6303;36,00;Horizontal (H);23/06/2022;2029-04-30 00:00:00.000000;2022-02-15 00:00:00.000000;2566
EMBRATEL TVSAT TELECOMUNICAÇÕES S.A.;STARONE C3;698548906;GEO;75 W;C;Subida ↑;5925;5943;18,00;Horizontal (H);23/06/2022;2029-04-30 00:00:00.000000;2022-02-15 00:00:00.000000;2566
EMBRATEL TVSAT TELECOMUNICAÇÕES S.A.;STARONE C3;698548906;GEO;75 W;C;Subida ↑;5967;6003;36,00;Vertical (V);23/06/2022;2029-04-30 00:00:00.000000;2022-02-15 00:00:00.000000;2566
EMBRATEL TVSAT TELECOMUNICAÇÕES S.A.;STARONE C3;698548906;GEO;75 W;Ku;Subida ↑;13923;13995;72,00;Vertical (V);23/06/2022;2029-04-30 00:00:00.000000;2022-02-15 00:00:00.000000;2566
EMBRATEL TVSAT TELECOMUNICAÇÕES S.A.;STARONE C3;698548906;GEO;75 W;C;Subida ↑;6187;6223;36,00;Horizontal (H);23/06/2022;2029-04-30 00:00:00.000000;2022-02-15 00:00:00.000000;2566
EMBRATEL TVSAT TELECOMUNICAÇÕES S.A.;STARONE C3;698548906;GEO;75 W;C;Descida ↓;4122;4158;36,00;Vertical (V);23/06/2022;2029-04-30 00:00:00.000000;2022-02-15 00:00:00.000000;2566
EMBRATEL TVSAT TELECOMUNICAÇÕES S.A.;STARONE C3;698548906;GEO;75 W;Ku;Subida ↑;13759;13831;72,00;Horizontal (H);23/06/2022;2029-04-30 00:00:00.000000;2022-02-15 00:00:00.000000;2566
EMBRATEL TVSAT TELECOMUNICAÇÕES S.A.;STARONE C3;698548906;GEO;75 W;C;Subida ↑;6107;6143;36,00;Horizontal (H);23/06/2022;2029-04-30 00:00:00.000000;2022-02-15 00:00:00.000000;2566
EMBRATEL TVSAT TELECOMUNICAÇÕES S.A.;STARONE C3;698548906;GEO;75 W;Ku;Descida ↓;12044;12116;72,00;Horizontal (H);23/06/2022;2029-04-30 00:00:00.000000;2022-02-15 00:00:00.000000;2566
EMBRATEL TVSAT TELECOMUNICAÇÕES S.A.;STARONE C3;698548906;GEO;75 W;C;Subida ↑;6027;6063;36,00;Horizontal (H);23/06/2022;2029-04-30 00:00:00.000000;2022-02-15 00:00:00.000000;2566
EMBRATEL TVSAT TELECOMUNICAÇÕES S.A.;STARONE C3;698548906;GEO;75 W;C;Descida ↓;4062;4098;36,00;Horizontal (H);23/06/2022;2029-04-30 00:00:00.000000;2022-02-15 00:00:00.000000;2566
EMBRATEL TVSAT TELECOMUNICAÇÕES S.A.;STARONE C3;698548906;GEO;75 W;C;Descida ↓;3782;3818;36,00;Horizontal (H);23/06/2022;2029-04-30 00:00:00.000000;2022-02-15 00:00:00.000000;2566
EMBRATEL TVSAT TELECOMUNICAÇÕES S.A.;STARONE C3;698548906;GEO;75 W;C;Subida ↑;6067;6103;36,00;Horizontal (H);23/06/2022;2029-04-30 00:00:00.000000;2022-02-15 00:00:00.000000;2566
EMBRATEL TVSAT TELECOMUNICAÇÕES S.A.;STARONE C3;698548906;GEO;75 W;C;Subida ↑;5987;6023;36,00;Horizontal (H);23/06/2022;2029-04-30 00:00:00.000000;2022-02-15 00:00:00.000000;2566
EMBRATEL TVSAT TELECOMUNICAÇÕES S.A.;STARONE C3;698548906;GEO;75 W;Ku;Subida ↑;14024;14096;72,00;Vertical (V);23/06/2022;2029-04-30 00:00:00.000000;2022-02-15 00:00:00.000000;2566
EMBRATEL TVSAT TELECOMUNICAÇÕES S.A.;STARONE C3;698548906;GEO;75 W;Ku;Subida ↑;14424;14496;72,00;Vertical (V);23/06/2022;2029-04-30 00:00:00.000000;2022-02-15 00:00:00.000000;2566
EMBRATEL TVSAT TELECOMUNICAÇÕES S.A.;STARONE C3;698548906;GEO;75 W;Ku;Descida ↓;11864;11936;72,00;Vertical (V);23/06/2022;2029-04-30 00:00:00.000000;2022-02-15 00:00:00.000000;2566
EMBRATEL TVSAT TELECOMUNICAÇÕES S.A.;STARONE C3;698548906;GEO;75 W;C;Subida ↑;6327;6363;36,00;Vertical (V);23/06/2022;2029-04-30 00:00:00.000000;2022-02-15 00:00:00.000000;2566
EMBRATEL TVSAT TELECOMUNICAÇÕES S.A.;STARONE C3;698548906;GEO;75 W;C;Descida ↓;3862;3898;36,00;Horizontal (H);23/06/2022;2029-04-30 00:00:00.000000;2022-02-15 00:00:00.000000;2566
EMBRATEL TVSAT TELECOMUNICAÇÕES S.A.;STARONE C3;698548906;GEO;75 W;C;Descida ↓;4002;4038;36,00;Vertical (V);23/06/2022;2029-04-30 00:00:00.000000;2022-02-15 00:00:00.000000;2566
EMBRATEL TVSAT TELECOMUNICAÇÕES S.A.;STARONE C3;698548906;GEO;75 W;C;Subida ↑;5947;5983;36,00;Horizontal (H);23/06/2022;2029-04-30 00:00:00.000000;2022-02-15 00:00:00.000000;2566
EMBRATEL TVSAT TELECOMUNICAÇÕES S.A.;STARONE C3;698548906;GEO;75 W;C;Descida ↓;3962;3998;36,00;Vertical (V);23/06/2022;2029-04-30 00:00:00.000000;2022-02-15 00:00:00.000000;2566
EMBRATEL TVSAT TELECOMUNICAÇÕES S.A.;STARONE C3;698548906;GEO;75 W;C;Subida ↑;6367;6403;36,00;Vertical (V);23/06/2022;2029-04-30 00:00:00.000000;2022-02-15 00:00:00.000000;2566
EMBRATEL TVSAT TELECOMUNICAÇÕES S.A.;STARONE C3;698548906;GEO;75 W;Ku;Subida ↑;14004;14076;72,00;Horizontal (H);23/06/2022;2029-04-30 00:00:00.000000;2022-02-15 00:00:00.000000;2566
EMBRATEL TVSAT TELECOMUNICAÇÕES S.A.;STARONE C3;698548906;GEO;75 W;C;Descida ↓;3982;4018;36,00;Horizontal (H);23/06/2022;2029-04-30 00:00:00.000000;2022-02-15 00:00:00.000000;2566
EMBRATEL TVSAT TELECOMUNICAÇÕES S.A.;STARONE C3;698548906;GEO;75 W;C;Descida ↓;3822;3858;36,00;Horizontal (H);23/06/2022;2029-04-30 00:00:00.000000;2022-02-15 00:00:00.000000;2566
EMBRATEL TVSAT TELECOMUNICAÇÕES S.A.;STARONE C3;698548906;GEO;75 W;C;Subida ↑;6347;6383;36,00;Horizontal (H);23/06/2022;2029-04-30 00:00:00.000000;2022-02-15 00:00:00.000000;2566
EMBRATEL TVSAT TELECOMUNICAÇÕES S.A.;STARONE C3;698548906;GEO;75 W;C;Descida ↓;3902;3938;36,00;Horizontal (H);23/06/2022;2029-04-30 00:00:00.000000;2022-02-15 00:00:00.000000;2566
EMBRATEL TVSAT TELECOMUNICAÇÕES S.A.;STARONE C3;698548906;GEO;75 W;C;Descida ↓;3922;3958;36,00;Vertical (V);23/06/2022;2029-04-30 00:00:00.000000;2022-02-15 00:00:00.000000;2566
EMBRATEL TVSAT TELECOMUNICAÇÕES S.A.;STARONE C3;698548906;GEO;75 W;C;Subida ↑;6207;6243;36,00;Vertical (V);23/06/2022;2029-04-30 00:00:00.000000;2022-02-15 00:00:00.000000;2566
EMBRATEL TVSAT TELECOMUNICAÇÕES S.A.;STARONE C3;698548906;GEO;75 W;C;Descida ↓;3802;3838;36,00;Vertical (V);23/06/2022;2029-04-30 00:00:00.000000;2022-02-15 00:00:00.000000;2566
EMBRATEL TVSAT TELECOMUNICAÇÕES S.A.;STARONE C3;698548906;GEO;75 W;C;Subida ↑;6087;6123;36,00;Vertical (V);23/06/2022;2029-04-30 00:00:00.000000;2022-02-15 00:00:00.000000;2566
EMBRATEL TVSAT TELECOMUNICAÇÕES S.A.;STARONE C3;698548906;GEO;75 W;C;Descida ↓;4082;4118;36,00;Vertical (V);23/06/2022;2029-04-30 00:00:00.000000;2022-02-15 00:00:00.000000;2566
EMBRATEL TVSAT TELECOMUNICAÇÕES S.A.;STARONE C3;698548906;GEO;75 W;C;Subida ↑;5927;5963;36,00;Vertical (V);23/06/2022;2029-04-30 00:00:00.000000;2022-02-15 00:00:00.000000;2566
EMBRATEL TVSAT TELECOMUNICAÇÕES S.A.;STARONE C3;698548906;GEO;75 W;C;Descida ↓;3882;3918;36,00;Vertical (V);23/06/2022;2029-04-30 00:00:00.000000;2022-02-15 00:00:00.000000;2566
EMBRATEL TVSAT TELECOMUNICAÇÕES S.A.;STARONE C3;698548906;GEO;75 W;Ku;Subida ↑;14104;14176;72,00;Vertical (V);23/06/2022;2029-04-30 00:00:00.000000;2022-02-15 00:00:00.000000;2566
EMBRATEL TVSAT TELECOMUNICAÇÕES S.A.;STARONE C3;698548906;GEO;75 W;Ku;Subida ↑;14184;14256;72,00;Vertical (V);23/06/2022;2029-04-30 00:00:00.000000;2022-02-15 00:00:00.000000;2566
EMBRATEL TVSAT TELECOMUNICAÇÕES S.A.;STARONE C3;698548906;GEO;75 W;C;Descida ↓;3842;3878;36,00;Vertical (V);23/06/2022;2029-04-30 00:00:00.000000;2022-02-15 00:00:00.000000;2566
EMBRATEL TVSAT TELECOMUNICAÇÕES S.A.;STARONE C3;698548906;GEO;75 W;Ku;Subida ↑;14344;14416;72,00;Vertical (V);23/06/2022;2029-04-30 00:00:00.000000;2022-02-15 00:00:00.000000;2566
EMBRATEL TVSAT TELECOMUNICAÇÕES S.A.;STARONE C3;698548906;GEO;75 W;C;Subida ↑;6307;6343;36,00;Horizontal (H);23/06/2022;2029-04-30 00:00:00.000000;2022-02-15 00:00:00.000000;2566
EMBRATEL TVSAT TELECOMUNICAÇÕES S.A.;STARONE C3;698548906;GEO;75 W;C;Descida ↓;3942;3978;36,00;Horizontal (H);23/06/2022;2029-04-30 00:00:00.000000;2022-02-15 00:00:00.000000;2566
EMBRATEL TVSAT TELECOMUNICAÇÕES S.A.;STARONE C3;698548906;GEO;75 W;C;Descida ↓;4022;4058;36,00;Horizontal (H);23/06/2022;2029-04-30 00:00:00.000000;2022-02-15 00:00:00.000000;2566
EMBRATEL TVSAT TELECOMUNICAÇÕES S.A.;STARONE C3;698548906;GEO;75 W;C;Subida ↑;6247;6283;36,00;Vertical (V);23/06/2022;2029-04-30 00:00:00.000000;2022-02-15 00:00:00.000000;2566
EMBRATEL TVSAT TELECOMUNICAÇÕES S.A.;STARONE C3;698548906;GEO;75 W;C;Descida ↓;4102;4138;36,00;Horizontal (H);23/06/2022;2029-04-30 00:00:00.000000;2022-02-15 00:00:00.000000;2566
EMBRATEL TVSAT TELECOMUNICAÇÕES S.A.;STARONE C3;698548906;GEO;75 W;C;Descida ↓;3722;3758;36,00;Vertical (V);23/06/2022;2029-04-30 00:00:00.000000;2022-02-15 00:00:00.000000;2566
EMBRATEL TVSAT TELECOMUNICAÇÕES S.A.;STARONE C3;698548906;GEO;75 W;C;Subida ↑;6047;6083;36,00;Vertical (V);23/06/2022;2029-04-30 00:00:00.000000;2022-02-15 00:00:00.000000;2566
EMBRATEL TVSAT TELECOMUNICAÇÕES S.A.;STARONE C3;698548906;GEO;75 W;C;Subida ↑;6007;6043;36,00;Vertical (V);23/06/2022;2029-04-30 00:00:00.000000;2022-02-15 00:00:00.000000;2566
EMBRATEL TVSAT TELECOMUNICAÇÕES S.A.;STARONE C3;698548906;GEO;75 W;C;Descida ↓;3762;3798;36,00;Vertical (V);23/06/2022;2029-04-30 00:00:00.000000;2022-02-15 00:00:00.000000;2566
EMBRATEL TVSAT TELECOMUNICAÇÕES S.A.;STARONE C3;698548906;GEO;75 W;C;Subida ↑;6127;6163;36,00;Vertical (V);23/06/2022;2029-04-30 00:00:00.000000;2022-02-15 00:00:00.000000;2566
EMBRATEL TVSAT TELECOMUNICAÇÕES S.A.;STARONE C3;698548906;GEO;75 W;Ku;Subida ↑;14244;14316;72,00;Horizontal (H);23/06/2022;2029-04-30 00:00:00.000000;2022-02-15 00:00:00.000000;2566
EMBRATEL TVSAT TELECOMUNICAÇÕES S.A.;STARONE C3;698548906;GEO;75 W;Ku;Descida ↓;11724;11796;72,00;Horizontal (H);23/06/2022;2029-04-30 00:00:00.000000;2022-02-15 00:00:00.000000;2566
EMBRATEL TVSAT TELECOMUNICAÇÕES S.A.;STARONE C3;698548906;GEO;75 W;C;Subida ↑;6167;6203;36,00;Vertical (V);23/06/2022;2029-04-30 00:00:00.000000;2022-02-15 00:00:00.000000;2566
EMBRATEL TVSAT TELECOMUNICAÇÕES S.A.;STARONE C3;698548906;GEO;75 W;Ku;Subida ↑;14164;14236;72,00;Horizontal (H);23/06/2022;2029-04-30 00:00:00.000000;2022-02-15 00:00:00.000000;2566
EMBRATEL TVSAT TELECOMUNICAÇÕES S.A.;STARONE C3;698548906;GEO;75 W;Ku;Descida ↓;11704;11776;72,00;Vertical (V);23/06/2022;2029-04-30 00:00:00.000000;2022-02-15 00:00:00.000000;2566
EMBRATEL TVSAT TELECOMUNICAÇÕES S.A.;STARONE C3;698548906;GEO;75 W;C;Subida ↑;6287;6323;36,00;Vertical (V);23/06/2022;2029-04-30 00:00:00.000000;2022-02-15 00:00:00.000000;2566
EMBRATEL TVSAT TELECOMUNICAÇÕES S.A.;STARONE C3;698548906;GEO;75 W;C;Descida ↓;4162;4198;36,00;Vertical (V);23/06/2022;2029-04-30 00:00:00.000000;2022-02-15 00:00:00.000000;2566
EMBRATEL TVSAT TELECOMUNICAÇÕES S.A.;STARONE C3;698548906;GEO;75 W;Ku;Descida ↓;12024;12096;72,00;Vertical (V);23/06/2022;2029-04-30 00:00:00.000000;2022-02-15 00:00:00.000000;2566
EMBRATEL TVSAT TELECOMUNICAÇÕES S.A.;STARONE C3;698548906;GEO;75 W;Ku;Subida ↑;14324;14396;72,00;Horizontal (H);23/06/2022;2029-04-30 00:00:00.000000;2022-02-15 00:00:00.000000;2566
EMBRATEL TVSAT TELECOMUNICAÇÕES S.A.;STARONE C3;698548906;GEO;75 W;Ku;Descida ↓;10958;11030;72,00;Horizontal (H);23/06/2022;2029-04-30 00:00:00.000000;2022-02-15 00:00:00.000000;2566
EMBRATEL TVSAT TELECOMUNICAÇÕES S.A.;STARONE C3;698548906;GEO;75 W;Ku;Descida ↓;11784;11856;72,00;Vertical (V);23/06/2022;2029-04-30 00:00:00.000000;2022-02-15 00:00:00.000000;2566
EMBRATEL TVSAT TELECOMUNICAÇÕES S.A.;STARONE C3;698548906;GEO;75 W;Ku;Subida ↑;14264;14336;72,00;Vertical (V);23/06/2022;2029-04-30 00:00:00.000000;2022-02-15 00:00:00.000000;2566
EMBRATEL TVSAT TELECOMUNICAÇÕES S.A.;STARONE C3;698548906;GEO;75 W;Ku;Descida ↓;11884;11956;72,00;Horizontal (H);23/06/2022;2029-04-30 00:00:00.000000;2022-02-15 00:00:00.000000;2566
EMBRATEL TVSAT TELECOMUNICAÇÕES S.A.;STARONE C3;698548906;GEO;75 W;Ku;Descida ↓;11118;11190;72,00;Horizontal (H);23/06/2022;2029-04-30 00:00:00.000000;2022-02-15 00:00:00.000000;2566
EMBRATEL TVSAT TELECOMUNICAÇÕES S.A.;STARONE C3;698548906;GEO;75 W;Ku;Subida ↑;13839;13911;72,00;Horizontal (H);23/06/2022;2029-04-30 00:00:00.000000;2022-02-15 00:00:00.000000;2566
EMBRATEL TVSAT TELECOMUNICAÇÕES S.A.;STARONE C3;698548906;GEO;75 W;Ku;Descida ↓;12124;12196;72,00;Horizontal (H);23/06/2022;2029-04-30 00:00:00.000000;2022-02-15 00:00:00.000000;2566
EMBRATEL TVSAT TELECOMUNICAÇÕES S.A.;STARONE C3;698548906;GEO;75 W;Ku;Subida ↑;13919;13991;72,00;Horizontal (H);23/06/2022;2029-04-30 00:00:00.000000;2022-02-15 00:00:00.000000;2566
EMBRATEL TVSAT TELECOMUNICAÇÕES S.A.;STARONE C3;698548906;GEO;75 W;Ku;Subida ↑;14084;14156;72,00;Horizontal (H);23/06/2022;2029-04-30 00:00:00.000000;2022-02-15 00:00:00.000000;2566
EMBRATEL TVSAT TELECOMUNICAÇÕES S.A.;STARONE C3;698548906;GEO;75 W;C;Descida ↓;3720;3738;18,00;Horizontal (H);23/06/2022;2029-04-30 00:00:00.000000;2022-02-15 00:00:00.000000;2566
EMBRATEL TVSAT TELECOMUNICAÇÕES S.A.;STARONE C3;698548906;GEO;75 W;C;Descida ↓;3742;3778;36,00;Horizontal (H);23/06/2022;2029-04-30 00:00:00.000000;2022-02-15 00:00:00.000000;2566
EMBRATEL TVSAT TELECOMUNICAÇÕES S.A.;STARONE C3;698548906;GEO;75 W;C;Subida ↑;6387;6423;36,00;Horizontal (H);23/06/2022;2029-04-30 00:00:00.000000;2022-02-15 00:00:00.000000;2566
EMBRATEL TVSAT TELECOMUNICAÇÕES S.A.;STARONE C3;698548906;GEO;75 W;Ku;Descida ↓;11038;11110;72,00;Horizontal (H);23/06/2022;2029-04-30 00:00:00.000000;2022-02-15 00:00:00.000000;2566
EMBRATEL TVSAT TELECOMUNICAÇÕES S.A.;STARONE C3;698548906;GEO;75 W;Ku;Descida ↓;11804;11876;72,00;Horizontal (H);23/06/2022;2029-04-30 00:00:00.000000;2022-02-15 00:00:00.000000;2566
EMBRATEL TVSAT TELECOMUNICAÇÕES S.A.;STARONE C3;698548906;GEO;75 W;Ku;Descida ↓;11964;12036;72,00;Horizontal (H);23/06/2022;2029-04-30 00:00:00.000000;2022-02-15 00:00:00.000000;2566
EMBRATEL TVSAT TELECOMUNICAÇÕES S.A.;STARONE C3;698548906;GEO;75 W;Ku;Subida ↑;14404;14476;72,00;Horizontal (H);23/06/2022;2029-04-30 00:00:00.000000;2022-02-15 00:00:00.000000;2566
EMBRATEL TVSAT TELECOMUNICAÇÕES S.A.;STARONE D2;690456336;GEO;70 W;C;Descida ↓;3962;3998;36,00;Vertical (V);07/11/2025;N;2025-11-03 00:00:00.000000;16386
EMBRATEL TVSAT TELECOMUNICAÇÕES S.A.;STARONE D2;690456336;GEO;70 W;X;Subida ↑;8216;8252;36,00;Circular à direita (CR);07/11/2025;N;2022-11-22 00:00:00.000000;16036
EMBRATEL TVSAT TELECOMUNICAÇÕES S.A.;STARONE D2;690456336;GEO;70 W;C;Descida ↓;3902;3938;36,00;Horizontal (H);07/11/2025;N;2025-11-03 00:00:00.000000;16386
EMBRATEL TVSAT TELECOMUNICAÇÕES S.A.;STARONE D2;690456336;GEO;70 W;C;Descida ↓;4062;4098;36,00;Horizontal (H);07/11/2025;N;2025-11-03 00:00:00.000000;16386
EMBRATEL TVSAT TELECOMUNICAÇÕES S.A.;STARONE D2;690456336;GEO;70 W;Ku;Subida ↑;14162;14198;36,00;Horizontal (H);07/11/2025;N;2022-11-22 00:00:00.000000;16036
EMBRATEL TVSAT TELECOMUNICAÇÕES S.A.;STARONE D2;690456336;GEO;70 W;C;Subida ↑;5867;5903;36,00;Horizontal (H);07/11/2025;N;2025-11-03 00:00:00.000000;16386
EMBRATEL TVSAT TELECOMUNICAÇÕES S.A.;STARONE D2;690456336;GEO;70 W;Ka;Subida ↑;29555;29745;190,00;Circular à direita (CR);07/11/2025;N;2012-02-24 00:00:00.000000;1073
EMBRATEL TVSAT TELECOMUNICAÇÕES S.A.;STARONE D2;690456336;GEO;70 W;C;Subida ↑;6067;6103;36,00;Horizontal (H);07/11/2025;N;2025-11-03 00:00:00.000000;16386
EMBRATEL TVSAT TELECOMUNICAÇÕES S.A.;STARONE D2;690456336;GEO;70 W;Ku;Subida ↑;14322;14358;36,00;Horizontal (H);07/11/2025;N;2022-11-22 00:00:00.000000;16036
EMBRATEL TVSAT TELECOMUNICAÇÕES S.A.;STARONE D2;690456336;GEO;70 W;Ku;Descida ↓;12142;12178;36,00;Vertical (V);07/11/2025;N;2022-11-22 00:00:00.000000;16036
EMBRATEL TVSAT TELECOMUNICAÇÕES S.A.;STARONE D2;690456336;GEO;70 W;Ku;Descida ↓;11882;11918;36,00;Horizontal (H);07/11/2025;N;2022-11-22 00:00:00.000000;16036
EMBRATEL TVSAT TELECOMUNICAÇÕES S.A.;STARONE D2;690456336;GEO;70 W;Ku;Descida ↓;11922;11958;36,00;Horizontal (H);07/11/2025;N;2022-11-22 00:00:00.000000;16036
EMBRATEL TVSAT TELECOMUNICAÇÕES S.A.;STARONE D2;690456336;GEO;70 W;Ku;Descida ↓;12102;12138;36,00;Vertical (V);07/11/2025;N;2022-11-22 00:00:00.000000;16036
EMBRATEL TVSAT TELECOMUNICAÇÕES S.A.;STARONE D2;690456336;GEO;70 W;C;Descida ↓;4142;4178;36,00;Horizontal (H);07/11/2025;N;2025-11-03 00:00:00.000000;16386
EMBRATEL TVSAT TELECOMUNICAÇÕES S.A.;STARONE D2;690456336;GEO;70 W;C;Descida ↓;3842;3878;36,00;Vertical (V);07/11/2025;N;2025-11-03 00:00:00.000000;16386
EMBRATEL TVSAT TELECOMUNICAÇÕES S.A.;STARONE D2;690456336;GEO;70 W;Ku;Subida ↑;14022;14058;36,00;Vertical (V);07/11/2025;N;2022-11-22 00:00:00.000000;16036
EMBRATEL TVSAT TELECOMUNICAÇÕES S.A.;STARONE D2;690456336;GEO;70 W;Ku;Subida ↑;14062;14098;36,00;Vertical (V);07/11/2025;N;2022-11-22 00:00:00.000000;16036
EMBRATEL TVSAT TELECOMUNICAÇÕES S.A.;STARONE D2;690456336;GEO;70 W;Ku;Subida ↑;14242;14278;36,00;Horizontal (H);07/11/2025;N;2022-11-22 00:00:00.000000;16036
EMBRATEL TVSAT TELECOMUNICAÇÕES S.A.;STARONE D2;690456336;GEO;70 W;C;Subida ↑;6087;6123;36,00;Vertical (V);07/11/2025;N;2025-11-03 00:00:00.000000;16386
EMBRATEL TVSAT TELECOMUNICAÇÕES S.A.;STARONE D2;690456336;GEO;70 W;Ku;Descida ↓;11742;11778;36,00;Vertical (V);07/11/2025;N;2022-11-22 00:00:00.000000;16036
EMBRATEL TVSAT TELECOMUNICAÇÕES S.A.;STARONE D2;690456336;GEO;70 W;Ku;Subida ↑;14462;14498;36,00;Vertical (V);07/11/2025;N;2022-11-22 00:00:00.000000;16036
EMBRATEL TVSAT TELECOMUNICAÇÕES S.A.;STARONE D2;690456336;GEO;70 W;Ku;Descida ↓;11862;11898;36,00;Vertical (V);07/11/2025;N;2022-11-22 00:00:00.000000;16036
EMBRATEL TVSAT TELECOMUNICAÇÕES S.A.;STARONE D2;690456336;GEO;70 W;Ku;Descida ↓;11982;12018;36,00;Vertical (V);07/11/2025;N;2022-11-22 00:00:00.000000;16036
EMBRATEL TVSAT TELECOMUNICAÇÕES S.A.;STARONE D2;690456336;GEO;70 W;C;Subida ↑;6127;6163;36,00;Vertical (V);07/11/2025;N;2025-11-03 00:00:00.000000;16386
EMBRATEL TVSAT TELECOMUNICAÇÕES S.A.;STARONE D2;690456336;GEO;70 W;Ka;Subida ↑;28860;29340;480,00;Circular à esquerda (CL);07/11/2025;N;2012-02-24 00:00:00.000000;1073
EMBRATEL TVSAT TELECOMUNICAÇÕES S.A.;STARONE D2;690456336;GEO;70 W;Ku;Subida ↑;14422;14458;36,00;Vertical (V);07/11/2025;N;2022-11-22 00:00:00.000000;16036
EMBRATEL TVSAT TELECOMUNICAÇÕES S.A.;STARONE D2;690456336;GEO;70 W;Ku;Subida ↑;14342;14378;36,00;Vertical (V);07/11/2025;N;2022-11-22 00:00:00.000000;16036
EMBRATEL TVSAT TELECOMUNICAÇÕES S.A.;STARONE D2;690456336;GEO;70 W;Ku;Subida ↑;14442;14478;36,00;Horizontal (H);07/11/2025;N;2022-11-22 00:00:00.000000;16036
EMBRATEL TVSAT TELECOMUNICAÇÕES S.A.;STARONE D2;690456336;GEO;70 W;C;Descida ↓;4162;4198;36,00;Vertical (V);07/11/2025;N;2025-11-03 00:00:00.000000;16386
EMBRATEL TVSAT TELECOMUNICAÇÕES S.A.;STARONE D2;690456336;GEO;70 W;Ku;Descida ↓;12002;12038;36,00;Horizontal (H);07/11/2025;N;2022-11-22 00:00:00.000000;16036
EMBRATEL TVSAT TELECOMUNICAÇÕES S.A.;STARONE D2;690456336;GEO;70 W;X;Descida ↓;7515;7551;36,00;Circular à esquerda (CL);07/11/2025;N;2022-11-22 00:00:00.000000;16036
EMBRATEL TVSAT TELECOMUNICAÇÕES S.A.;STARONE D2;690456336;GEO;70 W;X;Descida ↓;7566;7602;36,00;Circular à esquerda (CL);07/11/2025;N;2022-11-22 00:00:00.000000;16036
EMBRATEL TVSAT TELECOMUNICAÇÕES S.A.;STARONE D2;690456336;GEO;70 W;Ka;Subida ↑;29805;29995;190,00;Circular à esquerda (CL);07/11/2025;N;2012-02-24 00:00:00.000000;1073
EMBRATEL TVSAT TELECOMUNICAÇÕES S.A.;STARONE D2;690456336;GEO;70 W;C;Subida ↑;5987;6023;36,00;Horizontal (H);07/11/2025;N;2025-11-03 00:00:00.000000;16386
EMBRATEL TVSAT TELECOMUNICAÇÕES S.A.;STARONE D2;690456336;GEO;70 W;Ku;Subida ↑;14362;14398;36,00;Horizontal (H);07/11/2025;N;2022-11-22 00:00:00.000000;16036
EMBRATEL TVSAT TELECOMUNICAÇÕES S.A.;STARONE D2;690456336;GEO;70 W;Ku;Subida ↑;14042;14078;36,00;Horizontal (H);07/11/2025;N;2022-11-22 00:00:00.000000;16036
EMBRATEL TVSAT TELECOMUNICAÇÕES S.A.;STARONE D2;690456336;GEO;70 W;Ku;Descida ↓;11842;11878;36,00;Horizontal (H);07/11/2025;N;2022-11-22 00:00:00.000000;16036
EMBRATEL TVSAT TELECOMUNICAÇÕES S.A.;STARONE D2;690456336;GEO;70 W;Ku;Descida ↓;12062;12098;36,00;Vertical (V);07/11/2025;N;2022-11-22 00:00:00.000000;16036
EMBRATEL TVSAT TELECOMUNICAÇÕES S.A.;STARONE D2;690456336;GEO;70 W;Ku;Subida ↑;14102;14138;36,00;Vertical (V);07/11/2025;N;2022-11-22 00:00:00.000000;16036
EMBRATEL TVSAT TELECOMUNICAÇÕES S.A.;STARONE D2;690456336;GEO;70 W;Ku;Descida ↓;11942;11978;36,00;Vertical (V);07/11/2025;N;2022-11-22 00:00:00.000000;16036
EMBRATEL TVSAT TELECOMUNICAÇÕES S.A.;STARONE D2;690456336;GEO;70 W;Ka;Subida ↑;28310;28790;480,00;Circular à direita (CR);07/11/2025;N;2012-02-24 00:00:00.000000;1073
EMBRATEL TVSAT TELECOMUNICAÇÕES S.A.;STARONE D2;690456336;GEO;70 W;Ka;Descida ↓;18110;18590;480,00;Circular à direita (CR);07/11/2025;N;2012-02-24 00:00:00.000000;1073
EMBRATEL TVSAT TELECOMUNICAÇÕES S.A.;STARONE D2;690456336;GEO;70 W;Ku;Descida ↓;11722;11758;36,00;Horizontal (H);07/11/2025;N;2022-11-22 00:00:00.000000;16036
EMBRATEL TVSAT TELECOMUNICAÇÕES S.A.;STARONE D2;690456336;GEO;70 W;C;Descida ↓;4042;4078;36,00;Vertical (V);07/11/2025;N;2025-11-03 00:00:00.000000;16386
EMBRATEL TVSAT TELECOMUNICAÇÕES S.A.;STARONE D2;690456336;GEO;70 W;Ka;Subida ↑;29805;29995;190,00;Circular à direita (CR);07/11/2025;N;2012-02-24 00:00:00.000000;1073
EMBRATEL TVSAT TELECOMUNICAÇÕES S.A.;STARONE D2;690456336;GEO;70 W;Ku;Subida ↑;14262;14298;36,00;Vertical (V);07/11/2025;N;2022-11-22 00:00:00.000000;16036
EMBRATEL TVSAT TELECOMUNICAÇÕES S.A.;STARONE D2;690456336;GEO;70 W;Ka;Descida ↓;19710;20190;480,00;Circular à direita (CR);07/11/2025;N;2012-02-24 00:00:00.000000;1073
EMBRATEL TVSAT TELECOMUNICAÇÕES S.A.;STARONE D2;690456336;GEO;70 W;Ka;Descida ↓;19430;19620;190,00;Circular à direita (CR);07/11/2025;N;2012-02-24 00:00:00.000000;1073
EMBRATEL TVSAT TELECOMUNICAÇÕES S.A.;STARONE D2;690456336;GEO;70 W;Ka;Subida ↑;28860;29340;480,00;Circular à direita (CR);07/11/2025;N;2012-02-24 00:00:00.000000;1073
EMBRATEL TVSAT TELECOMUNICAÇÕES S.A.;STARONE D2;690456336;GEO;70 W;Ku;Subida ↑;14182;14218;36,00;Vertical (V);07/11/2025;N;2022-11-22 00:00:00.000000;16036
EMBRATEL TVSAT TELECOMUNICAÇÕES S.A.;STARONE D2;690456336;GEO;70 W;Ku;Subida ↑;14142;14178;36,00;Vertical (V);07/11/2025;N;2022-11-22 00:00:00.000000;16036
EMBRATEL TVSAT TELECOMUNICAÇÕES S.A.;STARONE D2;690456336;GEO;70 W;Ka;Descida ↓;18930;19120;190,00;Circular à direita (CR);07/11/2025;N;2012-02-24 00:00:00.000000;1073
EMBRATEL TVSAT TELECOMUNICAÇÕES S.A.;STARONE D2;690456336;GEO;70 W;Ka;Descida ↓;19180;19370;190,00;Circular à direita (CR);07/11/2025;N;2012-02-24 00:00:00.000000;1073
EMBRATEL TVSAT TELECOMUNICAÇÕES S.A.;STARONE D2;690456336;GEO;70 W;Ku;Subida ↑;14282;14318;36,00;Horizontal (H);07/11/2025;N;2022-11-22 00:00:00.000000;16036
EMBRATEL TVSAT TELECOMUNICAÇÕES S.A.;STARONE D2;690456336;GEO;70 W;Ka;Subida ↑;27760;28240;480,00;Circular à direita (CR);07/11/2025;N;2012-02-24 00:00:00.000000;1073
EMBRATEL TVSAT TELECOMUNICAÇÕES S.A.;STARONE D2;690456336;GEO;70 W;Ka;Descida ↓;18680;18870;190,00;Circular à direita (CR);07/11/2025;N;2012-02-24 00:00:00.000000;1073
EMBRATEL TVSAT TELECOMUNICAÇÕES S.A.;STARONE D2;690456336;GEO;70 W;Ku;Descida ↓;11782;11818;36,00;Vertical (V);07/11/2025;N;2022-11-22 00:00:00.000000;16036
EMBRATEL TVSAT TELECOMUNICAÇÕES S.A.;STARONE D2;690456336;GEO;70 W;C;Subida ↑;6287;6323;36,00;Vertical (V);07/11/2025;N;2025-11-03 00:00:00.000000;16386
EMBRATEL TVSAT TELECOMUNICAÇÕES S.A.;STARONE D2;690456336;GEO;70 W;C;Descida ↓;3822;3858;36,00;Horizontal (H);07/11/2025;N;2025-11-03 00:00:00.000000;16386
EMBRATEL TVSAT TELECOMUNICAÇÕES S.A.;STARONE D2;690456336;GEO;70 W;Ku;Subida ↑;14402;14438;36,00;Horizontal (H);07/11/2025;N;2022-11-22 00:00:00.000000;16036
EMBRATEL TVSAT TELECOMUNICAÇÕES S.A.;STARONE D2;690456336;GEO;70 W;Ku;Subida ↑;14002;14038;36,00;Horizontal (H);07/11/2025;N;2022-11-22 00:00:00.000000;16036
EMBRATEL TVSAT TELECOMUNICAÇÕES S.A.;STARONE D2;690456336;GEO;70 W;C;Subida ↑;5850;5883;33,00;Vertical (V);07/11/2025;N;2025-11-03 00:00:00.000000;16386
EMBRATEL TVSAT TELECOMUNICAÇÕES S.A.;STARONE D2;690456336;GEO;70 W;C;Descida ↓;4082;4118;36,00;Vertical (V);07/11/2025;N;2025-11-03 00:00:00.000000;16386
EMBRATEL TVSAT TELECOMUNICAÇÕES S.A.;STARONE D2;690456336;GEO;70 W;Ku;Descida ↓;12162;12198;36,00;Horizontal (H);07/11/2025;N;2022-11-22 00:00:00.000000;16036
EMBRATEL TVSAT TELECOMUNICAÇÕES S.A.;STARONE D2;690456336;GEO;70 W;Ku;Descida ↓;12042;12078;36,00;Horizontal (H);07/11/2025;N;2022-11-22 00:00:00.000000;16036
EMBRATEL TVSAT TELECOMUNICAÇÕES S.A.;STARONE D2;690456336;GEO;70 W;Ku;Descida ↓;11962;11998;36,00;Horizontal (H);07/11/2025;N;2022-11-22 00:00:00.000000;16036
EMBRATEL TVSAT TELECOMUNICAÇÕES S.A.;STARONE D2;690456336;GEO;70 W;Ku;Descida ↓;11702;11738;36,00;Vertical (V);07/11/2025;N;2022-11-22 00:00:00.000000;16036
EMBRATEL TVSAT TELECOMUNICAÇÕES S.A.;STARONE D2;690456336;GEO;70 W;X;Subida ↑;8165;8201;36,00;Circular à direita (CR);07/11/2025;N;2022-11-22 00:00:00.000000;16036
EMBRATEL TVSAT TELECOMUNICAÇÕES S.A.;STARONE D2;690456336;GEO;70 W;C;Descida ↓;3922;3958;36,00;Vertical (V);07/11/2025;N;2025-11-03 00:00:00.000000;16386
EMBRATEL TVSAT TELECOMUNICAÇÕES S.A.;STARONE D2;690456336;GEO;70 W;Ku;Descida ↓;11802;11838;36,00;Horizontal (H);07/11/2025;N;2022-11-22 00:00:00.000000;16036
EMBRATEL TVSAT TELECOMUNICAÇÕES S.A.;STARONE D2;690456336;GEO;70 W;C;Descida ↓;4022;4058;36,00;Horizontal (H);07/11/2025;N;2025-11-03 00:00:00.000000;16386
EMBRATEL TVSAT TELECOMUNICAÇÕES S.A.;STARONE D2;690456336;GEO;70 W;C;Descida ↓;4122;4158;36,00;Vertical (V);07/11/2025;N;2025-11-03 00:00:00.000000;16386
EMBRATEL TVSAT TELECOMUNICAÇÕES S.A.;STARONE D2;690456336;GEO;70 W;Ku;Subida ↑;14202;14238;36,00;Horizontal (H);07/11/2025;N;2022-11-22 00:00:00.000000;16036
EMBRATEL TVSAT TELECOMUNICAÇÕES S.A.;STARONE D2;690456336;GEO;70 W;Ku;Descida ↓;12122;12158;36,00;Horizontal (H);07/11/2025;N;2022-11-22 00:00:00.000000;16036
EMBRATEL TVSAT TELECOMUNICAÇÕES S.A.;STARONE D2;690456336;GEO;70 W;C;Subida ↑;5907;5943;36,00;Horizontal (H);07/11/2025;N;2025-11-03 00:00:00.000000;16386
EMBRATEL TVSAT TELECOMUNICAÇÕES S.A.;STARONE D2;690456336;GEO;70 W;Ka;Subida ↑;27210;27690;480,00;Circular à direita (CR);07/11/2025;N;2012-02-24 00:00:00.000000;1073
EMBRATEL TVSAT TELECOMUNICAÇÕES S.A.;STARONE D2;690456336;GEO;70 W;Ka;Subida ↑;29555;29745;190,00;Circular à esquerda (CL);07/11/2025;N;2012-02-24 00:00:00.000000;1073
EMBRATEL TVSAT TELECOMUNICAÇÕES S.A.;STARONE D2;690456336;GEO;70 W;Ku;Subida ↑;14122;14158;36,00;Horizontal (H);07/11/2025;N;2022-11-22 00:00:00.000000;16036
EMBRATEL TVSAT TELECOMUNICAÇÕES S.A.;STARONE D2;690456336;GEO;70 W;Ku;Descida ↓;12082;12118;36,00;Horizontal (H);07/11/2025;N;2022-11-22 00:00:00.000000;16036
EMBRATEL TVSAT TELECOMUNICAÇÕES S.A.;STARONE D2;690456336;GEO;70 W;C;Subida ↑;5967;6003;36,00;Vertical (V);07/11/2025;N;2025-11-03 00:00:00.000000;16386
EMBRATEL TVSAT TELECOMUNICAÇÕES S.A.;STARONE D2;690456336;GEO;70 W;C;Subida ↑;5887;5923;36,00;Vertical (V);07/11/2025;N;2025-11-03 00:00:00.000000;16386
EMBRATEL TVSAT TELECOMUNICAÇÕES S.A.;STARONE D2;690456336;GEO;70 W;Ku;Descida ↓;11822;11858;36,00;Vertical (V);07/11/2025;N;2022-11-22 00:00:00.000000;16036
EMBRATEL TVSAT TELECOMUNICAÇÕES S.A.;STARONE D2;690456336;GEO;70 W;C;Subida ↑;6027;6063;36,00;Horizontal (H);07/11/2025;N;2025-11-03 00:00:00.000000;16386
EMBRATEL TVSAT TELECOMUNICAÇÕES S.A.;STARONE D2;690456336;GEO;70 W;C;Subida ↑;5947;5983;36,00;Horizontal (H);07/11/2025;N;2025-11-03 00:00:00.000000;16386
EMBRATEL TVSAT TELECOMUNICAÇÕES S.A.;STARONE D2;690456336;GEO;70 W;Ku;Descida ↓;11762;11798;36,00;Horizontal (H);07/11/2025;N;2022-11-22 00:00:00.000000;16036
EMBRATEL TVSAT TELECOMUNICAÇÕES S.A.;STARONE D2;690456336;GEO;70 W;C;Descida ↓;4102;4138;36,00;Horizontal (H);07/11/2025;N;2025-11-03 00:00:00.000000;16386
EMBRATEL TVSAT TELECOMUNICAÇÕES S.A.;STARONE D2;690456336;GEO;70 W;C;Descida ↓;3862;3898;36,00;Horizontal (H);07/11/2025;N;2025-11-03 00:00:00.000000;16386
EMBRATEL TVSAT TELECOMUNICAÇÕES S.A.;STARONE D2;690456336;GEO;70 W;Ku;Descida ↓;12022;12058;36,00;Vertical (V);07/11/2025;N;2022-11-22 00:00:00.000000;16036
EMBRATEL TVSAT TELECOMUNICAÇÕES S.A.;STARONE D2;690456336;GEO;70 W;C;Subida ↑;6387;6423;36,00;Horizontal (H);07/11/2025;N;2025-11-03 00:00:00.000000;16386
EMBRATEL TVSAT TELECOMUNICAÇÕES S.A.;STARONE D2;690456336;GEO;70 W;Ku;Subida ↑;14082;14118;36,00;Horizontal (H);07/11/2025;N;2022-11-22 00:00:00.000000;16036
EMBRATEL TVSAT TELECOMUNICAÇÕES S.A.;STARONE D2;690456336;GEO;70 W;C;Subida ↑;6107;6143;36,00;Horizontal (H);07/11/2025;N;2025-11-03 00:00:00.000000;16386
EMBRATEL TVSAT TELECOMUNICAÇÕES S.A.;STARONE D2;690456336;GEO;70 W;Ku;Subida ↑;14222;14258;36,00;Vertical (V);07/11/2025;N;2022-11-22 00:00:00.000000;16036
EMBRATEL TVSAT TELECOMUNICAÇÕES S.A.;STARONE D2;690456336;GEO;70 W;C;Descida ↓;3720;3738;18,00;Horizontal (H);07/11/2025;N;2025-11-03 00:00:00.000000;16386
EMBRATEL TVSAT TELECOMUNICAÇÕES S.A.;STARONE D2;690456336;GEO;70 W;C;Subida ↑;6347;6383;36,00;Horizontal (H);07/11/2025;N;2025-11-03 00:00:00.000000;16386
EMBRATEL TVSAT TELECOMUNICAÇÕES S.A.;STARONE D2;690456336;GEO;70 W;C;Subida ↑;6227;6263;36,00;Horizontal (H);07/11/2025;N;2025-11-03 00:00:00.000000;16386
EMBRATEL TVSAT TELECOMUNICAÇÕES S.A.;STARONE D2;690456336;GEO;70 W;C;Subida ↑;6047;6083;36,00;Vertical (V);07/11/2025;N;2025-11-03 00:00:00.000000;16386
EMBRATEL TVSAT TELECOMUNICAÇÕES S.A.;STARONE D2;690456336;GEO;70 W;C;Descida ↓;3742;3778;36,00;Horizontal (H);07/11/2025;N;2025-11-03 00:00:00.000000;16386
EMBRATEL TVSAT TELECOMUNICAÇÕES S.A.;STARONE D2;690456336;GEO;70 W;C;Subida ↑;6147;6183;36,00;Horizontal (H);07/11/2025;N;2025-11-03 00:00:00.000000;16386
EMBRATEL TVSAT TELECOMUNICAÇÕES S.A.;STARONE D2;690456336;GEO;70 W;C;Subida ↑;6267;6303;36,00;Horizontal (H);07/11/2025;N;2025-11-03 00:00:00.000000;16386
EMBRATEL TVSAT TELECOMUNICAÇÕES S.A.;STARONE D2;690456336;GEO;70 W;Ka;Subida ↑;27210;27690;480,00;Circular à esquerda (CL);07/11/2025;N;2012-02-24 00:00:00.000000;1073
EMBRATEL TVSAT TELECOMUNICAÇÕES S.A.;STARONE D2;690456336;GEO;70 W;Ka;Descida ↓;18930;19120;190,00;Circular à esquerda (CL);07/11/2025;N;2012-02-24 00:00:00.000000;1073
EMBRATEL TVSAT TELECOMUNICAÇÕES S.A.;STARONE D2;690456336;GEO;70 W;C;Descida ↓;3942;3978;36,00;Horizontal (H);07/11/2025;N;2025-11-03 00:00:00.000000;16386
EMBRATEL TVSAT TELECOMUNICAÇÕES S.A.;STARONE D2;690456336;GEO;70 W;C;Descida ↓;3882;3918;36,00;Vertical (V);07/11/2025;N;2025-11-03 00:00:00.000000;16386
EMBRATEL TVSAT TELECOMUNICAÇÕES S.A.;STARONE D2;690456336;GEO;70 W;Ka;Descida ↓;19430;19620;190,00;Circular à esquerda (CL);07/11/2025;N;2012-02-24 00:00:00.000000;1073
EMBRATEL TVSAT TELECOMUNICAÇÕES S.A.;STARONE D2;690456336;GEO;70 W;C;Subida ↑;6187;6223;36,00;Horizontal (H);07/11/2025;N;2025-11-03 00:00:00.000000;16386
EMBRATEL TVSAT TELECOMUNICAÇÕES S.A.;STARONE D2;690456336;GEO;70 W;Ka;Descida ↓;18680;18870;190,00;Circular à esquerda (CL);07/11/2025;N;2012-02-24 00:00:00.000000;1073
EMBRATEL TVSAT TELECOMUNICAÇÕES S.A.;STARONE D2;690456336;GEO;70 W;C;Descida ↓;3782;3818;36,00;Horizontal (H);07/11/2025;N;2025-11-03 00:00:00.000000;16386
EMBRATEL TVSAT TELECOMUNICAÇÕES S.A.;STARONE D2;690456336;GEO;70 W;Ka;Subida ↑;28310;28790;480,00;Circular à esquerda (CL);07/11/2025;N;2012-02-24 00:00:00.000000;1073
EMBRATEL TVSAT TELECOMUNICAÇÕES S.A.;STARONE D2;690456336;GEO;70 W;C;Descida ↓;3982;4018;36,00;Horizontal (H);07/11/2025;N;2025-11-03 00:00:00.000000;16386
EMBRATEL TVSAT TELECOMUNICAÇÕES S.A.;STARONE D2;690456336;GEO;70 W;Ka;Descida ↓;19710;20190;480,00;Circular à esquerda (CL);07/11/2025;N;2012-02-24 00:00:00.000000;1073
EMBRATEL TVSAT TELECOMUNICAÇÕES S.A.;STARONE D2;690456336;GEO;70 W;C;Subida ↑;6007;6043;36,00;Vertical (V);07/11/2025;N;2025-11-03 00:00:00.000000;16386
EMBRATEL TVSAT TELECOMUNICAÇÕES S.A.;STARONE D2;690456336;GEO;70 W;C;Subida ↑;6307;6343;36,00;Horizontal (H);07/11/2025;N;2025-11-03 00:00:00.000000;16386
EMBRATEL TVSAT TELECOMUNICAÇÕES S.A.;STARONE D2;690456336;GEO;70 W;C;Descida ↓;3762;3798;36,00;Vertical (V);07/11/2025;N;2025-11-03 00:00:00.000000;16386
EMBRATEL TVSAT TELECOMUNICAÇÕES S.A.;STARONE D2;690456336;GEO;70 W;C;Subida ↑;6247;6283;36,00;Vertical (V);07/11/2025;N;2025-11-03 00:00:00.000000;16386
EMBRATEL TVSAT TELECOMUNICAÇÕES S.A.;STARONE D2;690456336;GEO;70 W;Ka;Subida ↑;27760;28240;480,00;Circular à esquerda (CL);07/11/2025;N;2012-02-24 00:00:00.000000;1073
EMBRATEL TVSAT TELECOMUNICAÇÕES S.A.;STARONE D2;690456336;GEO;70 W;Ka;Descida ↓;18110;18590;480,00;Circular à esquerda (CL);07/11/2025;N;2012-02-24 00:00:00.000000;1073
EMBRATEL TVSAT TELECOMUNICAÇÕES S.A.;STARONE D2;690456336;GEO;70 W;Ku;Subida ↑;14302;14338;36,00;Vertical (V);07/11/2025;N;2022-11-22 00:00:00.000000;16036
EMBRATEL TVSAT TELECOMUNICAÇÕES S.A.;STARONE D2;690456336;GEO;70 W;C;Subida ↑;6367;6403;36,00;Vertical (V);07/11/2025;N;2025-11-03 00:00:00.000000;16386
EMBRATEL TVSAT TELECOMUNICAÇÕES S.A.;STARONE D2;690456336;GEO;70 W;C;Descida ↓;4002;4038;36,00;Vertical (V);07/11/2025;N;2025-11-03 00:00:00.000000;16386
EMBRATEL TVSAT TELECOMUNICAÇÕES S.A.;STARONE D2;690456336;GEO;70 W;C;Descida ↓;3722;3758;36,00;Vertical (V);07/11/2025;N;2025-11-03 00:00:00.000000;16386
EMBRATEL TVSAT TELECOMUNICAÇÕES S.A.;STARONE D2;690456336;GEO;70 W;C;Subida ↑;6207;6243;36,00;Vertical (V);07/11/2025;N;2025-11-03 00:00:00.000000;16386
EMBRATEL TVSAT TELECOMUNICAÇÕES S.A.;STARONE D2;690456336;GEO;70 W;Ka;Descida ↓;19180;19370;190,00;Circular à esquerda (CL);07/11/2025;N;2012-02-24 00:00:00.000000;1073
EMBRATEL TVSAT TELECOMUNICAÇÕES S.A.;STARONE D2;690456336;GEO;70 W;C;Subida ↑;6327;6363;36,00;Vertical (V);07/11/2025;N;2025-11-03 00:00:00.000000;16386
EMBRATEL TVSAT TELECOMUNICAÇÕES S.A.;STARONE D2;690456336;GEO;70 W;C;Subida ↑;5927;5963;36,00;Vertical (V);07/11/2025;N;2025-11-03 00:00:00.000000;16386
EMBRATEL TVSAT TELECOMUNICAÇÕES S.A.;STARONE D2;690456336;GEO;70 W;Ku;Descida ↓;11902;11938;36,00;Vertical (V);07/11/2025;N;2022-11-22 00:00:00.000000;16036
EMBRATEL TVSAT TELECOMUNICAÇÕES S.A.;STARONE D2;690456336;GEO;70 W;Ku;Subida ↑;14382;14418;36,00;Vertical (V);07/11/2025;N;2022-11-22 00:00:00.000000;16036
EMBRATEL TVSAT TELECOMUNICAÇÕES S.A.;STARONE D2;690456336;GEO;70 W;C;Descida ↓;3802;3838;36,00;Vertical (V);07/11/2025;N;2025-11-03 00:00:00.000000;16386
EMBRATEL TVSAT TELECOMUNICAÇÕES S.A.;STARONE D2;690456336;GEO;70 W;C;Subida ↑;6167;6203;36,00;Vertical (V);07/11/2025;N;2025-11-03 00:00:00.000000;16386
EUTELSAT DO BRASIL LTDA;Eutelsat 65 West A;1002745532;GEO;65 W;Ku(AP30B);Subida ↑;13125,5;13161,5;36,00;Horizontal (H);12/06/2017;2028-06-06 00:00:00.000000;2013-04-19 00:00:00.000000;2642
EUTELSAT DO BRASIL LTDA;Eutelsat 65 West A;1002745532;GEO;65 W;Ku(AP30B);Subida ↑;12751;12787;36,00;Vertical (V);12/06/2017;2028-06-06 00:00:00.000000;2013-04-19 00:00:00.000000;2642
EUTELSAT DO BRASIL LTDA;Eutelsat 65 West A;1002745532;GEO;65 W;Ku(AP30B);Descida ↓;10908,5;10944,5;36,00;Horizontal (H);12/06/2017;2028-06-06 00:00:00.000000;2013-04-19 00:00:00.000000;2642
EUTELSAT DO BRASIL LTDA;Eutelsat 65 West A;1002745532;GEO;65 W;Ka;Subida ↑;29510;29740;230,00;Circular à esquerda (CL);12/06/2017;2028-06-06 00:00:00.000000;2013-04-19 00:00:00.000000;2642
EUTELSAT DO BRASIL LTDA;Eutelsat 65 West A;1002745532;GEO;65 W;Ka;Descida ↓;18560;18790;230,00;Circular à esquerda (CL);12/06/2017;2028-06-06 00:00:00.000000;2013-04-19 00:00:00.000000;2642
EUTELSAT DO BRASIL LTDA;Eutelsat 65 West A;1002745532;GEO;65 W;Ka;Descida ↓;19710;19940;230,00;Circular à direita (CR);12/06/2017;2028-06-06 00:00:00.000000;2013-04-19 00:00:00.000000;2642
EUTELSAT DO BRASIL LTDA;Eutelsat 65 West A;1002745532;GEO;65 W;C(AP30B);Descida ↓;4683;4737;54,00;Vertical (V);12/06/2017;2028-06-06 00:00:00.000000;2013-04-19 00:00:00.000000;2642
EUTELSAT DO BRASIL LTDA;Eutelsat 65 West A;1002745532;GEO;65 W;Ku(AP30B);Descida ↓;11286,25;11322,25;36,00;Horizontal (H);12/06/2017;2028-06-06 00:00:00.000000;2013-04-19 00:00:00.000000;2642
EUTELSAT DO BRASIL LTDA;Eutelsat 65 West A;1002745532;GEO;65 W;Ku(AP30B);Descida ↓;11410,75;11446,75;36,00;Vertical (V);12/06/2017;2028-06-06 00:00:00.000000;2013-04-19 00:00:00.000000;2642
EUTELSAT DO BRASIL LTDA;Eutelsat 65 West A;1002745532;GEO;65 W;Ka;Descida ↓;18560;18790;230,00;Circular à direita (CR);12/06/2017;2028-06-06 00:00:00.000000;2013-04-19 00:00:00.000000;2642
EUTELSAT DO BRASIL LTDA;Eutelsat 65 West A;1002745532;GEO;65 W;Ka;Subida ↑;29520;29980;460,00;Circular à direita (CR);12/06/2017;2028-06-06 00:00:00.000000;2013-04-19 00:00:00.000000;2642
EUTELSAT DO BRASIL LTDA;Eutelsat 65 West A;1002745532;GEO;65 W;C;Subida ↑;6788;6842;54,00;Horizontal (H);12/06/2017;2028-06-06 00:00:00.000000;2013-04-19 00:00:00.000000;2642
EUTELSAT DO BRASIL LTDA;Eutelsat 65 West A;1002745532;GEO;65 W;Ku(AP30B);Subida ↑;12792,5;12828,5;36,00;Horizontal (H);12/06/2017;2028-06-06 00:00:00.000000;2013-04-19 00:00:00.000000;2642
EUTELSAT DO BRASIL LTDA;Eutelsat 65 West A;1002745532;GEO;65 W;Ka;Subida ↑;28520;28980;460,00;Circular à direita (CR);12/06/2017;2028-06-06 00:00:00.000000;2013-04-19 00:00:00.000000;2642
EUTELSAT DO BRASIL LTDA;Eutelsat 65 West A;1002745532;GEO;65 W;Ku(AP30B);Descida ↓;11244,75;11280,75;36,00;Horizontal (H);12/06/2017;2028-06-06 00:00:00.000000;2013-04-19 00:00:00.000000;2642
EUTELSAT DO BRASIL LTDA;Eutelsat 65 West A;1002745532;GEO;65 W;Ku(AP30B);Descida ↓;11369,25;11405,25;36,00;Horizontal (H);12/06/2017;2028-06-06 00:00:00.000000;2013-04-19 00:00:00.000000;2642
EUTELSAT DO BRASIL LTDA;Eutelsat 65 West A;1002745532;GEO;65 W;Ka;Descida ↓;19710;19940;230,00;Circular à esquerda (CL);12/06/2017;2028-06-06 00:00:00.000000;2013-04-19 00:00:00.000000;2642
EUTELSAT DO BRASIL LTDA;Eutelsat 65 West A;1002745532;GEO;65 W;Ku(AP30B);Subida ↑;12958,5;12994,5;36,00;Horizontal (H);12/06/2017;2028-06-06 00:00:00.000000;2013-04-19 00:00:00.000000;2642
EUTELSAT DO BRASIL LTDA;Eutelsat 65 West A;1002745532;GEO;65 W;C(AP30B);Descida ↓;4503;4557;54,00;Horizontal (H);12/06/2017;2028-06-06 00:00:00.000000;2013-04-19 00:00:00.000000;2642
EUTELSAT DO BRASIL LTDA;Eutelsat 65 West A;1002745532;GEO;65 W;Ku(AP30B);Descida ↓;10701;10737;36,00;Horizontal (H);12/06/2017;2028-06-06 00:00:00.000000;2013-04-19 00:00:00.000000;2642
EUTELSAT DO BRASIL LTDA;Eutelsat 65 West A;1002745532;GEO;65 W;C;Subida ↑;6908;6962;54,00;Vertical (V);12/06/2017;2028-06-06 00:00:00.000000;2013-04-19 00:00:00.000000;2642
EUTELSAT DO BRASIL LTDA;Eutelsat 65 West A;1002745532;GEO;65 W;Ka;Descida ↓;19960;20190;230,00;Circular à esquerda (CL);12/06/2017;2028-06-06 00:00:00.000000;2013-04-19 00:00:00.000000;2642
EUTELSAT DO BRASIL LTDA;Eutelsat 65 West A;1002745532;GEO;65 W;Ka;Subida ↑;27520;27980;460,00;Circular à direita (CR);12/06/2017;2028-06-06 00:00:00.000000;2013-04-19 00:00:00.000000;2642
EUTELSAT DO BRASIL LTDA;Eutelsat 65 West A;1002745532;GEO;65 W;Ku(AP30B);Descida ↓;11369,25;11405,25;36,00;Vertical (V);12/06/2017;2028-06-06 00:00:00.000000;2013-04-19 00:00:00.000000;2642
EUTELSAT DO BRASIL LTDA;Eutelsat 65 West A;1002745532;GEO;65 W;Ku(AP30B);Subida ↑;13125,5;13161,5;36,00;Vertical (V);12/06/2017;2028-06-06 00:00:00.000000;2013-04-19 00:00:00.000000;2642
EUTELSAT DO BRASIL LTDA;Eutelsat 65 West A;1002745532;GEO;65 W;Ku(AP30B);Subida ↑;13208,5;13244,5;36,00;Vertical (V);12/06/2017;2028-06-06 00:00:00.000000;2013-04-19 00:00:00.000000;2642
EUTELSAT DO BRASIL LTDA;Eutelsat 65 West A;1002745532;GEO;65 W;Ku(AP30B);Subida ↑;12875,5;12911,5;36,00;Vertical (V);12/06/2017;2028-06-06 00:00:00.000000;2013-04-19 00:00:00.000000;2642
EUTELSAT DO BRASIL LTDA;Eutelsat 65 West A;1002745532;GEO;65 W;Ka;Subida ↑;27545;28455;910,00;Circular à direita (CR);12/06/2017;2028-06-06 00:00:00.000000;2013-04-19 00:00:00.000000;2642
EUTELSAT DO BRASIL LTDA;Eutelsat 65 West A;1002745532;GEO;65 W;Ka;Descida ↓;17820;18280;460,00;Circular à esquerda (CL);12/06/2017;2028-06-06 00:00:00.000000;2013-04-19 00:00:00.000000;2642
EUTELSAT DO BRASIL LTDA;Eutelsat 65 West A;1002745532;GEO;65 W;Ku(AP30B);Descida ↓;11203,25;11239,25;36,00;Vertical (V);12/06/2017;2028-06-06 00:00:00.000000;2013-04-19 00:00:00.000000;2642
EUTELSAT DO BRASIL LTDA;Eutelsat 65 West A;1002745532;GEO;65 W;Ku(AP30B);Descida ↓;11200;11200,6;1,00;Vertical (V);12/06/2017;2028-06-06 00:00:00.000000;2013-04-19 00:00:00.000000;2642
EUTELSAT DO BRASIL LTDA;Eutelsat 65 West A;1002745532;GEO;65 W;Ku(AP30B);Subida ↑;12958,5;12994,5;36,00;Vertical (V);12/06/2017;2028-06-06 00:00:00.000000;2013-04-19 00:00:00.000000;2642
EUTELSAT DO BRASIL LTDA;Eutelsat 65 West A;1002745532;GEO;65 W;Ku(AP30B);Descida ↓;10825,5;10861,5;36,00;Vertical (V);12/06/2017;2028-06-06 00:00:00.000000;2013-04-19 00:00:00.000000;2642
EUTELSAT DO BRASIL LTDA;Eutelsat 65 West A;1002745532;GEO;65 W;C(AP30B);Descida ↓;4799,4;4800;1,00;Horizontal (H);12/06/2017;2028-06-06 00:00:00.000000;2013-04-19 00:00:00.000000;2642
EUTELSAT DO BRASIL LTDA;Eutelsat 65 West A;1002745532;GEO;65 W;Ka;Descida ↓;19700,7;19701,3;1,00;Horizontal (H);12/06/2017;2028-06-06 00:00:00.000000;2013-04-19 00:00:00.000000;2642
EUTELSAT DO BRASIL LTDA;Eutelsat 65 West A;1002745532;GEO;65 W;Ka;Subida ↑;29510;29740;230,00;Circular à direita (CR);12/06/2017;2028-06-06 00:00:00.000000;2013-04-19 00:00:00.000000;2642
EUTELSAT DO BRASIL LTDA;Eutelsat 65 West A;1002745532;GEO;65 W;Ka;Subida ↑;28020;28480;460,00;Circular à direita (CR);12/06/2017;2028-06-06 00:00:00.000000;2013-04-19 00:00:00.000000;2642
EUTELSAT DO BRASIL LTDA;Eutelsat 65 West A;1002745532;GEO;65 W;Ka;Descida ↓;17845;18755;910,00;Circular à direita (CR);12/06/2017;2028-06-06 00:00:00.000000;2013-04-19 00:00:00.000000;2642
EUTELSAT DO BRASIL LTDA;Eutelsat 65 West A;1002745532;GEO;65 W;Ka;Descida ↓;17820;18280;460,00;Circular à direita (CR);12/06/2017;2028-06-06 00:00:00.000000;2013-04-19 00:00:00.000000;2642
EUTELSAT DO BRASIL LTDA;Eutelsat 65 West A;1002745532;GEO;65 W;Ku(AP30B);Subida ↑;13167;13203;36,00;Vertical (V);12/06/2017;2028-06-06 00:00:00.000000;2013-04-19 00:00:00.000000;2642
EUTELSAT DO BRASIL LTDA;Eutelsat 65 West A;1002745532;GEO;65 W;Ku(AP30B);Subida ↑;12917;12953;36,00;Vertical (V);12/06/2017;2028-06-06 00:00:00.000000;2013-04-19 00:00:00.000000;2642
EUTELSAT DO BRASIL LTDA;Eutelsat 65 West A;1002745532;GEO;65 W;Ka;Descida ↓;18320;18780;460,00;Circular à direita (CR);12/06/2017;2028-06-06 00:00:00.000000;2013-04-19 00:00:00.000000;2642
EUTELSAT DO BRASIL LTDA;Eutelsat 65 West A;1002745532;GEO;65 W;Ka;Descida ↓;19960;20190;230,00;Circular à direita (CR);12/06/2017;2028-06-06 00:00:00.000000;2013-04-19 00:00:00.000000;2642
EUTELSAT DO BRASIL LTDA;Eutelsat 65 West A;1002745532;GEO;65 W;Ka;Subida ↑;29760;29990;230,00;Circular à direita (CR);12/06/2017;2028-06-06 00:00:00.000000;2013-04-19 00:00:00.000000;2642
EUTELSAT DO BRASIL LTDA;Eutelsat 65 West A;1002745532;GEO;65 W;Ka;Descida ↓;19720;20180;460,00;Circular à direita (CR);12/06/2017;2028-06-06 00:00:00.000000;2013-04-19 00:00:00.000000;2642
EUTELSAT DO BRASIL LTDA;Eutelsat 65 West A;1002745532;GEO;65 W;Ka;Descida ↓;18320;18780;460,00;Circular à esquerda (CL);12/06/2017;2028-06-06 00:00:00.000000;2013-04-19 00:00:00.000000;2642
EUTELSAT DO BRASIL LTDA;Eutelsat 65 West A;1002745532;GEO;65 W;Ku(AP30B);Subida ↑;12792,5;12828,5;36,00;Vertical (V);12/06/2017;2028-06-06 00:00:00.000000;2013-04-19 00:00:00.000000;2642
EUTELSAT DO BRASIL LTDA;Eutelsat 65 West A;1002745532;GEO;65 W;Ku(AP30B);Descida ↓;11327,75;11363,75;36,00;Vertical (V);12/06/2017;2028-06-06 00:00:00.000000;2013-04-19 00:00:00.000000;2642
EUTELSAT DO BRASIL LTDA;Eutelsat 65 West A;1002745532;GEO;65 W;Ku(AP30B);Subida ↑;12875,5;12911,5;36,00;Horizontal (H);12/06/2017;2028-06-06 00:00:00.000000;2013-04-19 00:00:00.000000;2642
EUTELSAT DO BRASIL LTDA;Eutelsat 65 West A;1002745532;GEO;65 W;Ku(AP30B);Subida ↑;13042,5;13078,5;36,00;Vertical (V);12/06/2017;2028-06-06 00:00:00.000000;2013-04-19 00:00:00.000000;2642
EUTELSAT DO BRASIL LTDA;Eutelsat 65 West A;1002745532;GEO;65 W;Ku(AP30B);Descida ↓;10867;10903;36,00;Vertical (V);12/06/2017;2028-06-06 00:00:00.000000;2013-04-19 00:00:00.000000;2642
EUTELSAT DO BRASIL LTDA;Eutelsat 65 West A;1002745532;GEO;65 W;Ku(AP30B);Descida ↓;10742,5;10778,5;36,00;Vertical (V);12/06/2017;2028-06-06 00:00:00.000000;2013-04-19 00:00:00.000000;2642
EUTELSAT DO BRASIL LTDA;Eutelsat 65 West A;1002745532;GEO;65 W;Ku(AP30B);Descida ↓;11244,75;11280,75;36,00;Vertical (V);12/06/2017;2028-06-06 00:00:00.000000;2013-04-19 00:00:00.000000;2642
EUTELSAT DO BRASIL LTDA;Eutelsat 65 West A;1002745532;GEO;65 W;C;Subida ↑;6968;7022;54,00;Horizontal (H);12/06/2017;2028-06-06 00:00:00.000000;2013-04-19 00:00:00.000000;2642
EUTELSAT DO BRASIL LTDA;Eutelsat 65 West A;1002745532;GEO;65 W;Ku(AP30B);Descida ↓;10784;10820;36,00;Vertical (V);12/06/2017;2028-06-06 00:00:00.000000;2013-04-19 00:00:00.000000;2642
EUTELSAT DO BRASIL LTDA;Eutelsat 65 West A;1002745532;GEO;65 W;Ka;Descida ↓;17845;18755;910,00;Circular à esquerda (CL);12/06/2017;2028-06-06 00:00:00.000000;2013-04-19 00:00:00.000000;2642
EUTELSAT DO BRASIL LTDA;Eutelsat 65 West A;1002745532;GEO;65 W;Ka;Subida ↑;28520;28980;460,00;Circular à esquerda (CL);12/06/2017;2028-06-06 00:00:00.000000;2013-04-19 00:00:00.000000;2642
EUTELSAT DO BRASIL LTDA;Eutelsat 65 West A;1002745532;GEO;65 W;Ka;Subida ↑;27545;28455;910,00;Circular à esquerda (CL);12/06/2017;2028-06-06 00:00:00.000000;2013-04-19 00:00:00.000000;2642
EUTELSAT DO BRASIL LTDA;Eutelsat 65 West A;1002745532;GEO;65 W;C(AP30B);Descida ↓;4743;4797;54,00;Horizontal (H);12/06/2017;2028-06-06 00:00:00.000000;2013-04-19 00:00:00.000000;2642
EUTELSAT DO BRASIL LTDA;Eutelsat 65 West A;1002745532;GEO;65 W;Ka;Subida ↑;28020;28480;460,00;Circular à esquerda (CL);12/06/2017;2028-06-06 00:00:00.000000;2013-04-19 00:00:00.000000;2642
EUTELSAT DO BRASIL LTDA;Eutelsat 65 West A;1002745532;GEO;65 W;Ka;Subida ↑;29520;29980;460,00;Circular à esquerda (CL);12/06/2017;2028-06-06 00:00:00.000000;2013-04-19 00:00:00.000000;2642
EUTELSAT DO BRASIL LTDA;Eutelsat 65 West A;1002745532;GEO;65 W;Ku(AP30B);Subida ↑;12834;12870;36,00;Vertical (V);12/06/2017;2028-06-06 00:00:00.000000;2013-04-19 00:00:00.000000;2642
EUTELSAT DO BRASIL LTDA;Eutelsat 65 West A;1002745532;GEO;65 W;Ku(AP30B);Subida ↑;12751;12787;36,00;Horizontal (H);12/06/2017;2028-06-06 00:00:00.000000;2013-04-19 00:00:00.000000;2642
EUTELSAT DO BRASIL LTDA;Eutelsat 65 West A;1002745532;GEO;65 W;Ku(AP30B);Subida ↑;13001;13037;36,00;Vertical (V);12/06/2017;2028-06-06 00:00:00.000000;2013-04-19 00:00:00.000000;2642
EUTELSAT DO BRASIL LTDA;Eutelsat 65 West A;1002745532;GEO;65 W;Ku(AP30B);Descida ↓;11286,25;11322,25;36,00;Vertical (V);12/06/2017;2028-06-06 00:00:00.000000;2013-04-19 00:00:00.000000;2642
EUTELSAT DO BRASIL LTDA;Eutelsat 65 West A;1002745532;GEO;65 W;C(AP30B);Descida ↓;4563;4617;54,00;Horizontal (H);12/06/2017;2028-06-06 00:00:00.000000;2013-04-19 00:00:00.000000;2642
EUTELSAT DO BRASIL LTDA;Eutelsat 65 West A;1002745532;GEO;65 W;Ku(AP30B);Descida ↓;10701;10737;36,00;Vertical (V);12/06/2017;2028-06-06 00:00:00.000000;2013-04-19 00:00:00.000000;2642
EUTELSAT DO BRASIL LTDA;Eutelsat 65 West A;1002745532;GEO;65 W;C;Subida ↑;6908;6962;54,00;Horizontal (H);12/06/2017;2028-06-06 00:00:00.000000;2013-04-19 00:00:00.000000;2642
EUTELSAT DO BRASIL LTDA;Eutelsat 65 West A;1002745532;GEO;65 W;Ku(AP30B);Subida ↑;13084;13120;36,00;Vertical (V);12/06/2017;2028-06-06 00:00:00.000000;2013-04-19 00:00:00.000000;2642
EUTELSAT DO BRASIL LTDA;Eutelsat 65 West A;1002745532;GEO;65 W;C;Subida ↑;6728;6782;54,00;Vertical (V);12/06/2017;2028-06-06 00:00:00.000000;2013-04-19 00:00:00.000000;2642
EUTELSAT DO BRASIL LTDA;Eutelsat 65 West A;1002745532;GEO;65 W;Ku(AP30B);Descida ↓;10908,5;10944,5;36,00;Vertical (V);12/06/2017;2028-06-06 00:00:00.000000;2013-04-19 00:00:00.000000;2642
EUTELSAT DO BRASIL LTDA;Eutelsat 65 West A;1002745532;GEO;65 W;C(AP30B);Descida ↓;4623;4677;54,00;Vertical (V);12/06/2017;2028-06-06 00:00:00.000000;2013-04-19 00:00:00.000000;2642
EUTELSAT DO BRASIL LTDA;Eutelsat 65 West A;1002745532;GEO;65 W;Ka;Subida ↑;29760;29990;230,00;Circular à esquerda (CL);12/06/2017;2028-06-06 00:00:00.000000;2013-04-19 00:00:00.000000;2642
EUTELSAT DO BRASIL LTDA;Eutelsat 65 West A;1002745532;GEO;65 W;C(AP30B);Descida ↓;4683;4737;54,00;Horizontal (H);12/06/2017;2028-06-06 00:00:00.000000;2013-04-19 00:00:00.000000;2642
EUTELSAT DO BRASIL LTDA;Eutelsat 65 West A;1002745532;GEO;65 W;Ku(AP30B);Subida ↑;13084;13120;36,00;Horizontal (H);12/06/2017;2028-06-06 00:00:00.000000;2013-04-19 00:00:00.000000;2642
EUTELSAT DO BRASIL LTDA;Eutelsat 65 West A;1002745532;GEO;65 W;Ku(AP30B);Descida ↓;10784;10820;36,00;Horizontal (H);12/06/2017;2028-06-06 00:00:00.000000;2013-04-19 00:00:00.000000;2642
EUTELSAT DO BRASIL LTDA;Eutelsat 65 West A;1002745532;GEO;65 W;Ku(AP30B);Descida ↓;10867;10903;36,00;Horizontal (H);12/06/2017;2028-06-06 00:00:00.000000;2013-04-19 00:00:00.000000;2642
EUTELSAT DO BRASIL LTDA;Eutelsat 65 West A;1002745532;GEO;65 W;Ku(AP30B);Subida ↑;13042,5;13078,5;36,00;Horizontal (H);12/06/2017;2028-06-06 00:00:00.000000;2013-04-19 00:00:00.000000;2642
EUTELSAT DO BRASIL LTDA;Eutelsat 65 West A;1002745532;GEO;65 W;C(AP30B);Descida ↓;4623;4677;54,00;Horizontal (H);12/06/2017;2028-06-06 00:00:00.000000;2013-04-19 00:00:00.000000;2642
EUTELSAT DO BRASIL LTDA;Eutelsat 65 West A;1002745532;GEO;65 W;Ku(AP30B);Descida ↓;10825,5;10861,5;36,00;Horizontal (H);12/06/2017;2028-06-06 00:00:00.000000;2013-04-19 00:00:00.000000;2642
EUTELSAT DO BRASIL LTDA;Eutelsat 65 West A;1002745532;GEO;65 W;Ku(AP30B);Descida ↓;11327,75;11363,75;36,00;Horizontal (H);12/06/2017;2028-06-06 00:00:00.000000;2013-04-19 00:00:00.000000;2642
EUTELSAT DO BRASIL LTDA;Eutelsat 65 West A;1002745532;GEO;65 W;Ka;Subida ↑;27520;27980;460,00;Circular à esquerda (CL);12/06/2017;2028-06-06 00:00:00.000000;2013-04-19 00:00:00.000000;2642
EUTELSAT DO BRASIL LTDA;Eutelsat 65 West A;1002745532;GEO;65 W;C(AP30B);Descida ↓;4563;4617;54,00;Vertical (V);12/06/2017;2028-06-06 00:00:00.000000;2013-04-19 00:00:00.000000;2642
EUTELSAT DO BRASIL LTDA;Eutelsat 65 West A;1002745532;GEO;65 W;C;Subida ↑;6848;6902;54,00;Horizontal (H);12/06/2017;2028-06-06 00:00:00.000000;2013-04-19 00:00:00.000000;2642
EUTELSAT DO BRASIL LTDA;Eutelsat 65 West A;1002745532;GEO;65 W;Ku(AP30B);Subida ↑;13167;13203;36,00;Horizontal (H);12/06/2017;2028-06-06 00:00:00.000000;2013-04-19 00:00:00.000000;2642
EUTELSAT DO BRASIL LTDA;Eutelsat 65 West A;1002745532;GEO;65 W;Ku(AP30B);Descida ↓;11203,25;11239,25;36,00;Horizontal (H);12/06/2017;2028-06-06 00:00:00.000000;2013-04-19 00:00:00.000000;2642
EUTELSAT DO BRASIL LTDA;Eutelsat 65 West A;1002745532;GEO;65 W;Ku(AP30B);Subida ↑;13208,5;13244,5;36,00;Horizontal (H);12/06/2017;2028-06-06 00:00:00.000000;2013-04-19 00:00:00.000000;2642
EUTELSAT DO BRASIL LTDA;Eutelsat 65 West A;1002745532;GEO;65 W;C(AP30B);Descida ↓;4743;4797;54,00;Vertical (V);12/06/2017;2028-06-06 00:00:00.000000;2013-04-19 00:00:00.000000;2642
EUTELSAT DO BRASIL LTDA;Eutelsat 65 West A;1002745532;GEO;65 W;C;Subida ↑;6848;6902;54,00;Vertical (V);12/06/2017;2028-06-06 00:00:00.000000;2013-04-19 00:00:00.000000;2642
EUTELSAT DO BRASIL LTDA;Eutelsat 65 West A;1002745532;GEO;65 W;C;Subida ↑;6968;7022;54,00;Vertical (V);12/06/2017;2028-06-06 00:00:00.000000;2013-04-19 00:00:00.000000;2642
EUTELSAT DO BRASIL LTDA;Eutelsat 65 West A;1002745532;GEO;65 W;C;Subida ↑;6788;6842;54,00;Vertical (V);12/06/2017;2028-06-06 00:00:00.000000;2013-04-19 00:00:00.000000;2642
EUTELSAT DO BRASIL LTDA;Eutelsat 65 West A;1002745532;GEO;65 W;Ku(AP30B);Descida ↓;10742,5;10778,5;36,00;Horizontal (H);12/06/2017;2028-06-06 00:00:00.000000;2013-04-19 00:00:00.000000;2642
EUTELSAT DO BRASIL LTDA;Eutelsat 65 West A;1002745532;GEO;65 W;Ku(AP30B);Subida ↑;13249,8;13250;0,00;Horizontal (H);12/06/2017;2028-06-06 00:00:00.000000;2013-04-19 00:00:00.000000;2642
EUTELSAT DO BRASIL LTDA;Eutelsat 65 West A;1002745532;GEO;65 W;Ku(AP30B);Subida ↑;12917;12953;36,00;Horizontal (H);12/06/2017;2028-06-06 00:00:00.000000;2013-04-19 00:00:00.000000;2642
EUTELSAT DO BRASIL LTDA;Eutelsat 65 West A;1002745532;GEO;65 W;Ku(AP30B);Descida ↓;11410,75;11446,75;36,00;Horizontal (H);12/06/2017;2028-06-06 00:00:00.000000;2013-04-19 00:00:00.000000;2642
EUTELSAT DO BRASIL LTDA;Eutelsat 65 West A;1002745532;GEO;65 W;C;Subida ↑;6728;6782;54,00;Horizontal (H);12/06/2017;2028-06-06 00:00:00.000000;2013-04-19 00:00:00.000000;2642
EUTELSAT DO BRASIL LTDA;Eutelsat 65 West A;1002745532;GEO;65 W;Ku(AP30B);Subida ↑;13001;13037;36,00;Horizontal (H);12/06/2017;2028-06-06 00:00:00.000000;2013-04-19 00:00:00.000000;2642
EUTELSAT DO BRASIL LTDA;Eutelsat 65 West A;1002745532;GEO;65 W;Ku(AP30B);Subida ↑;12834;12870;36,00;Horizontal (H);12/06/2017;2028-06-06 00:00:00.000000;2013-04-19 00:00:00.000000;2642
EUTELSAT DO BRASIL LTDA;Eutelsat 65 West A;1002745532;GEO;65 W;C(AP30B);Descida ↓;4503;4557;54,00;Vertical (V);12/06/2017;2028-06-06 00:00:00.000000;2013-04-19 00:00:00.000000;2642
EUTELSAT DO BRASIL LTDA;Eutelsat 65 West A;1002745532;GEO;65 W;Ku(AP30B);Descida ↓;10949,4;10950;1,00;Horizontal (H);12/06/2017;2028-06-06 00:00:00.000000;2013-04-19 00:00:00.000000;2642
EUTELSAT S/A;EUTELSAT 3B;1000784301;GEO;3 E;Ka;Subida ↑;29500;29615;115,00;Circular à esquerda (CL);15/10/2021;N;2021-10-05 00:00:00.000000;8809
EUTELSAT S/A;EUTELSAT 3B;1000784301;GEO;3 E;Ka;Subida ↑;29757;30000;243,00;Circular à esquerda (CL);15/10/2021;N;2021-10-05 00:00:00.000000;8809
TELESAT BRASIL CAPACIDADE DE SATÉLITES LTDA;Telstar 19 Vantage;1007130676;GEO;63 W;Ku;Subida ↑;13915,5;13951,5;36,00;Horizontal (H);27/12/2023;N;2023-11-17 00:00:00.000000;16127
EUTELSAT S/A;EUTELSAT 3B;1000784301;GEO;3 E;Ka;Subida ↑;29762,5;30000;238,00;Circular à direita (CR);15/10/2021;N;2021-10-05 00:00:00.000000;8809
EUTELSAT S/A;EUTELSAT 3B;1000784301;GEO;3 E;Ka;Subida ↑;29757;30000;243,00;Circular à direita (CR);15/10/2021;N;2021-10-05 00:00:00.000000;8809
EUTELSAT S/A;EUTELSAT 3B;1000784301;GEO;3 E;Ka;Subida ↑;28350;28465;115,00;Circular à direita (CR);15/10/2021;N;2021-10-05 00:00:00.000000;8809
EUTELSAT S/A;EUTELSAT 3B;1000784301;GEO;3 E;C;Descida ↓;3665,5;3699,5;34,00;Circular à direita (CR);15/10/2021;N;2017-04-12 00:00:00.000000;7977
EUTELSAT S/A;EUTELSAT 3B;1000784301;GEO;3 E;C;Descida ↓;3745,5;3781,5;36,00;Circular à esquerda (CL);15/10/2021;N;2017-04-12 00:00:00.000000;7973
EUTELSAT S/A;EUTELSAT 3B;1000784301;GEO;3 E;Ka;Subida ↑;28607;28722;115,00;Circular à direita (CR);15/10/2021;N;2021-10-05 00:00:00.000000;8809
TELESAT BRASIL CAPACIDADE DE SATÉLITES LTDA;Telstar 19 Vantage;1007130676;GEO;63 W;Ka;Descida ↓;19068,75;19293,75;225,00;Circular à esquerda (CL);27/12/2023;N;2016-02-24 00:00:00.000000;50472
EUTELSAT S/A;EUTELSAT 3B;1000784301;GEO;3 E;C;Subida ↑;5890,5;5924,5;34,00;Circular à esquerda (CL);15/10/2021;N;2017-04-12 00:00:00.000000;7977
EUTELSAT S/A;EUTELSAT 3B;1000784301;GEO;3 E;Ka;Descida ↓;18415;18652;237,00;Circular à esquerda (CL);15/10/2021;N;2021-10-05 00:00:00.000000;8809
EUTELSAT S/A;EUTELSAT 3B;1000784301;GEO;3 E;Ka;Descida ↓;19184;19427;243,00;Circular à esquerda (CL);15/10/2021;N;2021-10-05 00:00:00.000000;8809
EUTELSAT S/A;EUTELSAT 3B;1000784301;GEO;3 E;Ka;Subida ↑;29628;29743;115,00;Circular à esquerda (CL);15/10/2021;N;2021-10-05 00:00:00.000000;8809
WORLDVU SATELLITES LIMITED;Sistema Oneweb;1014513410;NGEO; ;Ka;Subida ↑;28600;29100;500,00;Circular à direita (CR);22/05/2026;N;2022-07-15 00:00:00.000000;10495
EUTELSAT S/A;EUTELSAT 3B;1000784301;GEO;3 E;Ka;Descida ↓;18925;19168;243,00;Circular à esquerda (CL);15/10/2021;N;2021-10-05 00:00:00.000000;8809
EUTELSAT S/A;EUTELSAT 3B;1000784301;GEO;3 E;Ka;Subida ↑;29885;30000;115,00;Circular à esquerda (CL);15/10/2021;N;2021-10-05 00:00:00.000000;8809
EUTELSAT S/A;EUTELSAT 3B;1000784301;GEO;3 E;Ka;Descida ↓;19828;19943;115,00;Circular à esquerda (CL);15/10/2021;N;2021-10-05 00:00:00.000000;8809
TELESAT BRASIL CAPACIDADE DE SATÉLITES LTDA;Telstar 19 Vantage;1007130676;GEO;63 W;Ku;Subida ↑;14002;14038;36,00;Horizontal (H);27/12/2023;N;2023-11-17 00:00:00.000000;16127
EUTELSAT S/A;EUTELSAT 3B;1000784301;GEO;3 E;Ka;Descida ↓;19441;19684;243,00;Circular à esquerda (CL);15/10/2021;N;2021-10-05 00:00:00.000000;8809
EUTELSAT S/A;EUTELSAT 3B;1000784301;GEO;3 E;Ka;Descida ↓;19700;19815;115,00;Circular à esquerda (CL);15/10/2021;N;2021-10-05 00:00:00.000000;8809
EUTELSAT S/A;EUTELSAT 3B;1000784301;GEO;3 E;Ka;Subida ↑;29500;29743;243,00;Circular à direita (CR);15/10/2021;N;2021-10-05 00:00:00.000000;8809
TELESAT BRASIL CAPACIDADE DE SATÉLITES LTDA;Telstar 19 Vantage;1007130676;GEO;63 W;Ku(AP30B);Subida ↑;12881,75;12994,25;113,00;Horizontal (H);27/12/2023;N;2016-02-24 00:00:00.000000;50474
EUTELSAT S/A;EUTELSAT 3B;1000784301;GEO;3 E;Ka;Descida ↓;18668;18911;243,00;Circular à esquerda (CL);15/10/2021;N;2021-10-05 00:00:00.000000;8809
TELESAT BRASIL CAPACIDADE DE SATÉLITES LTDA;Telstar 19 Vantage;1007130676;GEO;63 W;Ku;Subida ↑;13834;13870;36,00;Horizontal (H);27/12/2023;N;2023-11-17 00:00:00.000000;16127
EUTELSAT S/A;EUTELSAT 3B;1000784301;GEO;3 E;Ka;Subida ↑;28478;28593;115,00;Circular à direita (CR);15/10/2021;N;2021-10-05 00:00:00.000000;8809
EUTELSAT S/A;EUTELSAT 3B;1000784301;GEO;3 E;Ka;Subida ↑;29757;29872;115,00;Circular à esquerda (CL);15/10/2021;N;2021-10-05 00:00:00.000000;8809
EUTELSAT S/A;EUTELSAT 3B;1000784301;GEO;3 E;Ka;Subida ↑;29500;29743;243,00;Circular à esquerda (CL);15/10/2021;N;2021-10-05 00:00:00.000000;8809
EUTELSAT S/A;EUTELSAT 3B;1000784301;GEO;3 E;Ka;Descida ↓;19962,5;20200;238,00;Circular à esquerda (CL);15/10/2021;N;2021-10-05 00:00:00.000000;8809
TELESAT BRASIL CAPACIDADE DE SATÉLITES LTDA;Telstar 19 Vantage;1007130676;GEO;63 W;Ka;Descida ↓;18837,5;19287,5;450,00;Circular à esquerda (CL);27/12/2023;N;2016-02-24 00:00:00.000000;50472
EUTELSAT S/A;EUTELSAT 3B;1000784301;GEO;3 E;Ka;Descida ↓;19957;20072;115,00;Circular à esquerda (CL);15/10/2021;N;2021-10-05 00:00:00.000000;8809
EUTELSAT S/A;EUTELSAT 3B;1000784301;GEO;3 E;Ka;Subida ↑;28993;29108;115,00;Circular à direita (CR);15/10/2021;N;2021-10-05 00:00:00.000000;8809
EUTELSAT S/A;EUTELSAT 3B;1000784301;GEO;3 E;Ka;Subida ↑;29757;29872;115,00;Circular à direita (CR);15/10/2021;N;2021-10-05 00:00:00.000000;8809
EUTELSAT S/A;EUTELSAT 3B;1000784301;GEO;3 E;Ka;Subida ↑;29250;29365;115,00;Circular à direita (CR);15/10/2021;N;2021-10-05 00:00:00.000000;8809
EUTELSAT S/A;EUTELSAT 3B;1000784301;GEO;3 E;Ka;Descida ↓;19700;19815;115,00;Circular à direita (CR);15/10/2021;N;2021-10-05 00:00:00.000000;8809
EUTELSAT S/A;EUTELSAT 3B;1000784301;GEO;3 E;C;Subida ↑;5970,5;6006,5;36,00;Circular à direita (CR);15/10/2021;N;2017-04-12 00:00:00.000000;7973
WORLDVU SATELLITES LIMITED;Sistema Oneweb;1014513410;NGEO; ;Ka;Descida ↓;18800;19300;500,00;Circular à direita (CR);22/05/2026;N;2022-07-15 00:00:00.000000;10495
EUTELSAT S/A;EUTELSAT 3B;1000784301;GEO;3 E;Ka;Subida ↑;28865;28980;115,00;Circular à direita (CR);15/10/2021;N;2021-10-05 00:00:00.000000;8809
TELESAT BRASIL CAPACIDADE DE SATÉLITES LTDA;Telstar 19 Vantage;1007130676;GEO;63 W;Ku;Subida ↑;14042;14078;36,00;Horizontal (H);27/12/2023;N;2023-11-17 00:00:00.000000;16127
EUTELSAT S/A;EUTELSAT 3B;1000784301;GEO;3 E;Ka;Descida ↓;19957;20072;115,00;Circular à direita (CR);15/10/2021;N;2021-10-05 00:00:00.000000;8809
EUTELSAT S/A;EUTELSAT 3B;1000784301;GEO;3 E;Ka;Subida ↑;28735;28850;115,00;Circular à direita (CR);15/10/2021;N;2021-10-05 00:00:00.000000;8809
EUTELSAT S/A;EUTELSAT 3B;1000784301;GEO;3 E;Ka;Subida ↑;29885;30000;115,00;Circular à direita (CR);15/10/2021;N;2021-10-05 00:00:00.000000;8809
EUTELSAT S/A;EUTELSAT 3B;1000784301;GEO;3 E;Ka;Subida ↑;28087,5;28325;238,00;Circular à direita (CR);15/10/2021;N;2021-10-05 00:00:00.000000;8809
EUTELSAT S/A;EUTELSAT 3B;1000784301;GEO;3 E;Ka;Subida ↑;29122;29237;115,00;Circular à direita (CR);15/10/2021;N;2021-10-05 00:00:00.000000;8809
EUTELSAT S/A;EUTELSAT 3B;1000784301;GEO;3 E;Ka;Subida ↑;29628;29743;115,00;Circular à direita (CR);15/10/2021;N;2021-10-05 00:00:00.000000;8809
EUTELSAT S/A;EUTELSAT 3B;1000784301;GEO;3 E;Ka;Subida ↑;29500;29615;115,00;Circular à direita (CR);15/10/2021;N;2021-10-05 00:00:00.000000;8809
EUTELSAT S/A;EUTELSAT 3B;1000784301;GEO;3 E;Ka;Descida ↓;19828;19943;115,00;Circular à direita (CR);15/10/2021;N;2021-10-05 00:00:00.000000;8809
TELESAT BRASIL CAPACIDADE DE SATÉLITES LTDA;Telstar 19 Vantage;1007130676;GEO;63 W;Ka;Subida ↑;29595,85;29745,85;150,00;Circular à direita (CR);27/12/2023;N;2016-02-24 00:00:00.000000;50472
EUTELSAT S/A;EUTELSAT 3B;1000784301;GEO;3 E;Ka;Descida ↓;20085;20200;115,00;Circular à esquerda (CL);15/10/2021;N;2021-10-05 00:00:00.000000;8809
EUTELSAT S/A;EUTELSAT 3B;1000784301;GEO;3 E;Ka;Descida ↓;20085;20200;115,00;Circular à direita (CR);15/10/2021;N;2021-10-05 00:00:00.000000;8809
EUTELSAT S/A;EUTELSAT 8 WEST B;671027921;GEO;8 W;Ku;Subida ↑;14460,253;14496,253;36,00;Vertical (V);03/07/2023;2034-06-24 00:00:00.000000;2023-02-17 00:00:00.000000;1713
EUTELSAT S/A;EUTELSAT 8 WEST B;671027921;GEO;8 W;Ku;Descida ↓;11494,253;11530,253;36,00;Vertical (V);03/07/2023;2034-06-24 00:00:00.000000;2023-02-17 00:00:00.000000;1713
EUTELSAT S/A;EUTELSAT 8 WEST B;671027921;GEO;8 W;Ku;Descida ↓;11016,75;11070,75;54,00;Vertical (V);03/07/2023;2034-06-24 00:00:00.000000;2023-02-17 00:00:00.000000;1713
EUTELSAT S/A;EUTELSAT 8 WEST B;671027921;GEO;8 W;Ku;Subida ↑;14089;14161;72,00;Vertical (V);03/07/2023;2034-06-24 00:00:00.000000;2023-02-17 00:00:00.000000;1713
EUTELSAT S/A;EUTELSAT 8 WEST B;671027921;GEO;8 W;Ku;Subida ↑;14252,753;14288,753;36,00;Vertical (V);03/07/2023;2034-06-24 00:00:00.000000;2023-02-17 00:00:00.000000;1713
EUTELSAT S/A;EUTELSAT 8 WEST B;671027921;GEO;8 W;C;Subida ↑;6260;6332;72,00;Circular à direita (CR);03/07/2023;2034-06-24 00:00:00.000000;2023-02-17 00:00:00.000000;1713
EUTELSAT S/A;EUTELSAT 8 WEST B;671027921;GEO;8 W;Ku;Subida ↑;14294,253;14330,253;36,00;Vertical (V);03/07/2023;2034-06-24 00:00:00.000000;2023-02-17 00:00:00.000000;1713
EUTELSAT S/A;EUTELSAT 8 WEST B;671027921;GEO;8 W;C;Descida ↓;3871;3943;72,00;Circular à direita (CR);03/07/2023;2034-06-24 00:00:00.000000;2023-02-17 00:00:00.000000;1713
EUTELSAT S/A;EUTELSAT 8 WEST B;671027921;GEO;8 W;Ku;Descida ↓;11539;11611;72,00;Vertical (V);03/07/2023;2034-06-24 00:00:00.000000;2023-02-17 00:00:00.000000;1713
EUTELSAT S/A;EUTELSAT 8 WEST B;671027921;GEO;8 W;C;Subida ↑;6096;6168;72,00;Circular à direita (CR);03/07/2023;2034-06-24 00:00:00.000000;2023-02-17 00:00:00.000000;1713
EUTELSAT S/A;EUTELSAT 8 WEST B;671027921;GEO;8 W;C;Descida ↓;3720;3779;59,00;Circular à direita (CR);03/07/2023;2034-06-24 00:00:00.000000;2023-02-17 00:00:00.000000;1713
EUTELSAT S/A;EUTELSAT 8 WEST B;671027921;GEO;8 W;C;Descida ↓;3953;4025;72,00;Circular à direita (CR);03/07/2023;2034-06-24 00:00:00.000000;2023-02-17 00:00:00.000000;1713
EUTELSAT S/A;EUTELSAT 8 WEST B;671027921;GEO;8 W;Ku;Descida ↓;11452,753;11488,753;36,00;Vertical (V);03/07/2023;2034-06-24 00:00:00.000000;2023-02-17 00:00:00.000000;1713
EUTELSAT S/A;EUTELSAT 8 WEST B;671027921;GEO;8 W;Ku;Descida ↓;11618,753;11654,753;36,00;Vertical (V);03/07/2023;2034-06-24 00:00:00.000000;2023-02-17 00:00:00.000000;1713
EUTELSAT S/A;EUTELSAT 8 WEST B;671027921;GEO;8 W;Ku;Descida ↓;11535,753;11571,753;36,00;Vertical (V);03/07/2023;2034-06-24 00:00:00.000000;2023-02-17 00:00:00.000000;1713
EUTELSAT S/A;EUTELSAT 8 WEST B;671027921;GEO;8 W;C;Subida ↑;6014;6086;72,00;Circular à direita (CR);03/07/2023;2034-06-24 00:00:00.000000;2023-02-17 00:00:00.000000;1713
EUTELSAT S/A;EUTELSAT 8 WEST B;671027921;GEO;8 W;Ku;Descida ↓;11622,33;11694,33;72,00;Vertical (V);03/07/2023;2034-06-24 00:00:00.000000;2023-02-17 00:00:00.000000;1713
EUTELSAT S/A;EUTELSAT 8 WEST B;671027921;GEO;8 W;Ku;Descida ↓;10954,25;11008,25;54,00;Vertical (V);03/07/2023;2034-06-24 00:00:00.000000;2023-02-17 00:00:00.000000;1713
EUTELSAT S/A;EUTELSAT 8 WEST B;671027921;GEO;8 W;Ku;Descida ↓;11141,75;11195,75;54,00;Vertical (V);03/07/2023;2034-06-24 00:00:00.000000;2023-02-17 00:00:00.000000;1713
EUTELSAT S/A;EUTELSAT 8 WEST B;671027921;GEO;8 W;Ku;Subida ↑;14335,753;14371,753;36,00;Vertical (V);03/07/2023;2034-06-24 00:00:00.000000;2023-02-17 00:00:00.000000;1713
EUTELSAT S/A;EUTELSAT 8 WEST B;671027921;GEO;8 W;Ku;Descida ↓;11660,253;11696,253;36,00;Horizontal (H);03/07/2023;2034-06-24 00:00:00.000000;2023-02-17 00:00:00.000000;1713
EUTELSAT S/A;EUTELSAT 8 WEST B;671027921;GEO;8 W;Ku;Descida ↓;11618,753;11654,753;36,00;Horizontal (H);03/07/2023;2034-06-24 00:00:00.000000;2023-02-17 00:00:00.000000;1713
EUTELSAT S/A;EUTELSAT 8 WEST B;671027921;GEO;8 W;Ku;Descida ↓;11577,253;11613,253;36,00;Vertical (V);03/07/2023;2034-06-24 00:00:00.000000;2023-02-17 00:00:00.000000;1713
EUTELSAT S/A;EUTELSAT 8 WEST B;671027921;GEO;8 W;Ku;Descida ↓;11577,253;11613,253;36,00;Horizontal (H);03/07/2023;2034-06-24 00:00:00.000000;2023-02-17 00:00:00.000000;1713
EUTELSAT S/A;EUTELSAT 8 WEST B;671027921;GEO;8 W;Ku;Subida ↑;14460,253;14496,253;36,00;Horizontal (H);03/07/2023;2034-06-24 00:00:00.000000;2023-02-17 00:00:00.000000;1713
EUTELSAT S/A;EUTELSAT 8 WEST B;671027921;GEO;8 W;C;Subida ↑;6096;6168;72,00;Circular à esquerda (CL);03/07/2023;2034-06-24 00:00:00.000000;2023-02-17 00:00:00.000000;1713
EUTELSAT S/A;EUTELSAT 8 WEST B;671027921;GEO;8 W;C;Subida ↑;6178;6250;72,00;Circular à esquerda (CL);03/07/2023;2034-06-24 00:00:00.000000;2023-02-17 00:00:00.000000;1713
EUTELSAT S/A;EUTELSAT 8 WEST B;671027921;GEO;8 W;Ku;Subida ↑;14210,75;14246,75;36,00;Vertical (V);03/07/2023;2034-06-24 00:00:00.000000;2023-02-17 00:00:00.000000;1713
EUTELSAT S/A;EUTELSAT 8 WEST B;671027921;GEO;8 W;C;Descida ↓;3871;3943;72,00;Circular à esquerda (CL);03/07/2023;2034-06-24 00:00:00.000000;2023-02-17 00:00:00.000000;1713
EUTELSAT S/A;EUTELSAT 8 WEST B;671027921;GEO;8 W;Ku;Descida ↓;11079,25;11133,25;54,00;Vertical (V);03/07/2023;2034-06-24 00:00:00.000000;2023-02-17 00:00:00.000000;1713
EUTELSAT S/A;EUTELSAT 8 WEST B;671027921;GEO;8 W;Ku;Descida ↓;11455,67;11527,67;72,00;Vertical (V);03/07/2023;2034-06-24 00:00:00.000000;2023-02-17 00:00:00.000000;1713
EUTELSAT S/A;EUTELSAT 8 WEST B;671027921;GEO;8 W;C;Descida ↓;3953;4025;72,00;Circular à esquerda (CL);03/07/2023;2034-06-24 00:00:00.000000;2023-02-17 00:00:00.000000;1713
EUTELSAT S/A;EUTELSAT 8 WEST B;671027921;GEO;8 W;Ku;Descida ↓;11660,253;11696,253;36,00;Vertical (V);03/07/2023;2034-06-24 00:00:00.000000;2023-02-17 00:00:00.000000;1713
EUTELSAT S/A;EUTELSAT 8 WEST B;671027921;GEO;8 W;C;Descida ↓;3789;3861;72,00;Circular à esquerda (CL);03/07/2023;2034-06-24 00:00:00.000000;2023-02-17 00:00:00.000000;1713
EUTELSAT S/A;EUTELSAT 8 WEST B;671027921;GEO;8 W;C;Subida ↑;6342;6414;72,00;Circular à esquerda (CL);03/07/2023;2034-06-24 00:00:00.000000;2023-02-17 00:00:00.000000;1713
EUTELSAT S/A;EUTELSAT 8 WEST B;671027921;GEO;8 W;C;Subida ↑;6260;6332;72,00;Circular à esquerda (CL);03/07/2023;2034-06-24 00:00:00.000000;2023-02-17 00:00:00.000000;1713
EUTELSAT S/A;EUTELSAT 8 WEST B;671027921;GEO;8 W;C;Subida ↑;6014;6086;72,00;Circular à esquerda (CL);03/07/2023;2034-06-24 00:00:00.000000;2023-02-17 00:00:00.000000;1713
EUTELSAT S/A;EUTELSAT 8 WEST B;671027921;GEO;8 W;Ku;Descida ↓;11039;11111;72,00;Horizontal (H);03/07/2023;2034-06-24 00:00:00.000000;2023-02-17 00:00:00.000000;1713
EUTELSAT S/A;EUTELSAT 8 WEST B;671027921;GEO;8 W;Ku;Subida ↑;14005,67;14077,67;72,00;Horizontal (H);03/07/2023;2034-06-24 00:00:00.000000;2023-02-17 00:00:00.000000;1713
EUTELSAT S/A;EUTELSAT 8 WEST B;671027921;GEO;8 W;Ku;Subida ↑;14418,753;14454,753;36,00;Horizontal (H);03/07/2023;2034-06-24 00:00:00.000000;2023-02-17 00:00:00.000000;1713
EUTELSAT S/A;EUTELSAT 8 WEST B;671027921;GEO;8 W;Ku;Subida ↑;14335,753;14371,753;36,00;Horizontal (H);03/07/2023;2034-06-24 00:00:00.000000;2023-02-17 00:00:00.000000;1713
EUTELSAT S/A;EUTELSAT 8 WEST B;671027921;GEO;8 W;Ku;Subida ↑;14294,253;14330,253;36,00;Horizontal (H);03/07/2023;2034-06-24 00:00:00.000000;2023-02-17 00:00:00.000000;1713
EUTELSAT S/A;EUTELSAT 8 WEST B;671027921;GEO;8 W;Ku;Descida ↓;11452,753;11488,753;36,00;Horizontal (H);03/07/2023;2034-06-24 00:00:00.000000;2023-02-17 00:00:00.000000;1713
EUTELSAT S/A;EUTELSAT 8 WEST B;671027921;GEO;8 W;Ku;Subida ↑;14005,67;14077,67;72,00;Vertical (V);03/07/2023;2034-06-24 00:00:00.000000;2023-02-17 00:00:00.000000;1713
EUTELSAT S/A;EUTELSAT 8 WEST B;671027921;GEO;8 W;C;Descida ↓;3720;3779;59,00;Circular à esquerda (CL);03/07/2023;2034-06-24 00:00:00.000000;2023-02-17 00:00:00.000000;1713
EUTELSAT S/A;EUTELSAT 8 WEST B;671027921;GEO;8 W;Ku;Subida ↑;13879,25;13933,25;54,00;Horizontal (H);03/07/2023;2034-06-24 00:00:00.000000;2023-02-17 00:00:00.000000;1713
EUTELSAT S/A;EUTELSAT 8 WEST B;671027921;GEO;8 W;Ku;Subida ↑;13941,75;13995,75;54,00;Horizontal (H);03/07/2023;2034-06-24 00:00:00.000000;2023-02-17 00:00:00.000000;1713
EUTELSAT S/A;EUTELSAT 8 WEST B;671027921;GEO;8 W;Ku;Descida ↓;11494,253;11530,253;36,00;Horizontal (H);03/07/2023;2034-06-24 00:00:00.000000;2023-02-17 00:00:00.000000;1713
EUTELSAT S/A;EUTELSAT 8 WEST B;671027921;GEO;8 W;Ku;Subida ↑;14172,33;14244,33;72,00;Horizontal (H);03/07/2023;2034-06-24 00:00:00.000000;2023-02-17 00:00:00.000000;1713
EUTELSAT S/A;EUTELSAT 8 WEST B;671027921;GEO;8 W;C;Descida ↓;4035;4107;72,00;Circular à esquerda (CL);03/07/2023;2034-06-24 00:00:00.000000;2023-02-17 00:00:00.000000;1713
EUTELSAT S/A;EUTELSAT 8 WEST B;671027921;GEO;8 W;Ku;Subida ↑;14377,253;14413,253;36,00;Horizontal (H);03/07/2023;2034-06-24 00:00:00.000000;2023-02-17 00:00:00.000000;1713
EUTELSAT S/A;EUTELSAT 8 WEST B;671027921;GEO;8 W;Ku;Descida ↓;11160,75;11196,75;36,00;Horizontal (H);03/07/2023;2034-06-24 00:00:00.000000;2023-02-17 00:00:00.000000;1713
EUTELSAT S/A;EUTELSAT 8 WEST B;671027921;GEO;8 W;C;Descida ↓;4117;4189;72,00;Circular à esquerda (CL);03/07/2023;2034-06-24 00:00:00.000000;2023-02-17 00:00:00.000000;1713
EUTELSAT S/A;EUTELSAT 8 WEST B;671027921;GEO;8 W;Ku;Subida ↑;14252,753;14288,753;36,00;Horizontal (H);03/07/2023;2034-06-24 00:00:00.000000;2023-02-17 00:00:00.000000;1713
EUTELSAT S/A;EUTELSAT 8 WEST B;671027921;GEO;8 W;C;Subida ↑;5945;6004;59,00;Circular à esquerda (CL);03/07/2023;2034-06-24 00:00:00.000000;2023-02-17 00:00:00.000000;1713
EUTELSAT S/A;EUTELSAT 8 WEST B;671027921;GEO;8 W;Ku;Subida ↑;14418,753;14454,753;36,00;Vertical (V);03/07/2023;2034-06-24 00:00:00.000000;2023-02-17 00:00:00.000000;1713
EUTELSAT S/A;EUTELSAT 8 WEST B;671027921;GEO;8 W;C;Descida ↓;3789;3861;72,00;Circular à direita (CR);03/07/2023;2034-06-24 00:00:00.000000;2023-02-17 00:00:00.000000;1713
EUTELSAT S/A;EUTELSAT 8 WEST B;671027921;GEO;8 W;C;Descida ↓;4035;4107;72,00;Circular à direita (CR);03/07/2023;2034-06-24 00:00:00.000000;2023-02-17 00:00:00.000000;1713
EUTELSAT S/A;EUTELSAT 8 WEST B;671027921;GEO;8 W;Ku;Descida ↓;11535,753;11571,753;36,00;Horizontal (H);03/07/2023;2034-06-24 00:00:00.000000;2023-02-17 00:00:00.000000;1713
EUTELSAT S/A;EUTELSAT 8 WEST B;671027921;GEO;8 W;C;Descida ↓;4117;4189;72,00;Circular à direita (CR);03/07/2023;2034-06-24 00:00:00.000000;2023-02-17 00:00:00.000000;1713
EUTELSAT S/A;EUTELSAT 8 WEST B;671027921;GEO;8 W;C;Subida ↑;5945;6004;59,00;Circular à direita (CR);03/07/2023;2034-06-24 00:00:00.000000;2023-02-17 00:00:00.000000;1713
EUTELSAT S/A;EUTELSAT 8 WEST B;671027921;GEO;8 W;C;Subida ↑;6342;6414;72,00;Circular à direita (CR);03/07/2023;2034-06-24 00:00:00.000000;2023-02-17 00:00:00.000000;1713
EUTELSAT S/A;EUTELSAT 8 WEST B;671027921;GEO;8 W;Ku;Descida ↓;10955,67;11027,67;72,00;Horizontal (H);03/07/2023;2034-06-24 00:00:00.000000;2023-02-17 00:00:00.000000;1713
EUTELSAT S/A;EUTELSAT 8 WEST B;671027921;GEO;8 W;Ku;Subida ↑;14089;14161;72,00;Horizontal (H);03/07/2023;2034-06-24 00:00:00.000000;2023-02-17 00:00:00.000000;1713
EUTELSAT S/A;EUTELSAT 8 WEST B;671027921;GEO;8 W;Ku;Descida ↓;11119,25;11155,25;36,00;Horizontal (H);03/07/2023;2034-06-24 00:00:00.000000;2023-02-17 00:00:00.000000;1713
EUTELSAT S/A;EUTELSAT 8 WEST B;671027921;GEO;8 W;Ku;Subida ↑;13816,75;13870,75;54,00;Horizontal (H);03/07/2023;2034-06-24 00:00:00.000000;2023-02-17 00:00:00.000000;1713
EUTELSAT S/A;EUTELSAT 8 WEST B;671027921;GEO;8 W;Ku;Subida ↑;14169,25;14205,25;36,00;Vertical (V);03/07/2023;2034-06-24 00:00:00.000000;2023-02-17 00:00:00.000000;1713
EUTELSAT S/A;EUTELSAT 8 WEST B;671027921;GEO;8 W;C;Subida ↑;6178;6250;72,00;Circular à direita (CR);03/07/2023;2034-06-24 00:00:00.000000;2023-02-17 00:00:00.000000;1713
EUTELSAT S/A;EUTELSAT 8 WEST B;671027921;GEO;8 W;Ku;Subida ↑;14377,253;14413,253;36,00;Vertical (V);03/07/2023;2034-06-24 00:00:00.000000;2023-02-17 00:00:00.000000;1713
EUTELSAT S/A;EUTELSAT 8 WEST B;671027921;GEO;8 W;Ku;Subida ↑;13754,25;13808,25;54,00;Horizontal (H);03/07/2023;2034-06-24 00:00:00.000000;2023-02-17 00:00:00.000000;1713
GLOBALSTAR LICENSEE LLC;Sistema Globalstar;1005323302;NGEO; ;C;Subida ↑;5091;5250;159,00;Circular à esquerda (CL);22/10/2024;N;2024-09-05 00:00:00.000000;12722
GLOBALSTAR LICENSEE LLC;Sistema Globalstar;1005323302;NGEO; ;C;Descida ↓;6875;7055;180,00;Circular à esquerda (CL);22/10/2024;N;2024-09-05 00:00:00.000000;12722
GLOBALSTAR LICENSEE LLC;Sistema Globalstar;1005323302;NGEO; ;L;Subida ↑;1610;1618,725;9,00;Circular à esquerda (CL);22/10/2024;N;2024-09-05 00:00:00.000000;12722
GLOBALSTAR LICENSEE LLC;Sistema Globalstar;1005323302;NGEO; ;C;Subida ↑;5091;5250;159,00;Circular à direita (CR);22/10/2024;N;2024-09-05 00:00:00.000000;12722
GLOBALSTAR LICENSEE LLC;Sistema Globalstar;1005323302;NGEO; ;S;Descida ↓;2483,5;2500;17,00;Circular à esquerda (CL);22/10/2024;N;2024-09-05 00:00:00.000000;12722
GLOBALSTAR LICENSEE LLC;Sistema Globalstar;1005323302;NGEO; ;C;Descida ↓;6875;7055;180,00;Circular à direita (CR);22/10/2024;N;2024-09-05 00:00:00.000000;12722
HISPAMAR SATELITES S.A.;AMAZONAS 3;698856007;GEO;61 W;Ku;Subida ↑;14169;14205;36,00;Vertical (V);22/09/2025;N;2015-12-15 00:00:00.000000;6741
HISPAMAR SATELITES S.A.;AMAZONAS 3;698856007;GEO;61 W;Ku;Descida ↓;10957;10993;36,00;Vertical (V);22/09/2025;N;2015-12-15 00:00:00.000000;6741
HISPAMAR SATELITES S.A.;AMAZONAS 3;698856007;GEO;61 W;Ku;Descida ↓;11833;11887;54,00;Vertical (V);22/09/2025;N;2015-12-15 00:00:00.000000;6741
HISPAMAR SATELITES S.A.;AMAZONAS 3;698856007;GEO;61 W;Ku;Subida ↑;13754;13790;36,00;Vertical (V);22/09/2025;N;2015-12-15 00:00:00.000000;6741
HISPAMAR SATELITES S.A.;AMAZONAS 3;698856007;GEO;61 W;Ka;Subida ↑;29525;29975;450,00;Circular à esquerda (CL);22/09/2025;N;2015-12-15 00:00:00.000000;6741
HISPAMAR SATELITES S.A.;AMAZONAS 3;698856007;GEO;61 W;Ku;Subida ↑;14129;14165;36,00;Vertical (V);22/09/2025;N;2015-12-15 00:00:00.000000;6741
HISPAMAR SATELITES S.A.;AMAZONAS 3;698856007;GEO;61 W;C;Descida ↓;4004;4058;54,00;Horizontal (H);22/09/2025;N;2025-09-15 00:00:00.000000;12891
HISPAMAR SATELITES S.A.;AMAZONAS 3;698856007;GEO;61 W;Ka;Descida ↓;19725;20175;450,00;Circular à esquerda (CL);22/09/2025;N;2015-12-15 00:00:00.000000;6741
HISPAMAR SATELITES S.A.;AMAZONAS 3;698856007;GEO;61 W;Ku;Subida ↑;14293;14329;36,00;Vertical (V);22/09/2025;N;2015-12-15 00:00:00.000000;6741
HISPAMAR SATELITES S.A.;AMAZONAS 3;698856007;GEO;61 W;Ku;Subida ↑;13874;13910;36,00;Vertical (V);22/09/2025;N;2015-12-15 00:00:00.000000;6741
HISPAMAR SATELITES S.A.;AMAZONAS 3;698856007;GEO;61 W;Ku;Descida ↓;11117;11153;36,00;Horizontal (H);22/09/2025;N;2015-12-15 00:00:00.000000;6741
HISPAMAR SATELITES S.A.;AMAZONAS 3;698856007;GEO;61 W;Ku;Descida ↓;10997;11033;36,00;Horizontal (H);22/09/2025;N;2015-12-15 00:00:00.000000;6741
HISPAMAR SATELITES S.A.;AMAZONAS 3;698856007;GEO;61 W;Ku;Descida ↓;12114;12150;36,00;Horizontal (H);22/09/2025;N;2015-12-15 00:00:00.000000;6741
HISPAMAR SATELITES S.A.;AMAZONAS 3;698856007;GEO;61 W;Ka;Subida ↑;29550;29950;400,00;Circular à direita (CR);22/09/2025;N;2015-12-15 00:00:00.000000;6741
HISPAMAR SATELITES S.A.;AMAZONAS 3;698856007;GEO;61 W;Ku;Descida ↓;11077;11113;36,00;Horizontal (H);22/09/2025;N;2015-12-15 00:00:00.000000;6741
HISPAMAR SATELITES S.A.;AMAZONAS 3;698856007;GEO;61 W;Ku;Subida ↑;14253;14289;36,00;Horizontal (H);22/09/2025;N;2015-12-15 00:00:00.000000;6741
HISPAMAR SATELITES S.A.;AMAZONAS 3;698856007;GEO;61 W;Ku;Subida ↑;14413;14449;36,00;Horizontal (H);22/09/2025;N;2015-12-15 00:00:00.000000;6741
HISPAMAR SATELITES S.A.;AMAZONAS 3;698856007;GEO;61 W;Ku;Subida ↑;14068;14122;54,00;Horizontal (H);22/09/2025;N;2015-12-15 00:00:00.000000;6741
HISPAMAR SATELITES S.A.;AMAZONAS 3;698856007;GEO;61 W;Ka;Descida ↓;19725;20175;450,00;Circular à direita (CR);22/09/2025;N;2015-12-15 00:00:00.000000;6741
HISPAMAR SATELITES S.A.;AMAZONAS 3;698856007;GEO;61 W;Ku;Subida ↑;14373;14409;36,00;Horizontal (H);22/09/2025;N;2015-12-15 00:00:00.000000;6741
HISPAMAR SATELITES S.A.;AMAZONAS 3;698856007;GEO;61 W;Ku;Descida ↓;12034;12070;36,00;Horizontal (H);22/09/2025;N;2015-12-15 00:00:00.000000;6741
HISPAMAR SATELITES S.A.;AMAZONAS 3;698856007;GEO;61 W;Ka;Subida ↑;29525;29975;450,00;Circular à direita (CR);22/09/2025;N;2015-12-15 00:00:00.000000;6741
HISPAMAR SATELITES S.A.;AMAZONAS 3;698856007;GEO;61 W;Ku;Descida ↓;11037;11073;36,00;Horizontal (H);22/09/2025;N;2015-12-15 00:00:00.000000;6741
HISPAMAR SATELITES S.A.;AMAZONAS 3;698856007;GEO;61 W;Ku;Descida ↓;11873;11909;36,00;Horizontal (H);22/09/2025;N;2015-12-15 00:00:00.000000;6741
HISPAMAR SATELITES S.A.;AMAZONAS 3;698856007;GEO;61 W;Ku;Descida ↓;11772;11826;54,00;Horizontal (H);22/09/2025;N;2015-12-15 00:00:00.000000;6741
HISPAMAR SATELITES S.A.;AMAZONAS 3;698856007;GEO;61 W;Ku;Subida ↑;14129;14183;54,00;Horizontal (H);22/09/2025;N;2015-12-15 00:00:00.000000;6741
HISPAMAR SATELITES S.A.;AMAZONAS 3;698856007;GEO;61 W;Ku;Subida ↑;14209;14245;36,00;Vertical (V);22/09/2025;N;2015-12-15 00:00:00.000000;6741
HISPAMAR SATELITES S.A.;AMAZONAS 3;698856007;GEO;61 W;Ku;Descida ↓;12074;12110;36,00;Horizontal (H);22/09/2025;N;2015-12-15 00:00:00.000000;6741
HISPAMAR SATELITES S.A.;AMAZONAS 3;698856007;GEO;61 W;Ku;Subida ↑;14190;14244;54,00;Horizontal (H);22/09/2025;N;2015-12-15 00:00:00.000000;6741
HISPAMAR SATELITES S.A.;AMAZONAS 3;698856007;GEO;61 W;Ku;Descida ↓;11157;11193;36,00;Horizontal (H);22/09/2025;N;2015-12-15 00:00:00.000000;6741
HISPAMAR SATELITES S.A.;AMAZONAS 3;698856007;GEO;61 W;Ku;Descida ↓;11994;12030;36,00;Horizontal (H);22/09/2025;N;2015-12-15 00:00:00.000000;6741
HISPAMAR SATELITES S.A.;AMAZONAS 3;698856007;GEO;61 W;Ku;Descida ↓;11913;11949;36,00;Horizontal (H);22/09/2025;N;2015-12-15 00:00:00.000000;6741
HISPAMAR SATELITES S.A.;AMAZONAS 3;698856007;GEO;61 W;Ku;Descida ↓;11954;11990;36,00;Horizontal (H);22/09/2025;N;2015-12-15 00:00:00.000000;6741
HISPAMAR SATELITES S.A.;AMAZONAS 3;698856007;GEO;61 W;Ku;Descida ↓;11833;11869;36,00;Horizontal (H);22/09/2025;N;2015-12-15 00:00:00.000000;6741
HISPAMAR SATELITES S.A.;AMAZONAS 3;698856007;GEO;61 W;Ku;Descida ↓;12154;12190;36,00;Horizontal (H);22/09/2025;N;2015-12-15 00:00:00.000000;6741
HISPAMAR SATELITES S.A.;AMAZONAS 3;698856007;GEO;61 W;Ku;Descida ↓;10957;10993;36,00;Horizontal (H);22/09/2025;N;2015-12-15 00:00:00.000000;6741
HISPAMAR SATELITES S.A.;AMAZONAS 3;698856007;GEO;61 W;Ku;Descida ↓;11711;11765;54,00;Horizontal (H);22/09/2025;N;2015-12-15 00:00:00.000000;6741
HISPAMAR SATELITES S.A.;AMAZONAS 3;698856007;GEO;61 W;Ku;Subida ↑;14293;14329;36,00;Horizontal (H);22/09/2025;N;2015-12-15 00:00:00.000000;6741
HISPAMAR SATELITES S.A.;AMAZONAS 3;698856007;GEO;61 W;Ka;Descida ↓;19750;20150;400,00;Circular à esquerda (CL);22/09/2025;N;2015-12-15 00:00:00.000000;6741
HISPAMAR SATELITES S.A.;AMAZONAS 3;698856007;GEO;61 W;Ku;Descida ↓;11711;11765;54,00;Vertical (V);22/09/2025;N;2015-12-15 00:00:00.000000;6741
HISPAMAR SATELITES S.A.;AMAZONAS 3;698856007;GEO;61 W;Ku;Descida ↓;11077;11113;36,00;Vertical (V);22/09/2025;N;2015-12-15 00:00:00.000000;6741
HISPAMAR SATELITES S.A.;AMAZONAS 3;698856007;GEO;61 W;Ku;Subida ↑;14253;14289;36,00;Vertical (V);22/09/2025;N;2015-12-15 00:00:00.000000;6741
HISPAMAR SATELITES S.A.;AMAZONAS 3;698856007;GEO;61 W;Ku;Subida ↑;14453;14489;36,00;Vertical (V);22/09/2025;N;2015-12-15 00:00:00.000000;6741
HISPAMAR SATELITES S.A.;AMAZONAS 3;698856007;GEO;61 W;Ku;Descida ↓;11117;11153;36,00;Vertical (V);22/09/2025;N;2015-12-15 00:00:00.000000;6741
HISPAMAR SATELITES S.A.;AMAZONAS 3;698856007;GEO;61 W;Ku;Descida ↓;10997;11033;36,00;Vertical (V);22/09/2025;N;2015-12-15 00:00:00.000000;6741
HISPAMAR SATELITES S.A.;AMAZONAS 3;698856007;GEO;61 W;Ku;Descida ↓;11772;11829;57,00;Vertical (V);22/09/2025;N;2015-12-15 00:00:00.000000;6741
HISPAMAR SATELITES S.A.;AMAZONAS 3;698856007;GEO;61 W;Ku;Subida ↑;13834;13870;36,00;Vertical (V);22/09/2025;N;2015-12-15 00:00:00.000000;6741
HISPAMAR SATELITES S.A.;AMAZONAS 3;698856007;GEO;61 W;Ku;Subida ↑;14373;14409;36,00;Vertical (V);22/09/2025;N;2015-12-15 00:00:00.000000;6741
HISPAMAR SATELITES S.A.;AMAZONAS 3;698856007;GEO;61 W;Ku;Descida ↓;11037;11073;36,00;Vertical (V);22/09/2025;N;2015-12-15 00:00:00.000000;6741
HISPAMAR SATELITES S.A.;AMAZONAS 3;698856007;GEO;61 W;Ku;Subida ↑;13794;13830;36,00;Vertical (V);22/09/2025;N;2015-12-15 00:00:00.000000;6741
HISPAMAR SATELITES S.A.;AMAZONAS 3;698856007;GEO;61 W;Ku;Subida ↑;14068;14122;54,00;Vertical (V);22/09/2025;N;2015-12-15 00:00:00.000000;6741
HISPAMAR SATELITES S.A.;AMAZONAS 3;698856007;GEO;61 W;Ku;Descida ↓;11157;11193;36,00;Vertical (V);22/09/2025;N;2015-12-15 00:00:00.000000;6741
HISPAMAR SATELITES S.A.;AMAZONAS 3;698856007;GEO;61 W;C;Descida ↓;3747;3801;54,00;Horizontal (H);22/09/2025;N;2025-09-15 00:00:00.000000;12891
HISPAMAR SATELITES S.A.;AMAZONAS 3;698856007;GEO;61 W;C;Descida ↓;3943;3997;54,00;Horizontal (H);22/09/2025;N;2025-09-15 00:00:00.000000;12891
HISPAMAR SATELITES S.A.;AMAZONAS 3;698856007;GEO;61 W;C;Descida ↓;3808;3862;54,00;Horizontal (H);22/09/2025;N;2025-09-15 00:00:00.000000;12891
HISPAMAR SATELITES S.A.;AMAZONAS 3;698856007;GEO;61 W;C;Descida ↓;4126;4180;54,00;Horizontal (H);22/09/2025;N;2025-09-15 00:00:00.000000;12891
HISPAMAR SATELITES S.A.;AMAZONAS 3;698856007;GEO;61 W;Ku;Subida ↑;14333;14369;36,00;Horizontal (H);22/09/2025;N;2015-12-15 00:00:00.000000;6741
HISPAMAR SATELITES S.A.;AMAZONAS 3;698856007;GEO;61 W;C;Descida ↓;4065;4119;54,00;Horizontal (H);22/09/2025;N;2025-09-15 00:00:00.000000;12891
HISPAMAR SATELITES S.A.;AMAZONAS 3;698856007;GEO;61 W;Ku;Subida ↑;14007;14061;54,00;Horizontal (H);22/09/2025;N;2015-12-15 00:00:00.000000;6741
HISPAMAR SATELITES S.A.;AMAZONAS 3;698856007;GEO;61 W;Ku;Subida ↑;14453;14489;36,00;Horizontal (H);22/09/2025;N;2015-12-15 00:00:00.000000;6741
HISPAMAR SATELITES S.A.;AMAZONAS 3;698856007;GEO;61 W;Ku;Subida ↑;14333;14369;36,00;Vertical (V);22/09/2025;N;2015-12-15 00:00:00.000000;6741
HISPAMAR SATELITES S.A.;AMAZONAS 3;698856007;GEO;61 W;Ku;Descida ↓;11894;11948;54,00;Vertical (V);22/09/2025;N;2015-12-15 00:00:00.000000;6741
HISPAMAR SATELITES S.A.;AMAZONAS 3;698856007;GEO;61 W;Ku;Subida ↑;13914;13950;36,00;Vertical (V);22/09/2025;N;2015-12-15 00:00:00.000000;6741
HISPAMAR SATELITES S.A.;AMAZONAS 3;698856007;GEO;61 W;Ku;Subida ↑;14413;14449;36,00;Vertical (V);22/09/2025;N;2015-12-15 00:00:00.000000;6741
HISPAMAR SATELITES S.A.;AMAZONAS 3;698856007;GEO;61 W;Ku;Subida ↑;13954;13990;36,00;Vertical (V);22/09/2025;N;2015-12-15 00:00:00.000000;6741
HISPAMAR SATELITES S.A.;AMAZONAS 3;698856007;GEO;61 W;Ku;Subida ↑;14007;14061;54,00;Vertical (V);22/09/2025;N;2015-12-15 00:00:00.000000;6741
HISPAMAR SATELITES S.A.;AMAZONAS 3;698856007;GEO;61 W;C;Descida ↓;3869;3923;54,00;Horizontal (H);22/09/2025;N;2025-09-15 00:00:00.000000;12891
HISPAMAR SATELITES S.A.;AMAZONAS 3;698856007;GEO;61 W;C;Descida ↓;3720;3740;20,00;Horizontal (H);22/09/2025;N;2025-09-15 00:00:00.000000;12891
HISPAMAR SATELITES S.A.;AMAZONAS 3;698856007;GEO;61 W;C;Subida ↑;5981;6035;54,00;Horizontal (H);22/09/2025;N;2025-09-15 00:00:00.000000;12891
HISPAMAR SATELITES S.A.;AMAZONAS 3;698856007;GEO;61 W;C;Subida ↑;5920;5974;54,00;Horizontal (H);22/09/2025;N;2025-09-15 00:00:00.000000;12891
HISPAMAR SATELITES S.A.;AMAZONAS 3;698856007;GEO;61 W;C;Subida ↑;6103;6157;54,00;Horizontal (H);22/09/2025;N;2025-09-15 00:00:00.000000;12891
HISPAMAR SATELITES S.A.;AMAZONAS 3;698856007;GEO;61 W;C;Subida ↑;6225;6279;54,00;Horizontal (H);22/09/2025;N;2025-09-15 00:00:00.000000;12891
HISPAMAR SATELITES S.A.;AMAZONAS 3;698856007;GEO;61 W;C;Subida ↑;6164;6218;54,00;Horizontal (H);22/09/2025;N;2025-09-15 00:00:00.000000;12891
HISPAMAR SATELITES S.A.;AMAZONAS 3;698856007;GEO;61 W;C;Subida ↑;5859;5913;54,00;Horizontal (H);22/09/2025;N;2025-09-15 00:00:00.000000;12891
HISPAMAR SATELITES S.A.;AMAZONAS 3;698856007;GEO;61 W;C;Subida ↑;5850;5904;54,00;Vertical (V);22/09/2025;N;2025-09-15 00:00:00.000000;12891
HISPAMAR SATELITES S.A.;AMAZONAS 3;698856007;GEO;61 W;C;Subida ↑;6347;6383;36,00;Horizontal (H);22/09/2025;N;2025-09-15 00:00:00.000000;12891
HISPAMAR SATELITES S.A.;AMAZONAS 3;698856007;GEO;61 W;C;Subida ↑;6229;6283;54,00;Vertical (V);22/09/2025;N;2025-09-15 00:00:00.000000;12891
HISPAMAR SATELITES S.A.;AMAZONAS 3;698856007;GEO;61 W;C;Subida ↑;6286;6340;54,00;Horizontal (H);22/09/2025;N;2025-09-15 00:00:00.000000;12891
HISPAMAR SATELITES S.A.;AMAZONAS 3;698856007;GEO;61 W;C;Subida ↑;6042;6096;54,00;Horizontal (H);22/09/2025;N;2025-09-15 00:00:00.000000;12891
HISPAMAR SATELITES S.A.;AMAZONAS 3;698856007;GEO;61 W;C;Subida ↑;5972;6026;54,00;Vertical (V);22/09/2025;N;2025-09-15 00:00:00.000000;12891
HISPAMAR SATELITES S.A.;AMAZONAS 3;698856007;GEO;61 W;C;Subida ↑;6094;6148;54,00;Vertical (V);22/09/2025;N;2025-09-15 00:00:00.000000;12891
HISPAMAR SATELITES S.A.;AMAZONAS 3;698856007;GEO;61 W;C;Subida ↑;6351;6405;54,00;Vertical (V);22/09/2025;N;2025-09-15 00:00:00.000000;12891
HISPAMAR SATELITES S.A.;AMAZONAS 3;698856007;GEO;61 W;C;Subida ↑;6168;6222;54,00;Vertical (V);22/09/2025;N;2025-09-15 00:00:00.000000;12891
HISPAMAR SATELITES S.A.;AMAZONAS 3;698856007;GEO;61 W;C;Descida ↓;4000;4054;54,00;Vertical (V);22/09/2025;N;2025-09-15 00:00:00.000000;12891
HISPAMAR SATELITES S.A.;AMAZONAS 3;698856007;GEO;61 W;C;Descida ↓;3756;3810;54,00;Vertical (V);22/09/2025;N;2025-09-15 00:00:00.000000;12891
HISPAMAR SATELITES S.A.;AMAZONAS 3;698856007;GEO;61 W;C;Subida ↑;6387;6423;36,00;Horizontal (H);22/09/2025;N;2025-09-15 00:00:00.000000;12891
HISPAMAR SATELITES S.A.;AMAZONAS 3;698856007;GEO;61 W;C;Descida ↓;4061;4115;54,00;Vertical (V);22/09/2025;N;2025-09-15 00:00:00.000000;12891
HISPAMAR SATELITES S.A.;AMAZONAS 3;698856007;GEO;61 W;C;Descida ↓;3817;3871;54,00;Vertical (V);22/09/2025;N;2025-09-15 00:00:00.000000;12891
HISPAMAR SATELITES S.A.;AMAZONAS 3;698856007;GEO;61 W;C;Descida ↓;3878;3932;54,00;Vertical (V);22/09/2025;N;2025-09-15 00:00:00.000000;12891
HISPAMAR SATELITES S.A.;AMAZONAS 3;698856007;GEO;61 W;C;Subida ↑;6290;6344;54,00;Vertical (V);22/09/2025;N;2025-09-15 00:00:00.000000;12891
HISPAMAR SATELITES S.A.;AMAZONAS 3;698856007;GEO;61 W;C;Descida ↓;3939;3993;54,00;Vertical (V);22/09/2025;N;2025-09-15 00:00:00.000000;12891
HISPAMAR SATELITES S.A.;AMAZONAS 3;698856007;GEO;61 W;C;Descida ↓;3720;3749;29,00;Vertical (V);22/09/2025;N;2025-09-15 00:00:00.000000;12891
HISPAMAR SATELITES S.A.;AMAZONAS 3;698856007;GEO;61 W;C;Descida ↓;4122;4158;36,00;Vertical (V);22/09/2025;N;2025-09-15 00:00:00.000000;12891
HISPAMAR SATELITES S.A.;AMAZONAS 3;698856007;GEO;61 W;C;Subida ↑;5911;5965;54,00;Vertical (V);22/09/2025;N;2025-09-15 00:00:00.000000;12891
HISPAMAR SATELITES S.A.;AMAZONAS 3;698856007;GEO;61 W;C;Descida ↓;4162;4198;36,00;Vertical (V);22/09/2025;N;2025-09-15 00:00:00.000000;12891
HISPAMAR SATELITES S.A.;AMAZONAS 3;698856007;GEO;61 W;C;Subida ↑;6033;6087;54,00;Vertical (V);22/09/2025;N;2025-09-15 00:00:00.000000;12891
TELESAT BRASIL CAPACIDADE DE SATÉLITES LTDA;Telstar 19 Vantage;1007130676;GEO;63 W;Ku;Subida ↑;14322;14495;173,00;Horizontal (H);27/12/2023;N;2023-11-17 00:00:00.000000;16127
TELESAT BRASIL CAPACIDADE DE SATÉLITES LTDA;Telstar 19 Vantage;1007130676;GEO;63 W;Ku;Subida ↑;13874;13910;36,00;Horizontal (H);27/12/2023;N;2023-11-17 00:00:00.000000;16127
HISPAMAR SATELITES S.A.;AMAZONAS 5;1005339845;GEO;61 W;Ka;Subida ↑;27462,5;27912,5;450,00;Circular à direita (CR);16/05/2018;2030-10-02 00:00:00.000000;2014-08-06 00:00:00.000000;6913
HISPAMAR SATELITES S.A.;AMAZONAS 5;1005339845;GEO;61 W;Ka;Descida ↓;19712,5;19937,5;225,00;Circular à direita (CR);16/05/2018;2030-10-02 00:00:00.000000;2015-12-15 00:00:00.000000;6741
HISPAMAR SATELITES S.A.;AMAZONAS 5;1005339845;GEO;61 W;Ka;Subida ↑;28612,5;28837,5;225,00;Circular à direita (CR);16/05/2018;2030-10-02 00:00:00.000000;2014-08-06 00:00:00.000000;6913
HISPAMAR SATELITES S.A.;AMAZONAS 5;1005339845;GEO;61 W;Ka;Descida ↓;18955;19180;225,00;Circular à direita (CR);16/05/2018;2030-10-02 00:00:00.000000;2014-08-06 00:00:00.000000;6913
HISPAMAR SATELITES S.A.;AMAZONAS 5;1005339845;GEO;61 W;Ka;Subida ↑;29550;29950;400,00;Circular à direita (CR);16/05/2018;2030-10-02 00:00:00.000000;2015-12-15 00:00:00.000000;6741
HISPAMAR SATELITES S.A.;AMAZONAS 5;1005339845;GEO;61 W;Ka;Descida ↓;18125;18575;450,00;Circular à direita (CR);16/05/2018;2030-10-02 00:00:00.000000;2015-12-15 00:00:00.000000;6741
HISPAMAR SATELITES S.A.;AMAZONAS 5;1005339845;GEO;61 W;Ka;Descida ↓;18265;18665;400,00;Circular à direita (CR);16/05/2018;2030-10-02 00:00:00.000000;2014-08-06 00:00:00.000000;6913
HISPAMAR SATELITES S.A.;AMAZONAS 5;1005339845;GEO;61 W;Ka;Descida ↓;19725;20175;450,00;Circular à direita (CR);16/05/2018;2030-10-02 00:00:00.000000;2015-12-15 00:00:00.000000;6741
TELESAT BRASIL CAPACIDADE DE SATÉLITES LTDA;Telstar 19 Vantage;1007130676;GEO;63 W;Ku;Descida ↓;11868;11904;36,00;Horizontal (H);27/12/2023;N;2023-11-17 00:00:00.000000;16127
HISPAMAR SATELITES S.A.;AMAZONAS 5;1005339845;GEO;61 W;Ka;Descida ↓;19455;19680;225,00;Circular à direita (CR);16/05/2018;2030-10-02 00:00:00.000000;2014-08-06 00:00:00.000000;6913
HISPAMAR SATELITES S.A.;AMAZONAS 5;1005339845;GEO;61 W;Ka;Descida ↓;17825;18225;400,00;Circular à direita (CR);16/05/2018;2030-10-02 00:00:00.000000;2014-08-06 00:00:00.000000;6913
HISPAMAR SATELITES S.A.;AMAZONAS 5;1005339845;GEO;61 W;Ka;Subida ↑;28362,5;28587,5;225,00;Circular à direita (CR);16/05/2018;2030-10-02 00:00:00.000000;2014-08-06 00:00:00.000000;6913
HISPAMAR SATELITES S.A.;AMAZONAS 5;1005339845;GEO;61 W;Ka;Subida ↑;29512,5;29737,5;225,00;Circular à direita (CR);16/05/2018;2030-10-02 00:00:00.000000;2015-12-15 00:00:00.000000;6741
HISPAMAR SATELITES S.A.;AMAZONAS 5;1005339845;GEO;61 W;Ka;Descida ↓;18705;18930;225,00;Circular à direita (CR);16/05/2018;2030-10-02 00:00:00.000000;2014-08-06 00:00:00.000000;6913
HISPAMAR SATELITES S.A.;AMAZONAS 5;1005339845;GEO;61 W;Ka;Subida ↑;29762,5;29987,5;225,00;Circular à direita (CR);16/05/2018;2030-10-02 00:00:00.000000;2015-12-15 00:00:00.000000;6741
HISPAMAR SATELITES S.A.;AMAZONAS 5;1005339845;GEO;61 W;Ka;Subida ↑;28887,5;29112,5;225,00;Circular à direita (CR);16/05/2018;2030-10-02 00:00:00.000000;2014-08-06 00:00:00.000000;6913
HISPAMAR SATELITES S.A.;AMAZONAS 5;1005339845;GEO;61 W;Ka;Subida ↑;27950;28350;400,00;Circular à direita (CR);16/05/2018;2030-10-02 00:00:00.000000;2015-12-15 00:00:00.000000;6741
HISPAMAR SATELITES S.A.;AMAZONAS 5;1005339845;GEO;61 W;Ka;Descida ↓;19962,5;20187,5;225,00;Circular à direita (CR);16/05/2018;2030-10-02 00:00:00.000000;2015-12-15 00:00:00.000000;6741
WORLDVU SATELLITES LIMITED;Sistema Oneweb;1014513410;NGEO; ;Ka;Descida ↓;17800;18600;800,00;Circular à direita (CR);22/05/2026;N;2022-07-15 00:00:00.000000;10495
HISPAMAR SATELITES S.A.;AMAZONAS 5;1005339845;GEO;61 W;Ka;Descida ↓;19205;19430;225,00;Circular à direita (CR);16/05/2018;2030-10-02 00:00:00.000000;2014-08-06 00:00:00.000000;6913
HISPAMAR SATELITES S.A.;AMAZONAS 5;1005339845;GEO;61 W;Ka;Subida ↑;29137,5;29362,5;225,00;Circular à direita (CR);16/05/2018;2030-10-02 00:00:00.000000;2014-08-06 00:00:00.000000;6913
HISPAMAR SATELITES S.A.;AMAZONAS 5;1005339845;GEO;61 W;Ka;Subida ↑;27975;28425;450,00;Circular à direita (CR);16/05/2018;2030-10-02 00:00:00.000000;2014-08-06 00:00:00.000000;6913
HISPAMAR SATELITES S.A.;AMAZONAS 5;1005339845;GEO;61 W;Ku(AP30/30A);Descida ↓;12212;12248;36,00;Horizontal (H);16/05/2018;2030-10-02 00:00:00.000000;2014-08-06 00:00:00.000000;6913
HISPAMAR SATELITES S.A.;AMAZONAS 5;1005339845;GEO;61 W;Ku(AP30/30A);Subida ↑;17552;17588;36,00;Horizontal (H);16/05/2018;2030-10-02 00:00:00.000000;2014-08-06 00:00:00.000000;6913
HISPAMAR SATELITES S.A.;AMAZONAS 5;1005339845;GEO;61 W;Ku(AP30/30A);Subida ↑;17352;17388;36,00;Vertical (V);16/05/2018;2030-10-02 00:00:00.000000;2014-08-06 00:00:00.000000;6913
HISPAMAR SATELITES S.A.;AMAZONAS 5;1005339845;GEO;61 W;Ka;Subida ↑;28887,5;29112,5;225,00;Circular à esquerda (CL);16/05/2018;2030-10-02 00:00:00.000000;2014-08-06 00:00:00.000000;6913
HISPAMAR SATELITES S.A.;AMAZONAS 5;1005339845;GEO;61 W;Ku(AP30/30A);Subida ↑;17672;17708;36,00;Vertical (V);16/05/2018;2030-10-02 00:00:00.000000;2014-08-06 00:00:00.000000;6913
HISPAMAR SATELITES S.A.;AMAZONAS 5;1005339845;GEO;61 W;Ku(AP30/30A);Subida ↑;17352;17388;36,00;Horizontal (H);16/05/2018;2030-10-02 00:00:00.000000;2014-08-06 00:00:00.000000;6913
HISPAMAR SATELITES S.A.;AMAZONAS 5;1005339845;GEO;61 W;Ku(AP30/30A);Descida ↓;12492;12528;36,00;Vertical (V);16/05/2018;2030-10-02 00:00:00.000000;2014-08-06 00:00:00.000000;6913
HISPAMAR SATELITES S.A.;AMAZONAS 5;1005339845;GEO;61 W;Ku(AP30/30A);Subida ↑;17392;17428;36,00;Horizontal (H);16/05/2018;2030-10-02 00:00:00.000000;2014-08-06 00:00:00.000000;6913
HISPAMAR SATELITES S.A.;AMAZONAS 5;1005339845;GEO;61 W;Ka;Subida ↑;28612,5;28837,5;225,00;Circular à esquerda (CL);16/05/2018;2030-10-02 00:00:00.000000;2014-08-06 00:00:00.000000;6913
HISPAMAR SATELITES S.A.;AMAZONAS 5;1005339845;GEO;61 W;Ku(AP30/30A);Descida ↓;12612;12648;36,00;Vertical (V);16/05/2018;2030-10-02 00:00:00.000000;2014-08-06 00:00:00.000000;6913
HISPAMAR SATELITES S.A.;AMAZONAS 5;1005339845;GEO;61 W;Ka;Descida ↓;19455;19680;225,00;Circular à esquerda (CL);16/05/2018;2030-10-02 00:00:00.000000;2014-08-06 00:00:00.000000;6913
HISPAMAR SATELITES S.A.;AMAZONAS 5;1005339845;GEO;61 W;Ku(AP30/30A);Subida ↑;17592;17628;36,00;Vertical (V);16/05/2018;2030-10-02 00:00:00.000000;2014-08-06 00:00:00.000000;6913
HISPAMAR SATELITES S.A.;AMAZONAS 5;1005339845;GEO;61 W;Ku(AP30/30A);Subida ↑;17512;17548;36,00;Vertical (V);16/05/2018;2030-10-02 00:00:00.000000;2014-08-06 00:00:00.000000;6913
HISPAMAR SATELITES S.A.;AMAZONAS 5;1005339845;GEO;61 W;Ku(AP30/30A);Subida ↑;17552;17588;36,00;Vertical (V);16/05/2018;2030-10-02 00:00:00.000000;2014-08-06 00:00:00.000000;6913
HISPAMAR SATELITES S.A.;AMAZONAS 5;1005339845;GEO;61 W;Ku(AP30/30A);Subida ↑;17712;17748;36,00;Vertical (V);16/05/2018;2030-10-02 00:00:00.000000;2014-08-06 00:00:00.000000;6913
HISPAMAR SATELITES S.A.;AMAZONAS 5;1005339845;GEO;61 W;Ka;Descida ↓;19205;19430;225,00;Circular à esquerda (CL);16/05/2018;2030-10-02 00:00:00.000000;2014-08-06 00:00:00.000000;6913
HISPAMAR SATELITES S.A.;AMAZONAS 5;1005339845;GEO;61 W;Ka;Descida ↓;18955;19180;225,00;Circular à esquerda (CL);16/05/2018;2030-10-02 00:00:00.000000;2014-08-06 00:00:00.000000;6913
HISPAMAR SATELITES S.A.;AMAZONAS 5;1005339845;GEO;61 W;Ku(AP30/30A);Descida ↓;12532;12568;36,00;Vertical (V);16/05/2018;2030-10-02 00:00:00.000000;2014-08-06 00:00:00.000000;6913
HISPAMAR SATELITES S.A.;AMAZONAS 5;1005339845;GEO;61 W;Ku(AP30/30A);Subida ↑;17512;17548;36,00;Horizontal (H);16/05/2018;2030-10-02 00:00:00.000000;2014-08-06 00:00:00.000000;6913
HISPAMAR SATELITES S.A.;AMAZONAS 5;1005339845;GEO;61 W;Ku(AP30/30A);Subida ↑;17672;17708;36,00;Horizontal (H);16/05/2018;2030-10-02 00:00:00.000000;2014-08-06 00:00:00.000000;6913
HISPAMAR SATELITES S.A.;AMAZONAS 5;1005339845;GEO;61 W;Ku(AP30/30A);Subida ↑;17472;17508;36,00;Horizontal (H);16/05/2018;2030-10-02 00:00:00.000000;2014-08-06 00:00:00.000000;6913
HISPAMAR SATELITES S.A.;AMAZONAS 5;1005339845;GEO;61 W;Ku(AP30/30A);Descida ↓;12412;12448;36,00;Vertical (V);16/05/2018;2030-10-02 00:00:00.000000;2014-08-06 00:00:00.000000;6913
HISPAMAR SATELITES S.A.;AMAZONAS 5;1005339845;GEO;61 W;Ku(AP30/30A);Subida ↑;17312;17348;36,00;Horizontal (H);16/05/2018;2030-10-02 00:00:00.000000;2014-08-06 00:00:00.000000;6913
HISPAMAR SATELITES S.A.;AMAZONAS 5;1005339845;GEO;61 W;Ku(AP30/30A);Subida ↑;17432;17468;36,00;Vertical (V);16/05/2018;2030-10-02 00:00:00.000000;2014-08-06 00:00:00.000000;6913
HISPAMAR SATELITES S.A.;AMAZONAS 5;1005339845;GEO;61 W;Ku(AP30/30A);Subida ↑;17592;17628;36,00;Horizontal (H);16/05/2018;2030-10-02 00:00:00.000000;2014-08-06 00:00:00.000000;6913
HISPAMAR SATELITES S.A.;AMAZONAS 5;1005339845;GEO;61 W;Ku(AP30/30A);Subida ↑;17432;17468;36,00;Horizontal (H);16/05/2018;2030-10-02 00:00:00.000000;2014-08-06 00:00:00.000000;6913
HISPAMAR SATELITES S.A.;AMAZONAS 5;1005339845;GEO;61 W;Ku(AP30/30A);Descida ↓;12452;12488;36,00;Vertical (V);16/05/2018;2030-10-02 00:00:00.000000;2014-08-06 00:00:00.000000;6913
HISPAMAR SATELITES S.A.;AMAZONAS 5;1005339845;GEO;61 W;Ku(AP30/30A);Subida ↑;17712;17748;36,00;Horizontal (H);16/05/2018;2030-10-02 00:00:00.000000;2014-08-06 00:00:00.000000;6913
HISPAMAR SATELITES S.A.;AMAZONAS 5;1005339845;GEO;61 W;Ku(AP30/30A);Descida ↓;12212;12248;36,00;Vertical (V);16/05/2018;2030-10-02 00:00:00.000000;2014-08-06 00:00:00.000000;6913
HISPAMAR SATELITES S.A.;AMAZONAS 5;1005339845;GEO;61 W;Ku(AP30/30A);Descida ↓;12252;12288;36,00;Vertical (V);16/05/2018;2030-10-02 00:00:00.000000;2014-08-06 00:00:00.000000;6913
HISPAMAR SATELITES S.A.;AMAZONAS 5;1005339845;GEO;61 W;Ku(AP30/30A);Subida ↑;17632;17668;36,00;Horizontal (H);16/05/2018;2030-10-02 00:00:00.000000;2014-08-06 00:00:00.000000;6913
HISPAMAR SATELITES S.A.;AMAZONAS 5;1005339845;GEO;61 W;Ku(AP30/30A);Subida ↑;17392;17428;36,00;Vertical (V);16/05/2018;2030-10-02 00:00:00.000000;2014-08-06 00:00:00.000000;6913
HISPAMAR SATELITES S.A.;AMAZONAS 5;1005339845;GEO;61 W;Ku(AP30/30A);Subida ↑;17752;17788;36,00;Horizontal (H);16/05/2018;2030-10-02 00:00:00.000000;2014-08-06 00:00:00.000000;6913
HISPAMAR SATELITES S.A.;AMAZONAS 5;1005339845;GEO;61 W;Ku(AP30/30A);Descida ↓;12572;12608;36,00;Vertical (V);16/05/2018;2030-10-02 00:00:00.000000;2014-08-06 00:00:00.000000;6913
HISPAMAR SATELITES S.A.;AMAZONAS 5;1005339845;GEO;61 W;Ku(AP30/30A);Descida ↓;12652;12688;36,00;Vertical (V);16/05/2018;2030-10-02 00:00:00.000000;2014-08-06 00:00:00.000000;6913
HISPAMAR SATELITES S.A.;AMAZONAS 5;1005339845;GEO;61 W;Ku(AP30/30A);Descida ↓;12292;12328;36,00;Vertical (V);16/05/2018;2030-10-02 00:00:00.000000;2014-08-06 00:00:00.000000;6913
HISPAMAR SATELITES S.A.;AMAZONAS 5;1005339845;GEO;61 W;Ku(AP30/30A);Subida ↑;17752;17788;36,00;Vertical (V);16/05/2018;2030-10-02 00:00:00.000000;2014-08-06 00:00:00.000000;6913
HISPAMAR SATELITES S.A.;AMAZONAS 5;1005339845;GEO;61 W;Ku(AP30/30A);Descida ↓;12372;12408;36,00;Vertical (V);16/05/2018;2030-10-02 00:00:00.000000;2014-08-06 00:00:00.000000;6913
HISPAMAR SATELITES S.A.;AMAZONAS 5;1005339845;GEO;61 W;Ku(AP30/30A);Subida ↑;17312;17348;36,00;Vertical (V);16/05/2018;2030-10-02 00:00:00.000000;2014-08-06 00:00:00.000000;6913
HISPAMAR SATELITES S.A.;AMAZONAS 5;1005339845;GEO;61 W;Ku(AP30/30A);Subida ↑;17472;17508;36,00;Vertical (V);16/05/2018;2030-10-02 00:00:00.000000;2014-08-06 00:00:00.000000;6913
HISPAMAR SATELITES S.A.;AMAZONAS 5;1005339845;GEO;61 W;Ku(AP30/30A);Descida ↓;12332;12368;36,00;Vertical (V);16/05/2018;2030-10-02 00:00:00.000000;2014-08-06 00:00:00.000000;6913
HISPAMAR SATELITES S.A.;AMAZONAS 5;1005339845;GEO;61 W;Ka;Subida ↑;27975;28425;450,00;Circular à esquerda (CL);16/05/2018;2030-10-02 00:00:00.000000;2014-08-06 00:00:00.000000;6913
TELESAT BRASIL CAPACIDADE DE SATÉLITES LTDA;Telstar 19 Vantage;1007130676;GEO;63 W;Ku;Subida ↑;14226,5;14399,5;173,00;Horizontal (H);27/12/2023;N;2023-11-17 00:00:00.000000;16127
HISPAMAR SATELITES S.A.;AMAZONAS 5;1005339845;GEO;61 W;Ku(AP30/30A);Subida ↑;17632;17668;36,00;Vertical (V);16/05/2018;2030-10-02 00:00:00.000000;2014-08-06 00:00:00.000000;6913
HISPAMAR SATELITES S.A.;AMAZONAS 5;1005339845;GEO;61 W;Ka;Descida ↓;18125;18575;450,00;Circular à esquerda (CL);16/05/2018;2030-10-02 00:00:00.000000;2015-12-15 00:00:00.000000;6741
HISPAMAR SATELITES S.A.;AMAZONAS 5;1005339845;GEO;61 W;Ka;Descida ↓;19962,5;20187,5;225,00;Circular à esquerda (CL);16/05/2018;2030-10-02 00:00:00.000000;2015-12-15 00:00:00.000000;6741
HISPAMAR SATELITES S.A.;AMAZONAS 5;1005339845;GEO;61 W;Ka;Subida ↑;29137,5;29362,5;225,00;Circular à esquerda (CL);16/05/2018;2030-10-02 00:00:00.000000;2014-08-06 00:00:00.000000;6913
TELESAT BRASIL CAPACIDADE DE SATÉLITES LTDA;Telstar 19 Vantage;1007130676;GEO;63 W;Ka;Subida ↑;29504,15;29579,15;75,00;Circular à direita (CR);27/12/2023;N;2016-02-24 00:00:00.000000;50472
HISPAMAR SATELITES S.A.;AMAZONAS 5;1005339845;GEO;61 W;Ku(AP30/30A);Descida ↓;12332;12368;36,00;Horizontal (H);16/05/2018;2030-10-02 00:00:00.000000;2014-08-06 00:00:00.000000;6913
VIASAT INCORPORATED’s;ViaSat-3 (89W);1015018243;GEO;89 W;Ka;Descida ↓;17700;20200;2500,00;Circular à direita (CR);06/10/2023;2036-10-22 00:00:00.000000;2021-10-20 00:00:00.000000;9307
HISPAMAR SATELITES S.A.;AMAZONAS 5;1005339845;GEO;61 W;Ka;Subida ↑;28362,5;28587,5;225,00;Circular à esquerda (CL);16/05/2018;2030-10-02 00:00:00.000000;2014-08-06 00:00:00.000000;6913
HISPAMAR SATELITES S.A.;AMAZONAS 5;1005339845;GEO;61 W;Ku(AP30/30A);Descida ↓;12612;12648;36,00;Horizontal (H);16/05/2018;2030-10-02 00:00:00.000000;2014-08-06 00:00:00.000000;6913
HISPAMAR SATELITES S.A.;AMAZONAS 5;1005339845;GEO;61 W;Ku(AP30/30A);Descida ↓;12252;12288;36,00;Horizontal (H);16/05/2018;2030-10-02 00:00:00.000000;2014-08-06 00:00:00.000000;6913
HISPAMAR SATELITES S.A.;AMAZONAS 5;1005339845;GEO;61 W;Ku(AP30/30A);Descida ↓;12652;12688;36,00;Horizontal (H);16/05/2018;2030-10-02 00:00:00.000000;2014-08-06 00:00:00.000000;6913
HISPAMAR SATELITES S.A.;AMAZONAS 5;1005339845;GEO;61 W;Ka;Descida ↓;19712,5;19937,5;225,00;Circular à esquerda (CL);16/05/2018;2030-10-02 00:00:00.000000;2015-12-15 00:00:00.000000;6741
HISPAMAR SATELITES S.A.;AMAZONAS 5;1005339845;GEO;61 W;Ka;Subida ↑;27950;28350;400,00;Circular à esquerda (CL);16/05/2018;2030-10-02 00:00:00.000000;2015-12-15 00:00:00.000000;6741
HISPAMAR SATELITES S.A.;AMAZONAS 5;1005339845;GEO;61 W;Ka;Descida ↓;19725;20175;450,00;Circular à esquerda (CL);16/05/2018;2030-10-02 00:00:00.000000;2015-12-15 00:00:00.000000;6741
HISPAMAR SATELITES S.A.;AMAZONAS 5;1005339845;GEO;61 W;Ku(AP30/30A);Descida ↓;12292;12328;36,00;Horizontal (H);16/05/2018;2030-10-02 00:00:00.000000;2014-08-06 00:00:00.000000;6913
HISPAMAR SATELITES S.A.;AMAZONAS 5;1005339845;GEO;61 W;Ku(AP30/30A);Descida ↓;12572;12608;36,00;Horizontal (H);16/05/2018;2030-10-02 00:00:00.000000;2014-08-06 00:00:00.000000;6913
HISPAMAR SATELITES S.A.;AMAZONAS 5;1005339845;GEO;61 W;Ku(AP30/30A);Descida ↓;12372;12408;36,00;Horizontal (H);16/05/2018;2030-10-02 00:00:00.000000;2014-08-06 00:00:00.000000;6913
HISPAMAR SATELITES S.A.;AMAZONAS 5;1005339845;GEO;61 W;Ka;Subida ↑;29762,5;29987,5;225,00;Circular à esquerda (CL);16/05/2018;2030-10-02 00:00:00.000000;2015-12-15 00:00:00.000000;6741
HISPAMAR SATELITES S.A.;AMAZONAS 5;1005339845;GEO;61 W;Ka;Descida ↓;18265;18665;400,00;Circular à esquerda (CL);16/05/2018;2030-10-02 00:00:00.000000;2014-08-06 00:00:00.000000;6913
HISPAMAR SATELITES S.A.;AMAZONAS 5;1005339845;GEO;61 W;Ku(AP30/30A);Descida ↓;12492;12528;36,00;Horizontal (H);16/05/2018;2030-10-02 00:00:00.000000;2014-08-06 00:00:00.000000;6913
HISPAMAR SATELITES S.A.;AMAZONAS 5;1005339845;GEO;61 W;Ka;Descida ↓;18705;18930;225,00;Circular à esquerda (CL);16/05/2018;2030-10-02 00:00:00.000000;2014-08-06 00:00:00.000000;6913
HISPAMAR SATELITES S.A.;AMAZONAS 5;1005339845;GEO;61 W;Ka;Subida ↑;29512,5;29737,5;225,00;Circular à esquerda (CL);16/05/2018;2030-10-02 00:00:00.000000;2015-12-15 00:00:00.000000;6741
HISPAMAR SATELITES S.A.;AMAZONAS 5;1005339845;GEO;61 W;Ku(AP30/30A);Descida ↓;12452;12488;36,00;Horizontal (H);16/05/2018;2030-10-02 00:00:00.000000;2014-08-06 00:00:00.000000;6913
HISPAMAR SATELITES S.A.;AMAZONAS 5;1005339845;GEO;61 W;Ka;Subida ↑;27462,5;27912,5;450,00;Circular à esquerda (CL);16/05/2018;2030-10-02 00:00:00.000000;2014-08-06 00:00:00.000000;6913
TELESAT BRASIL CAPACIDADE DE SATÉLITES LTDA;Telstar 19 Vantage;1007130676;GEO;63 W;Ku;Subida ↑;13750,5;13751,5;1,00;Horizontal (H);27/12/2023;N;2023-11-17 00:00:00.000000;16127
HISPAMAR SATELITES S.A.;AMAZONAS 5;1005339845;GEO;61 W;Ka;Descida ↓;17825;18225;400,00;Circular à esquerda (CL);16/05/2018;2030-10-02 00:00:00.000000;2014-08-06 00:00:00.000000;6913
HISPAMAR SATELITES S.A.;AMAZONAS 5;1005339845;GEO;61 W;Ku(AP30/30A);Descida ↓;12412;12448;36,00;Horizontal (H);16/05/2018;2030-10-02 00:00:00.000000;2014-08-06 00:00:00.000000;6913
HISPAMAR SATELITES S.A.;AMAZONAS 5;1005339845;GEO;61 W;Ka;Subida ↑;29550;29950;400,00;Circular à esquerda (CL);16/05/2018;2030-10-02 00:00:00.000000;2015-12-15 00:00:00.000000;6741
HISPAMAR SATELITES S.A.;AMAZONAS 5;1005339845;GEO;61 W;Ku(AP30/30A);Descida ↓;12532;12568;36,00;Horizontal (H);16/05/2018;2030-10-02 00:00:00.000000;2014-08-06 00:00:00.000000;6913
HISPAMAR SATELITES S.A.;Amazonas Nexus;1014953852;GEO;61 W;Ku;Subida ↑;14093,75;14125;31,00;Horizontal (H);30/06/2023;2038-03-03 00:00:00.000000;2015-12-15 00:00:00.000000;6741
HISPAMAR SATELITES S.A.;Amazonas Nexus;1014953852;GEO;61 W;Ka;Subida ↑;27000;27900;900,00;Circular à direita (CR);30/06/2023;2038-03-03 00:00:00.000000;2015-12-15 00:00:00.000000;6741
HISPAMAR SATELITES S.A.;Amazonas Nexus;1014953852;GEO;61 W;mais de uma banda;Descida ↓;10770;11450;680,00;Horizontal (H);30/06/2023;2038-03-03 00:00:00.000000;2023-03-02 00:00:00.000000;2198
HISPAMAR SATELITES S.A.;Amazonas Nexus;1014953852;GEO;61 W;Ka;Descida ↓;17850;18100;250,00;Circular à esquerda (CL);30/06/2023;2038-03-03 00:00:00.000000;2015-12-15 00:00:00.000000;6741
HISPAMAR SATELITES S.A.;Amazonas Nexus;1014953852;GEO;61 W;Ku;Descida ↓;11700;12163;463,00;Horizontal (H);30/06/2023;2038-03-03 00:00:00.000000;2015-12-15 00:00:00.000000;6741
HISPAMAR SATELITES S.A.;Amazonas Nexus;1014953852;GEO;61 W;mais de uma banda;Descida ↓;10726,5;11063,5;337,00;Horizontal (H);30/06/2023;2038-03-03 00:00:00.000000;2023-03-02 00:00:00.000000;2198
HISPAMAR SATELITES S.A.;Amazonas Nexus;1014953852;GEO;61 W;Ku;Subida ↑;13875;14031,25;156,00;Vertical (V);30/06/2023;2038-03-03 00:00:00.000000;2015-12-15 00:00:00.000000;6741
HISPAMAR SATELITES S.A.;Amazonas Nexus;1014953852;GEO;61 W;Ka;Subida ↑;28400;29500;1100,00;Circular à esquerda (CL);30/06/2023;2038-03-03 00:00:00.000000;2015-12-15 00:00:00.000000;6741
HISPAMAR SATELITES S.A.;Amazonas Nexus;1014953852;GEO;61 W;Ka;Subida ↑;28400;29500;1100,00;Circular à direita (CR);30/06/2023;2038-03-03 00:00:00.000000;2015-12-15 00:00:00.000000;6741
HISPAMAR SATELITES S.A.;Amazonas Nexus;1014953852;GEO;61 W;Ku;Descida ↓;11710;11910;200,00;Vertical (V);30/06/2023;2038-03-03 00:00:00.000000;2015-12-15 00:00:00.000000;6741
HISPAMAR SATELITES S.A.;Amazonas Nexus;1014953852;GEO;61 W;Ku;Subida ↑;14031,25;14093,75;63,00;Vertical (V);30/06/2023;2038-03-03 00:00:00.000000;2015-12-15 00:00:00.000000;6741
HISPAMAR SATELITES S.A.;Amazonas Nexus;1014953852;GEO;61 W;Ku;Subida ↑;14031,25;14093,75;63,00;Horizontal (H);30/06/2023;2038-03-03 00:00:00.000000;2015-12-15 00:00:00.000000;6741
HISPAMAR SATELITES S.A.;Amazonas Nexus;1014953852;GEO;61 W;Ku;Subida ↑;13875;14031,25;156,00;Horizontal (H);30/06/2023;2038-03-03 00:00:00.000000;2015-12-15 00:00:00.000000;6741
HISPAMAR SATELITES S.A.;Amazonas Nexus;1014953852;GEO;61 W;Ku;Subida ↑;13750;13875;125,00;Horizontal (H);30/06/2023;2038-03-03 00:00:00.000000;2015-12-15 00:00:00.000000;6741
HISPAMAR SATELITES S.A.;Amazonas Nexus;1014953852;GEO;61 W;mais de uma banda;Descida ↓;10770;11450;680,00;Vertical (V);30/06/2023;2038-03-03 00:00:00.000000;2023-03-02 00:00:00.000000;2198
HISPAMAR SATELITES S.A.;Amazonas Nexus;1014953852;GEO;61 W;Ku;Subida ↑;14093,75;14125;31,00;Vertical (V);30/06/2023;2038-03-03 00:00:00.000000;2015-12-15 00:00:00.000000;6741
HISPAMAR SATELITES S.A.;Amazonas Nexus;1014953852;GEO;61 W;Ka;Descida ↓;18600;19700;1100,00;Circular à esquerda (CL);30/06/2023;2038-03-03 00:00:00.000000;2015-12-15 00:00:00.000000;6741
HISPAMAR SATELITES S.A.;Amazonas Nexus;1014953852;GEO;61 W;Ka;Subida ↑;27000;27900;900,00;Circular à esquerda (CL);30/06/2023;2038-03-03 00:00:00.000000;2015-12-15 00:00:00.000000;6741
HISPAMAR SATELITES S.A.;Amazonas Nexus;1014953852;GEO;61 W;Ku;Descida ↓;11970;12170;200,00;Horizontal (H);30/06/2023;2038-03-03 00:00:00.000000;2015-12-15 00:00:00.000000;6741
HISPAMAR SATELITES S.A.;Amazonas Nexus;1014953852;GEO;61 W;Ku;Descida ↓;11700;12163;463,00;Vertical (V);30/06/2023;2038-03-03 00:00:00.000000;2015-12-15 00:00:00.000000;6741
HISPAMAR SATELITES S.A.;Amazonas Nexus;1014953852;GEO;61 W;Ku;Subida ↑;13750;13875;125,00;Vertical (V);30/06/2023;2038-03-03 00:00:00.000000;2015-12-15 00:00:00.000000;6741
HISPAMAR SATELITES S.A.;HISPASAT 74W-1;1000670993;GEO;74 W;Ku(AP30/30A);Descida ↓;12212;12248;36,00;Vertical (V);11/05/2018;2031-03-04 00:00:00.000000;2014-08-06 00:00:00.000000;6913
HISPAMAR SATELITES S.A.;HISPASAT 74W-1;1000670993;GEO;74 W;Ku(AP30/30A);Descida ↓;12372;12408;36,00;Vertical (V);11/05/2018;2031-03-04 00:00:00.000000;2014-08-06 00:00:00.000000;6913
HISPAMAR SATELITES S.A.;HISPASAT 74W-1;1000670993;GEO;74 W;Ku(AP30/30A);Subida ↑;17672;17708;36,00;Horizontal (H);11/05/2018;2031-03-04 00:00:00.000000;2014-08-06 00:00:00.000000;6913
HISPAMAR SATELITES S.A.;HISPASAT 74W-1;1000670993;GEO;74 W;Ku(AP30/30A);Descida ↓;12212;12248;36,00;Horizontal (H);11/05/2018;2031-03-04 00:00:00.000000;2014-08-06 00:00:00.000000;6913
HISPAMAR SATELITES S.A.;HISPASAT 74W-1;1000670993;GEO;74 W;Ku(AP30/30A);Descida ↓;12452;12488;36,00;Vertical (V);11/05/2018;2031-03-04 00:00:00.000000;2014-08-06 00:00:00.000000;6913
HISPAMAR SATELITES S.A.;HISPASAT 74W-1;1000670993;GEO;74 W;Ku(AP30/30A);Descida ↓;12292;12328;36,00;Horizontal (H);11/05/2018;2031-03-04 00:00:00.000000;2014-08-06 00:00:00.000000;6913
HISPAMAR SATELITES S.A.;HISPASAT 74W-1;1000670993;GEO;74 W;Ku(AP30/30A);Descida ↓;12612;12648;36,00;Vertical (V);11/05/2018;2031-03-04 00:00:00.000000;2014-08-06 00:00:00.000000;6913
HISPAMAR SATELITES S.A.;HISPASAT 74W-1;1000670993;GEO;74 W;Ku(AP30/30A);Descida ↓;12452;12488;36,00;Horizontal (H);11/05/2018;2031-03-04 00:00:00.000000;2014-08-06 00:00:00.000000;6913
HISPAMAR SATELITES S.A.;HISPASAT 74W-1;1000670993;GEO;74 W;Ku(AP30/30A);Descida ↓;12532;12568;36,00;Horizontal (H);11/05/2018;2031-03-04 00:00:00.000000;2014-08-06 00:00:00.000000;6913
HISPAMAR SATELITES S.A.;HISPASAT 74W-1;1000670993;GEO;74 W;Ku(AP30/30A);Descida ↓;12652;12688;36,00;Horizontal (H);11/05/2018;2031-03-04 00:00:00.000000;2014-08-06 00:00:00.000000;6913
HISPAMAR SATELITES S.A.;HISPASAT 74W-1;1000670993;GEO;74 W;Ku(AP30/30A);Subida ↑;17752;17788;36,00;Vertical (V);11/05/2018;2031-03-04 00:00:00.000000;2014-08-06 00:00:00.000000;6913
HISPAMAR SATELITES S.A.;HISPASAT 74W-1;1000670993;GEO;74 W;Ku(AP30/30A);Descida ↓;12332;12368;36,00;Horizontal (H);11/05/2018;2031-03-04 00:00:00.000000;2014-08-06 00:00:00.000000;6913
HISPAMAR SATELITES S.A.;HISPASAT 74W-1;1000670993;GEO;74 W;Ku(AP30/30A);Descida ↓;12372;12408;36,00;Horizontal (H);11/05/2018;2031-03-04 00:00:00.000000;2014-08-06 00:00:00.000000;6913
HISPAMAR SATELITES S.A.;HISPASAT 74W-1;1000670993;GEO;74 W;Ku(AP30/30A);Subida ↑;17632;17668;36,00;Horizontal (H);11/05/2018;2031-03-04 00:00:00.000000;2014-08-06 00:00:00.000000;6913
HISPAMAR SATELITES S.A.;HISPASAT 74W-1;1000670993;GEO;74 W;Ku(AP30/30A);Subida ↑;17552;17588;36,00;Horizontal (H);11/05/2018;2031-03-04 00:00:00.000000;2014-08-06 00:00:00.000000;6913
HISPAMAR SATELITES S.A.;HISPASAT 74W-1;1000670993;GEO;74 W;Ku(AP30/30A);Subida ↑;17592;17628;36,00;Horizontal (H);11/05/2018;2031-03-04 00:00:00.000000;2014-08-06 00:00:00.000000;6913
HISPAMAR SATELITES S.A.;HISPASAT 74W-1;1000670993;GEO;74 W;Ku(AP30/30A);Descida ↓;12252;12288;36,00;Horizontal (H);11/05/2018;2031-03-04 00:00:00.000000;2014-08-06 00:00:00.000000;6913
HISPAMAR SATELITES S.A.;HISPASAT 74W-1;1000670993;GEO;74 W;Ku(AP30/30A);Subida ↑;17312;17348;36,00;Horizontal (H);11/05/2018;2031-03-04 00:00:00.000000;2014-08-06 00:00:00.000000;6913
HISPAMAR SATELITES S.A.;HISPASAT 74W-1;1000670993;GEO;74 W;Ku(AP30/30A);Subida ↑;17472;17508;36,00;Horizontal (H);11/05/2018;2031-03-04 00:00:00.000000;2014-08-06 00:00:00.000000;6913
HISPAMAR SATELITES S.A.;HISPASAT 74W-1;1000670993;GEO;74 W;Ku(AP30/30A);Subida ↑;17512;17548;36,00;Horizontal (H);11/05/2018;2031-03-04 00:00:00.000000;2014-08-06 00:00:00.000000;6913
HISPAMAR SATELITES S.A.;HISPASAT 74W-1;1000670993;GEO;74 W;Ku(AP30/30A);Descida ↓;12612;12648;36,00;Horizontal (H);11/05/2018;2031-03-04 00:00:00.000000;2014-08-06 00:00:00.000000;6913
HISPAMAR SATELITES S.A.;HISPASAT 74W-1;1000670993;GEO;74 W;Ku(AP30/30A);Descida ↓;12412;12448;36,00;Horizontal (H);11/05/2018;2031-03-04 00:00:00.000000;2014-08-06 00:00:00.000000;6913
HISPAMAR SATELITES S.A.;HISPASAT 74W-1;1000670993;GEO;74 W;Ku(AP30/30A);Subida ↑;17312;17348;36,00;Vertical (V);11/05/2018;2031-03-04 00:00:00.000000;2014-08-06 00:00:00.000000;6913
HISPAMAR SATELITES S.A.;HISPASAT 74W-1;1000670993;GEO;74 W;Ku(AP30/30A);Descida ↓;12332;12368;36,00;Vertical (V);11/05/2018;2031-03-04 00:00:00.000000;2014-08-06 00:00:00.000000;6913
HISPAMAR SATELITES S.A.;HISPASAT 74W-1;1000670993;GEO;74 W;Ku(AP30/30A);Subida ↑;17392;17428;36,00;Horizontal (H);11/05/2018;2031-03-04 00:00:00.000000;2014-08-06 00:00:00.000000;6913
HISPAMAR SATELITES S.A.;HISPASAT 74W-1;1000670993;GEO;74 W;Ku(AP30/30A);Descida ↓;12292;12328;36,00;Vertical (V);11/05/2018;2031-03-04 00:00:00.000000;2014-08-06 00:00:00.000000;6913
HISPAMAR SATELITES S.A.;HISPASAT 74W-1;1000670993;GEO;74 W;Ku(AP30/30A);Descida ↓;12252;12288;36,00;Vertical (V);11/05/2018;2031-03-04 00:00:00.000000;2014-08-06 00:00:00.000000;6913
HISPAMAR SATELITES S.A.;HISPASAT 74W-1;1000670993;GEO;74 W;Ku(AP30/30A);Subida ↑;17712;17748;36,00;Horizontal (H);11/05/2018;2031-03-04 00:00:00.000000;2014-08-06 00:00:00.000000;6913
HISPAMAR SATELITES S.A.;HISPASAT 74W-1;1000670993;GEO;74 W;Ku(AP30/30A);Subida ↑;17752;17788;36,00;Horizontal (H);11/05/2018;2031-03-04 00:00:00.000000;2014-08-06 00:00:00.000000;6913
HISPAMAR SATELITES S.A.;HISPASAT 74W-1;1000670993;GEO;74 W;Ku(AP30/30A);Descida ↓;12492;12528;36,00;Vertical (V);11/05/2018;2031-03-04 00:00:00.000000;2014-08-06 00:00:00.000000;6913
HISPAMAR SATELITES S.A.;HISPASAT 74W-1;1000670993;GEO;74 W;Ku(AP30/30A);Subida ↑;17592;17628;36,00;Vertical (V);11/05/2018;2031-03-04 00:00:00.000000;2014-08-06 00:00:00.000000;6913
HISPAMAR SATELITES S.A.;HISPASAT 74W-1;1000670993;GEO;74 W;Ku(AP30/30A);Subida ↑;17352;17388;36,00;Vertical (V);11/05/2018;2031-03-04 00:00:00.000000;2014-08-06 00:00:00.000000;6913
HISPAMAR SATELITES S.A.;HISPASAT 74W-1;1000670993;GEO;74 W;Ku(AP30/30A);Subida ↑;17392;17428;36,00;Vertical (V);11/05/2018;2031-03-04 00:00:00.000000;2014-08-06 00:00:00.000000;6913
HISPAMAR SATELITES S.A.;HISPASAT 74W-1;1000670993;GEO;74 W;Ku(AP30/30A);Subida ↑;17472;17508;36,00;Vertical (V);11/05/2018;2031-03-04 00:00:00.000000;2014-08-06 00:00:00.000000;6913
HISPAMAR SATELITES S.A.;HISPASAT 74W-1;1000670993;GEO;74 W;Ku(AP30/30A);Descida ↓;12412;12448;36,00;Vertical (V);11/05/2018;2031-03-04 00:00:00.000000;2014-08-06 00:00:00.000000;6913
HISPAMAR SATELITES S.A.;HISPASAT 74W-1;1000670993;GEO;74 W;Ku(AP30/30A);Subida ↑;17552;17588;36,00;Vertical (V);11/05/2018;2031-03-04 00:00:00.000000;2014-08-06 00:00:00.000000;6913
HISPAMAR SATELITES S.A.;HISPASAT 74W-1;1000670993;GEO;74 W;Ku(AP30/30A);Descida ↓;12532;12568;36,00;Vertical (V);11/05/2018;2031-03-04 00:00:00.000000;2014-08-06 00:00:00.000000;6913
HISPAMAR SATELITES S.A.;HISPASAT 74W-1;1000670993;GEO;74 W;Ku(AP30/30A);Subida ↑;17712;17748;36,00;Vertical (V);11/05/2018;2031-03-04 00:00:00.000000;2014-08-06 00:00:00.000000;6913
HISPAMAR SATELITES S.A.;HISPASAT 74W-1;1000670993;GEO;74 W;Ku(AP30/30A);Subida ↑;17512;17548;36,00;Vertical (V);11/05/2018;2031-03-04 00:00:00.000000;2014-08-06 00:00:00.000000;6913
HISPAMAR SATELITES S.A.;HISPASAT 74W-1;1000670993;GEO;74 W;Ku(AP30/30A);Descida ↓;12492;12528;36,00;Horizontal (H);11/05/2018;2031-03-04 00:00:00.000000;2014-08-06 00:00:00.000000;6913
HISPAMAR SATELITES S.A.;HISPASAT 74W-1;1000670993;GEO;74 W;Ku(AP30/30A);Subida ↑;17632;17668;36,00;Vertical (V);11/05/2018;2031-03-04 00:00:00.000000;2014-08-06 00:00:00.000000;6913
HISPAMAR SATELITES S.A.;HISPASAT 74W-1;1000670993;GEO;74 W;Ku(AP30/30A);Subida ↑;17432;17468;36,00;Vertical (V);11/05/2018;2031-03-04 00:00:00.000000;2014-08-06 00:00:00.000000;6913
HISPAMAR SATELITES S.A.;HISPASAT 74W-1;1000670993;GEO;74 W;Ku(AP30/30A);Subida ↑;17672;17708;36,00;Vertical (V);11/05/2018;2031-03-04 00:00:00.000000;2014-08-06 00:00:00.000000;6913
HISPAMAR SATELITES S.A.;HISPASAT 74W-1;1000670993;GEO;74 W;Ku(AP30/30A);Descida ↓;12652;12688;36,00;Vertical (V);11/05/2018;2031-03-04 00:00:00.000000;2014-08-06 00:00:00.000000;6913
HISPAMAR SATELITES S.A.;HISPASAT 74W-1;1000670993;GEO;74 W;Ku(AP30/30A);Subida ↑;17352;17388;36,00;Horizontal (H);11/05/2018;2031-03-04 00:00:00.000000;2014-08-06 00:00:00.000000;6913
HISPAMAR SATELITES S.A.;HISPASAT 74W-1;1000670993;GEO;74 W;Ku(AP30/30A);Descida ↓;12572;12608;36,00;Horizontal (H);11/05/2018;2031-03-04 00:00:00.000000;2014-08-06 00:00:00.000000;6913
HISPAMAR SATELITES S.A.;HISPASAT 74W-1;1000670993;GEO;74 W;Ku(AP30/30A);Descida ↓;12572;12608;36,00;Vertical (V);11/05/2018;2031-03-04 00:00:00.000000;2014-08-06 00:00:00.000000;6913
HISPAMAR SATELITES S.A.;HISPASAT 74W-1;1000670993;GEO;74 W;Ku(AP30/30A);Subida ↑;17432;17468;36,00;Horizontal (H);11/05/2018;2031-03-04 00:00:00.000000;2014-08-06 00:00:00.000000;6913
HISPASAT S.A.;HISPASAT 30W-6;1008235358;GEO;30 W;Ku;Descida ↓;12154;12190;36,00;Vertical (V);29/08/2022;2033-08-05 00:00:00.000000;2020-12-31 00:00:00.000000;8032
HISPASAT S.A.;HISPASAT 30W-6;1008235358;GEO;30 W;C;Subida ↑;6968;7022;54,00;Vertical (V);29/08/2022;2033-08-05 00:00:00.000000;2020-12-31 00:00:00.000000;8032
HISPASAT S.A.;HISPASAT 30W-6;1008235358;GEO;30 W;Ku;Descida ↓;11746;11782;36,00;Vertical (V);29/08/2022;2033-08-05 00:00:00.000000;2020-12-31 00:00:00.000000;8032
HISPASAT S.A.;HISPASAT 30W-6;1008235358;GEO;30 W;Ku;Subida ↑;14213;14249;36,00;Horizontal (H);29/08/2022;2033-08-05 00:00:00.000000;2018-04-19 00:00:00.000000;2964
HISPASAT S.A.;HISPASAT 30W-6;1008235358;GEO;30 W;Ku(AP30B);Subida ↑;13122;13158;36,00;Horizontal (H);29/08/2022;2033-08-05 00:00:00.000000;2020-12-31 00:00:00.000000;8032
HISPASAT S.A.;HISPASAT 30W-6;1008235358;GEO;30 W;Ku;Descida ↓;12114;12150;36,00;Vertical (V);29/08/2022;2033-08-05 00:00:00.000000;2020-12-31 00:00:00.000000;8032
HISPASAT S.A.;HISPASAT 30W-6;1008235358;GEO;30 W;Ku(AP30B);Subida ↑;13042;13078;36,00;Horizontal (H);29/08/2022;2033-08-05 00:00:00.000000;2020-12-31 00:00:00.000000;8032
HISPASAT S.A.;HISPASAT 30W-6;1008235358;GEO;30 W;Ku(AP30B);Subida ↑;13202;13238;36,00;Horizontal (H);29/08/2022;2033-08-05 00:00:00.000000;2020-12-31 00:00:00.000000;8032
HISPASAT S.A.;HISPASAT 30W-6;1008235358;GEO;30 W;C(AP30B);Descida ↓;4685,5;4739,5;54,00;Horizontal (H);29/08/2022;2033-08-05 00:00:00.000000;2020-12-31 00:00:00.000000;8032
HISPASAT S.A.;HISPASAT 30W-6;1008235358;GEO;30 W;Ku(AP30B);Descida ↓;11282;11318;36,00;Vertical (V);29/08/2022;2033-08-05 00:00:00.000000;2020-12-31 00:00:00.000000;8032
HISPASAT S.A.;HISPASAT 30W-6;1008235358;GEO;30 W;Ku(AP30B);Descida ↓;11242;11278;36,00;Horizontal (H);29/08/2022;2033-08-05 00:00:00.000000;2020-12-31 00:00:00.000000;8032
HISPASAT S.A.;HISPASAT 30W-6;1008235358;GEO;30 W;C;Subida ↑;6848;6902;54,00;Horizontal (H);29/08/2022;2033-08-05 00:00:00.000000;2019-01-09 00:00:00.000000;138
HISPASAT S.A.;HISPASAT 30W-6;1008235358;GEO;30 W;Ku(AP30B);Subida ↑;13002;13038;36,00;Vertical (V);29/08/2022;2033-08-05 00:00:00.000000;2020-12-31 00:00:00.000000;8032
HISPASAT S.A.;HISPASAT 30W-6;1008235358;GEO;30 W;Ku(AP30B);Subida ↑;13202;13238;36,00;Vertical (V);29/08/2022;2033-08-05 00:00:00.000000;2020-12-31 00:00:00.000000;8032
HISPASAT S.A.;HISPASAT 30W-6;1008235358;GEO;30 W;Ku(AP30B);Descida ↓;11362;11398;36,00;Vertical (V);29/08/2022;2033-08-05 00:00:00.000000;2020-12-31 00:00:00.000000;8032
HISPASAT S.A.;HISPASAT 30W-6;1008235358;GEO;30 W;C;Subida ↑;6908;6962;54,00;Vertical (V);29/08/2022;2033-08-05 00:00:00.000000;2020-12-31 00:00:00.000000;8032
HISPASAT S.A.;HISPASAT 30W-6;1008235358;GEO;30 W;C;Subida ↑;6788;6842;54,00;Horizontal (H);29/08/2022;2033-08-05 00:00:00.000000;2019-01-09 00:00:00.000000;138
HISPASAT S.A.;HISPASAT 30W-6;1008235358;GEO;30 W;C(AP30B);Descida ↓;4625,5;4679,5;54,00;Horizontal (H);29/08/2022;2033-08-05 00:00:00.000000;2020-12-31 00:00:00.000000;8032
HISPASAT S.A.;HISPASAT 30W-6;1008235358;GEO;30 W;C;Subida ↑;6728;6782;54,00;Vertical (V);29/08/2022;2033-08-05 00:00:00.000000;2019-01-09 00:00:00.000000;138
HISPASAT S.A.;HISPASAT 30W-6;1008235358;GEO;30 W;C(AP30B);Descida ↓;4565,5;4619,5;54,00;Horizontal (H);29/08/2022;2033-08-05 00:00:00.000000;2020-12-31 00:00:00.000000;8032
HISPASAT S.A.;HISPASAT 30W-6;1008235358;GEO;30 W;Ku(AP30B);Subida ↑;13122;13158;36,00;Vertical (V);29/08/2022;2033-08-05 00:00:00.000000;2020-12-31 00:00:00.000000;8032
HISPASAT S.A.;HISPASAT 30W-6;1008235358;GEO;30 W;Ku(AP30B);Descida ↓;11402;11438;36,00;Horizontal (H);29/08/2022;2033-08-05 00:00:00.000000;2020-12-31 00:00:00.000000;8032
HISPASAT S.A.;HISPASAT 30W-6;1008235358;GEO;30 W;Ku(AP30B);Descida ↓;11282;11318;36,00;Horizontal (H);29/08/2022;2033-08-05 00:00:00.000000;2020-12-31 00:00:00.000000;8032
HISPASAT S.A.;HISPASAT 30W-6;1008235358;GEO;30 W;Ku;Descida ↓;11866;11902;36,00;Vertical (V);29/08/2022;2033-08-05 00:00:00.000000;2020-12-31 00:00:00.000000;8032
HISPASAT S.A.;HISPASAT 30W-6;1008235358;GEO;30 W;Ku;Descida ↓;11706;11742;36,00;Vertical (V);29/08/2022;2033-08-05 00:00:00.000000;2020-12-31 00:00:00.000000;8032
HISPASAT S.A.;HISPASAT 30W-6;1008235358;GEO;30 W;Ku;Descida ↓;11786;11822;36,00;Vertical (V);29/08/2022;2033-08-05 00:00:00.000000;2020-12-31 00:00:00.000000;8032
HISPASAT S.A.;HISPASAT 30W-6;1008235358;GEO;30 W;Ku(AP30B);Descida ↓;11322;11358;36,00;Vertical (V);29/08/2022;2033-08-05 00:00:00.000000;2020-12-31 00:00:00.000000;8032
HISPASAT S.A.;HISPASAT 30W-6;1008235358;GEO;30 W;C;Subida ↑;6908;6962;54,00;Horizontal (H);29/08/2022;2033-08-05 00:00:00.000000;2019-01-09 00:00:00.000000;138
HISPASAT S.A.;HISPASAT 30W-6;1008235358;GEO;30 W;Ku(AP30B);Subida ↑;13082;13118;36,00;Horizontal (H);29/08/2022;2033-08-05 00:00:00.000000;2020-12-31 00:00:00.000000;8032
HISPASAT S.A.;HISPASAT 30W-6;1008235358;GEO;30 W;Ku;Subida ↑;13954;13990;36,00;Vertical (V);29/08/2022;2033-08-05 00:00:00.000000;2020-12-31 00:00:00.000000;8032
HISPASAT S.A.;HISPASAT 30W-6;1008235358;GEO;30 W;Ku;Subida ↑;14013;14049;36,00;Horizontal (H);29/08/2022;2033-08-05 00:00:00.000000;2020-12-31 00:00:00.000000;8032
HISPASAT S.A.;HISPASAT 30W-6;1008235358;GEO;30 W;C(AP30B);Descida ↓;4565,5;4619,5;54,00;Vertical (V);29/08/2022;2033-08-05 00:00:00.000000;2019-01-09 00:00:00.000000;138
HISPASAT S.A.;HISPASAT 30W-6;1008235358;GEO;30 W;Ku;Subida ↑;13954;13990;36,00;Horizontal (H);29/08/2022;2033-08-05 00:00:00.000000;2020-12-31 00:00:00.000000;8032
HISPASAT S.A.;HISPASAT 30W-6;1008235358;GEO;30 W;Ku(AP30B);Descida ↓;11242;11278;36,00;Vertical (V);29/08/2022;2033-08-05 00:00:00.000000;2020-12-31 00:00:00.000000;8032
HISPASAT S.A.;HISPASAT 30W-6;1008235358;GEO;30 W;Ku(AP30B);Subida ↑;13162;13198;36,00;Horizontal (H);29/08/2022;2033-08-05 00:00:00.000000;2020-12-31 00:00:00.000000;8032
HISPASAT S.A.;HISPASAT 30W-6;1008235358;GEO;30 W;C;Subida ↑;6728;6782;54,00;Horizontal (H);29/08/2022;2033-08-05 00:00:00.000000;2018-04-19 00:00:00.000000;2964
HISPASAT S.A.;HISPASAT 30W-6;1008235358;GEO;30 W;C(AP30B);Descida ↓;4745,5;4799,5;54,00;Horizontal (H);29/08/2022;2033-08-05 00:00:00.000000;2020-12-31 00:00:00.000000;8032
HISPASAT S.A.;HISPASAT 30W-6;1008235358;GEO;30 W;C(AP30B);Descida ↓;4625,5;4679,5;54,00;Vertical (V);29/08/2022;2033-08-05 00:00:00.000000;2019-01-09 00:00:00.000000;138
HISPASAT S.A.;HISPASAT 30W-6;1008235358;GEO;30 W;Ku(AP30B);Subida ↑;13042;13078;36,00;Vertical (V);29/08/2022;2033-08-05 00:00:00.000000;2020-12-31 00:00:00.000000;8032
HISPASAT S.A.;HISPASAT 30W-6;1008235358;GEO;30 W;Ku;Descida ↓;11826;11862;36,00;Vertical (V);29/08/2022;2033-08-05 00:00:00.000000;2020-12-31 00:00:00.000000;8032
HISPASAT S.A.;HISPASAT 30W-6;1008235358;GEO;30 W;Ku;Subida ↑;13914;13950;36,00;Horizontal (H);29/08/2022;2033-08-05 00:00:00.000000;2020-12-31 00:00:00.000000;8032
HISPASAT S.A.;HISPASAT 30W-6;1008235358;GEO;30 W;C(AP30B);Descida ↓;4505,5;4559,5;54,00;Horizontal (H);29/08/2022;2033-08-05 00:00:00.000000;2019-01-09 00:00:00.000000;138
HISPASAT S.A.;HISPASAT 30W-6;1008235358;GEO;30 W;Ku(AP30B);Subida ↑;13082;13118;36,00;Vertical (V);29/08/2022;2033-08-05 00:00:00.000000;2020-12-31 00:00:00.000000;8032
HISPASAT S.A.;HISPASAT 30W-6;1008235358;GEO;30 W;Ku;Subida ↑;14133;14169;36,00;Horizontal (H);29/08/2022;2033-08-05 00:00:00.000000;2020-12-31 00:00:00.000000;8032
HISPASAT S.A.;HISPASAT 30W-6;1008235358;GEO;30 W;Ku(AP30B);Subida ↑;13002;13038;36,00;Horizontal (H);29/08/2022;2033-08-05 00:00:00.000000;2018-04-19 00:00:00.000000;2964
HISPASAT S.A.;HISPASAT 30W-6;1008235358;GEO;30 W;C(AP30B);Descida ↓;4745,5;4799,5;54,00;Vertical (V);29/08/2022;2033-08-05 00:00:00.000000;2019-01-09 00:00:00.000000;138
HISPASAT S.A.;HISPASAT 30W-6;1008235358;GEO;30 W;C;Subida ↑;6968;7022;54,00;Horizontal (H);29/08/2022;2033-08-05 00:00:00.000000;2019-01-09 00:00:00.000000;138
HISPASAT S.A.;HISPASAT 30W-6;1008235358;GEO;30 W;Ku;Descida ↓;12154;12190;36,00;Horizontal (H);29/08/2022;2033-08-05 00:00:00.000000;2020-12-31 00:00:00.000000;8032
HISPASAT S.A.;HISPASAT 30W-6;1008235358;GEO;30 W;C;Subida ↑;6788;6842;54,00;Vertical (V);29/08/2022;2033-08-05 00:00:00.000000;2020-12-31 00:00:00.000000;8032
HISPASAT S.A.;HISPASAT 30W-6;1008235358;GEO;30 W;Ku(AP30B);Descida ↓;11322;11358;36,00;Horizontal (H);29/08/2022;2033-08-05 00:00:00.000000;2020-12-31 00:00:00.000000;8032
HISPASAT S.A.;HISPASAT 30W-6;1008235358;GEO;30 W;Ku;Subida ↑;14053;14089;36,00;Horizontal (H);29/08/2022;2033-08-05 00:00:00.000000;2020-12-31 00:00:00.000000;8032
HISPASAT S.A.;HISPASAT 30W-6;1008235358;GEO;30 W;Ku;Subida ↑;14173;14209;36,00;Horizontal (H);29/08/2022;2033-08-05 00:00:00.000000;2020-12-31 00:00:00.000000;8032
HISPASAT S.A.;HISPASAT 30W-6;1008235358;GEO;30 W;Ku(AP30B);Descida ↓;11362;11398;36,00;Horizontal (H);29/08/2022;2033-08-05 00:00:00.000000;2020-12-31 00:00:00.000000;8032
HISPASAT S.A.;HISPASAT 30W-6;1008235358;GEO;30 W;Ku(AP30B);Descida ↓;11202;11238;36,00;Horizontal (H);29/08/2022;2033-08-05 00:00:00.000000;2020-12-31 00:00:00.000000;8032
HISPASAT S.A.;HISPASAT 30W-6;1008235358;GEO;30 W;Ku;Descida ↓;12114;12150;36,00;Horizontal (H);29/08/2022;2033-08-05 00:00:00.000000;2020-12-31 00:00:00.000000;8032
HISPASAT S.A.;HISPASAT 30W-6;1008235358;GEO;30 W;Ku;Subida ↑;14093;14129;36,00;Horizontal (H);29/08/2022;2033-08-05 00:00:00.000000;2020-12-31 00:00:00.000000;8032
HISPASAT S.A.;HISPASAT 30W-6;1008235358;GEO;30 W;Ku;Subida ↑;14441;14491;50,00;Vertical (V);29/08/2022;2033-08-05 00:00:00.000000;2020-12-31 00:00:00.000000;8032
HISPASAT S.A.;HISPASAT 30W-6;1008235358;GEO;30 W;C(AP30B);Descida ↓;4685,5;4739,5;54,00;Vertical (V);29/08/2022;2033-08-05 00:00:00.000000;2019-01-09 00:00:00.000000;138
HISPASAT S.A.;HISPASAT 30W-6;1008235358;GEO;30 W;Ku;Subida ↑;14259;14313;54,00;Vertical (V);29/08/2022;2033-08-05 00:00:00.000000;2020-12-31 00:00:00.000000;8032
HISPASAT S.A.;HISPASAT 30W-6;1008235358;GEO;30 W;C(AP30B);Descida ↓;4505,5;4559,5;54,00;Vertical (V);29/08/2022;2033-08-05 00:00:00.000000;2018-04-19 00:00:00.000000;2964
HISPASAT S.A.;HISPASAT 30W-6;1008235358;GEO;30 W;Ku;Subida ↑;14319;14355;36,00;Vertical (V);29/08/2022;2033-08-05 00:00:00.000000;2020-12-31 00:00:00.000000;8032
HISPASAT S.A.;HISPASAT 30W-6;1008235358;GEO;30 W;Ku;Subida ↑;13914;13950;36,00;Vertical (V);29/08/2022;2033-08-05 00:00:00.000000;2020-12-31 00:00:00.000000;8032
HISPASAT S.A.;HISPASAT 30W-6;1008235358;GEO;30 W;Ku(AP30B);Descida ↓;11402;11438;36,00;Vertical (V);29/08/2022;2033-08-05 00:00:00.000000;2020-12-31 00:00:00.000000;8032
HISPASAT S.A.;HISPASAT 30W-6;1008235358;GEO;30 W;Ku(AP30B);Descida ↓;11202;11238;36,00;Vertical (V);29/08/2022;2033-08-05 00:00:00.000000;2018-04-19 00:00:00.000000;2964
HISPASAT S.A.;HISPASAT 30W-6;1008235358;GEO;30 W;Ku(AP30B);Subida ↑;13162;13198;36,00;Vertical (V);29/08/2022;2033-08-05 00:00:00.000000;2020-12-31 00:00:00.000000;8032
HISPASAT S.A.;HISPASAT 30W-6;1008235358;GEO;30 W;Ku;Descida ↓;11906;11942;36,00;Vertical (V);29/08/2022;2033-08-05 00:00:00.000000;2018-04-19 00:00:00.000000;2964
HISPASAT S.A.;HISPASAT 30W-6;1008235358;GEO;30 W;C;Subida ↑;6848;6902;54,00;Vertical (V);29/08/2022;2033-08-05 00:00:00.000000;2020-12-31 00:00:00.000000;8032
HISPASAT S.A.;HISPASAT 36W-1;1008254140;GEO;36 W;Ku;Subida ↑;14252;14288;36,00;Vertical (V);19/02/2021;2031-02-05 00:00:00.000000;2016-02-01 00:00:00.000000;50266
HISPASAT S.A.;HISPASAT 36W-1;1008254140;GEO;36 W;Ku;Subida ↑;14292;14328;36,00;Vertical (V);19/02/2021;2031-02-05 00:00:00.000000;2016-02-01 00:00:00.000000;50266
HISPASAT S.A.;HISPASAT 36W-1;1008254140;GEO;36 W;Ku;Descida ↓;12122;12158;36,00;Vertical (V);19/02/2021;2031-02-05 00:00:00.000000;2016-02-01 00:00:00.000000;50266
HISPASAT S.A.;HISPASAT 36W-1;1008254140;GEO;36 W;Ku;Subida ↑;14452;14488;36,00;Vertical (V);19/02/2021;2031-02-05 00:00:00.000000;2016-02-01 00:00:00.000000;50266
HISPASAT S.A.;HISPASAT 36W-1;1008254140;GEO;36 W;Ku;Descida ↓;12082;12118;36,00;Vertical (V);19/02/2021;2031-02-05 00:00:00.000000;2016-02-01 00:00:00.000000;50266
HISPASAT S.A.;HISPASAT 36W-1;1008254140;GEO;36 W;Ku;Descida ↓;12042;12078;36,00;Vertical (V);19/02/2021;2031-02-05 00:00:00.000000;2016-02-01 00:00:00.000000;50266
HISPASAT S.A.;HISPASAT 36W-1;1008254140;GEO;36 W;Ku;Descida ↓;12162;12198;36,00;Vertical (V);19/02/2021;2031-02-05 00:00:00.000000;2016-02-01 00:00:00.000000;50266
HISPASAT S.A.;HISPASAT 36W-1;1008254140;GEO;36 W;Ku;Descida ↓;12002;12038;36,00;Vertical (V);19/02/2021;2031-02-05 00:00:00.000000;2016-02-01 00:00:00.000000;50266
HISPASAT S.A.;HISPASAT 36W-1;1008254140;GEO;36 W;Ku;Subida ↑;14332;14368;36,00;Vertical (V);19/02/2021;2031-02-05 00:00:00.000000;2016-02-01 00:00:00.000000;50266
HISPASAT S.A.;HISPASAT 36W-1;1008254140;GEO;36 W;Ku;Descida ↓;11962;11998;36,00;Vertical (V);19/02/2021;2031-02-05 00:00:00.000000;2016-02-01 00:00:00.000000;50266
HISPASAT S.A.;HISPASAT 36W-1;1008254140;GEO;36 W;Ku;Subida ↑;14372;14408;36,00;Vertical (V);19/02/2021;2031-02-05 00:00:00.000000;2016-02-01 00:00:00.000000;50266
HISPASAT S.A.;HISPASAT 36W-1;1008254140;GEO;36 W;Ku;Subida ↑;14412;14448;36,00;Vertical (V);19/02/2021;2031-02-05 00:00:00.000000;2016-02-01 00:00:00.000000;50266
HISPASAT S.A.;HISPASAT 36W-1;1008254140;GEO;36 W;Ku;Descida ↓;11962;11998;36,00;Horizontal (H);19/02/2021;2031-02-05 00:00:00.000000;2016-02-01 00:00:00.000000;50266
HISPASAT S.A.;HISPASAT 36W-1;1008254140;GEO;36 W;Ku;Subida ↑;14452;14488;36,00;Horizontal (H);19/02/2021;2031-02-05 00:00:00.000000;2016-02-01 00:00:00.000000;50266
HISPASAT S.A.;HISPASAT 36W-1;1008254140;GEO;36 W;Ku;Subida ↑;14372;14408;36,00;Horizontal (H);19/02/2021;2031-02-05 00:00:00.000000;2016-02-01 00:00:00.000000;50266
HISPASAT S.A.;HISPASAT 36W-1;1008254140;GEO;36 W;Ku;Descida ↓;12042;12078;36,00;Horizontal (H);19/02/2021;2031-02-05 00:00:00.000000;2016-02-01 00:00:00.000000;50266
HISPASAT S.A.;HISPASAT 36W-1;1008254140;GEO;36 W;Ku;Descida ↓;12002;12038;36,00;Horizontal (H);19/02/2021;2031-02-05 00:00:00.000000;2016-02-01 00:00:00.000000;50266
HISPASAT S.A.;HISPASAT 36W-1;1008254140;GEO;36 W;Ku;Subida ↑;14252;14288;36,00;Horizontal (H);19/02/2021;2031-02-05 00:00:00.000000;2016-02-01 00:00:00.000000;50266
HISPASAT S.A.;HISPASAT 36W-1;1008254140;GEO;36 W;Ku;Subida ↑;14292;14328;36,00;Horizontal (H);19/02/2021;2031-02-05 00:00:00.000000;2016-02-01 00:00:00.000000;50266
HISPASAT S.A.;HISPASAT 36W-1;1008254140;GEO;36 W;Ku;Descida ↓;12162;12198;36,00;Horizontal (H);19/02/2021;2031-02-05 00:00:00.000000;2016-02-01 00:00:00.000000;50266
HISPASAT S.A.;HISPASAT 36W-1;1008254140;GEO;36 W;Ku;Subida ↑;14332;14368;36,00;Horizontal (H);19/02/2021;2031-02-05 00:00:00.000000;2016-02-01 00:00:00.000000;50266
HISPASAT S.A.;HISPASAT 36W-1;1008254140;GEO;36 W;Ku;Subida ↑;14412;14448;36,00;Horizontal (H);19/02/2021;2031-02-05 00:00:00.000000;2016-02-01 00:00:00.000000;50266
HISPASAT S.A.;HISPASAT 36W-1;1008254140;GEO;36 W;Ku;Descida ↓;12082;12118;36,00;Horizontal (H);19/02/2021;2031-02-05 00:00:00.000000;2016-02-01 00:00:00.000000;50266
HISPASAT S.A.;HISPASAT 36W-1;1008254140;GEO;36 W;Ku;Descida ↓;12122;12158;36,00;Horizontal (H);19/02/2021;2031-02-05 00:00:00.000000;2016-02-01 00:00:00.000000;50266
HUGHES NETWORK SYSTEMS LLC;Jupiter 3;1015591946;GEO;95,2 W;Ka;Subida ↑;29700;29900;200,00;Circular à direita (CR);13/01/2024;2035-06-25 00:00:00.000000;2020-06-03 00:00:00.000000;2980
HUGHES NETWORK SYSTEMS LLC;Jupiter 3;1015591946;GEO;95,2 W;Ka;Descida ↓;18800;19300;500,00;Circular à esquerda (CL);13/01/2024;2035-06-25 00:00:00.000000;2020-06-03 00:00:00.000000;2980
HUGHES NETWORK SYSTEMS LLC;Jupiter 3;1015591946;GEO;95,2 W;Ka;Subida ↑;29300;29500;200,00;Circular à direita (CR);13/01/2024;2035-06-25 00:00:00.000000;2020-06-03 00:00:00.000000;2980
HUGHES NETWORK SYSTEMS LLC;Jupiter 3;1015591946;GEO;95,2 W;Ka;Subida ↑;29500;29700;200,00;Circular à direita (CR);13/01/2024;2035-06-25 00:00:00.000000;2020-06-03 00:00:00.000000;2980
HUGHES NETWORK SYSTEMS LLC;Jupiter 3;1015591946;GEO;95,2 W;Ka;Subida ↑;29700;29900;200,00;Circular à esquerda (CL);13/01/2024;2035-06-25 00:00:00.000000;2020-06-03 00:00:00.000000;2980
HUGHES NETWORK SYSTEMS LLC;Jupiter 3;1015591946;GEO;95,2 W;Ka;Descida ↓;18800;19300;500,00;Circular à direita (CR);13/01/2024;2035-06-25 00:00:00.000000;2020-06-03 00:00:00.000000;2980
HUGHES NETWORK SYSTEMS LLC;Jupiter 3;1015591946;GEO;95,2 W;Ka;Subida ↑;29300;29500;200,00;Circular à esquerda (CL);13/01/2024;2035-06-25 00:00:00.000000;2020-06-03 00:00:00.000000;2980
HUGHES NETWORK SYSTEMS LLC;Jupiter 3;1015591946;GEO;95,2 W;Ka;Subida ↑;29500;29700;200,00;Circular à esquerda (CL);13/01/2024;2035-06-25 00:00:00.000000;2020-06-03 00:00:00.000000;2980
HUGHES NETWORK SYSTEMS LLC;Jupiter 3;1015591946;GEO;95,2 W;Ka;Descida ↓;18300;18800;500,00;Circular à direita (CR);13/01/2024;2035-06-25 00:00:00.000000;2020-06-03 00:00:00.000000;2980
HUGHES NETWORK SYSTEMS LLC;Jupiter 3;1015591946;GEO;95,2 W;Ka;Descida ↓;19700;20200;500,00;Circular à esquerda (CL);13/01/2024;2035-06-25 00:00:00.000000;2020-06-03 00:00:00.000000;2980
HUGHES NETWORK SYSTEMS LLC;Jupiter 3;1015591946;GEO;95,2 W;Ka;Descida ↓;19700;20200;500,00;Circular à direita (CR);13/01/2024;2035-06-25 00:00:00.000000;2020-06-03 00:00:00.000000;2980
HUGHES NETWORK SYSTEMS LLC;Jupiter 3;1015591946;GEO;95,2 W;Ka;Descida ↓;18300;18800;500,00;Circular à esquerda (CL);13/01/2024;2035-06-25 00:00:00.000000;2020-06-03 00:00:00.000000;2980
HUGHES TELECOMUNICACOES DO BRASIL LTDA;AL YAH 3;1005859652;GEO;20 W;Ka;Subida ↑;28501,5;28611,5;110,00;Circular à esquerda (CL);14/10/2020;2031-03-04 00:00:00.000000;2016-02-24 00:00:00.000000;50475
HUGHES TELECOMUNICACOES DO BRASIL LTDA;AL YAH 3;1005859652;GEO;20 W;Ka;Descida ↓;19847,5;20177,5;330,00;Circular à esquerda (CL);14/10/2020;2031-03-04 00:00:00.000000;2016-02-24 00:00:00.000000;50475
HUGHES TELECOMUNICACOES DO BRASIL LTDA;AL YAH 3;1005859652;GEO;20 W;Ka;Subida ↑;29509;29729;220,00;Circular à esquerda (CL);14/10/2020;2031-03-04 00:00:00.000000;2016-02-24 00:00:00.000000;50475
HUGHES TELECOMUNICACOES DO BRASIL LTDA;AL YAH 3;1005859652;GEO;20 W;Ka;Subida ↑;28751,5;28861,5;110,00;Circular à esquerda (CL);14/10/2020;2031-03-04 00:00:00.000000;2016-02-24 00:00:00.000000;50475
HUGHES TELECOMUNICACOES DO BRASIL LTDA;AL YAH 3;1005859652;GEO;20 W;Ka;Descida ↓;19715;19935;220,00;Circular à esquerda (CL);14/10/2020;2031-03-04 00:00:00.000000;2016-02-24 00:00:00.000000;50475
HUGHES TELECOMUNICACOES DO BRASIL LTDA;AL YAH 3;1005859652;GEO;20 W;Ka;Subida ↑;28876,5;28986,5;110,00;Circular à esquerda (CL);14/10/2020;2031-03-04 00:00:00.000000;2016-02-24 00:00:00.000000;50475
HUGHES TELECOMUNICACOES DO BRASIL LTDA;AL YAH 3;1005859652;GEO;20 W;Ka;Subida ↑;29001,5;29111,5;110,00;Circular à esquerda (CL);14/10/2020;2031-03-04 00:00:00.000000;2016-02-24 00:00:00.000000;50475
HUGHES TELECOMUNICACOES DO BRASIL LTDA;AL YAH 3;1005859652;GEO;20 W;Ka;Descida ↓;19707,5;19817,5;110,00;Circular à esquerda (CL);14/10/2020;2031-03-04 00:00:00.000000;2016-02-24 00:00:00.000000;50475
HUGHES TELECOMUNICACOES DO BRASIL LTDA;AL YAH 3;1005859652;GEO;20 W;Ka;Subida ↑;27141,5;27471,5;330,00;Circular à esquerda (CL);14/10/2020;2031-03-04 00:00:00.000000;2016-02-24 00:00:00.000000;50475
HUGHES TELECOMUNICACOES DO BRASIL LTDA;AL YAH 3;1005859652;GEO;20 W;Ka;Descida ↓;20082,5;20192,5;110,00;Circular à esquerda (CL);14/10/2020;2031-03-04 00:00:00.000000;2016-02-24 00:00:00.000000;50475
HUGHES TELECOMUNICACOES DO BRASIL LTDA;AL YAH 3;1005859652;GEO;20 W;Ka;Subida ↑;28626,5;28736,5;110,00;Circular à esquerda (CL);14/10/2020;2031-03-04 00:00:00.000000;2016-02-24 00:00:00.000000;50475
HUGHES TELECOMUNICACOES DO BRASIL LTDA;AL YAH 3;1005859652;GEO;20 W;Ka;Descida ↓;19722,5;20052,5;330,00;Circular à esquerda (CL);14/10/2020;2031-03-04 00:00:00.000000;2016-02-24 00:00:00.000000;50475
HUGHES TELECOMUNICACOES DO BRASIL LTDA;AL YAH 3;1005859652;GEO;20 W;Ka;Descida ↓;19832,5;19942,5;110,00;Circular à esquerda (CL);14/10/2020;2031-03-04 00:00:00.000000;2016-02-24 00:00:00.000000;50475
HUGHES TELECOMUNICACOES DO BRASIL LTDA;AL YAH 3;1005859652;GEO;20 W;Ka;Subida ↑;29126,5;29236,5;110,00;Circular à esquerda (CL);14/10/2020;2031-03-04 00:00:00.000000;2016-02-24 00:00:00.000000;50475
HUGHES TELECOMUNICACOES DO BRASIL LTDA;AL YAH 3;1005859652;GEO;20 W;Ka;Descida ↓;18882,09;18919,09;37,00;Circular à esquerda (CL);14/10/2020;2031-03-04 00:00:00.000000;2016-02-24 00:00:00.000000;50475
HUGHES TELECOMUNICACOES DO BRASIL LTDA;AL YAH 3;1005859652;GEO;20 W;Ka;Subida ↑;29500;29537;37,00;Circular à esquerda (CL);14/10/2020;2031-03-04 00:00:00.000000;2016-02-24 00:00:00.000000;50475
HUGHES TELECOMUNICACOES DO BRASIL LTDA;AL YAH 3;1005859652;GEO;20 W;Ka;Subida ↑;29259;29479;220,00;Circular à esquerda (CL);14/10/2020;2031-03-04 00:00:00.000000;2016-02-24 00:00:00.000000;50475
HUGHES TELECOMUNICACOES DO BRASIL LTDA;AL YAH 3;1005859652;GEO;20 W;Ka;Descida ↓;18840;18877;37,00;Circular à esquerda (CL);14/10/2020;2031-03-04 00:00:00.000000;2016-02-24 00:00:00.000000;50475
HUGHES TELECOMUNICACOES DO BRASIL LTDA;AL YAH 3;1005859652;GEO;20 W;Ka;Subida ↑;29547,68;29657,68;110,00;Circular à esquerda (CL);14/10/2020;2031-03-04 00:00:00.000000;2016-02-24 00:00:00.000000;50475
HUGHES TELECOMUNICACOES DO BRASIL LTDA;AL YAH 3;1005859652;GEO;20 W;Ka;Subida ↑;27509;27729;220,00;Circular à esquerda (CL);14/10/2020;2031-03-04 00:00:00.000000;2016-02-24 00:00:00.000000;50475
HUGHES TELECOMUNICACOES DO BRASIL LTDA;AL YAH 3;1005859652;GEO;20 W;Ka;Descida ↓;19965;20185;220,00;Circular à esquerda (CL);14/10/2020;2031-03-04 00:00:00.000000;2016-02-24 00:00:00.000000;50475
HUGHES TELECOMUNICACOES DO BRASIL LTDA;AL YAH 3;1005859652;GEO;20 W;Ka;Subida ↑;29507,64;29655,64;148,00;Circular à esquerda (CL);14/10/2020;2031-03-04 00:00:00.000000;2016-02-24 00:00:00.000000;50475
HUGHES TELECOMUNICACOES DO BRASIL LTDA;AL YAH 3;1005859652;GEO;20 W;Ka;Subida ↑;28259;28479;220,00;Circular à esquerda (CL);14/10/2020;2031-03-04 00:00:00.000000;2016-02-24 00:00:00.000000;50475
HUGHES TELECOMUNICACOES DO BRASIL LTDA;AL YAH 3;1005859652;GEO;20 W;Ka;Subida ↑;27759;27979;220,00;Circular à esquerda (CL);14/10/2020;2031-03-04 00:00:00.000000;2016-02-24 00:00:00.000000;50475
HUGHES TELECOMUNICACOES DO BRASIL LTDA;AL YAH 3;1005859652;GEO;20 W;Ka;Subida ↑;29502,55;29576,55;74,00;Circular à esquerda (CL);14/10/2020;2031-03-04 00:00:00.000000;2016-02-24 00:00:00.000000;50475
HUGHES TELECOMUNICACOES DO BRASIL LTDA;AL YAH 3;1005859652;GEO;20 W;Ka;Descida ↓;19957,5;20067,5;110,00;Circular à esquerda (CL);14/10/2020;2031-03-04 00:00:00.000000;2016-02-24 00:00:00.000000;50475
HUGHES TELECOMUNICACOES DO BRASIL LTDA;AL YAH 3;1005859652;GEO;20 W;Ka;Descida ↓;19095,09;19169,09;74,00;Circular à esquerda (CL);14/10/2020;2031-03-04 00:00:00.000000;2016-02-24 00:00:00.000000;50475
HUGHES TELECOMUNICACOES DO BRASIL LTDA;AL YAH 3;1005859652;GEO;20 W;Ka;Descida ↓;19218,82;19255,82;37,00;Circular à esquerda (CL);14/10/2020;2031-03-04 00:00:00.000000;2016-02-24 00:00:00.000000;50475
HUGHES TELECOMUNICACOES DO BRASIL LTDA;AL YAH 3;1005859652;GEO;20 W;Ka;Descida ↓;18926,73;19000,73;74,00;Circular à direita (CR);14/10/2020;2031-03-04 00:00:00.000000;2016-02-24 00:00:00.000000;50475
HUGHES TELECOMUNICACOES DO BRASIL LTDA;AL YAH 3;1005859652;GEO;20 W;Ka;Descida ↓;19445,23;19555,23;110,00;Circular à direita (CR);14/10/2020;2031-03-04 00:00:00.000000;2016-02-24 00:00:00.000000;50475
HUGHES TELECOMUNICACOES DO BRASIL LTDA;AL YAH 3;1005859652;GEO;20 W;Ka;Subida ↑;29710,45;29747,45;37,00;Circular à direita (CR);14/10/2020;2031-03-04 00:00:00.000000;2016-02-24 00:00:00.000000;50475
HUGHES TELECOMUNICACOES DO BRASIL LTDA;AL YAH 3;1005859652;GEO;20 W;Ka;Subida ↑;29752,55;29789,55;37,00;Circular à direita (CR);14/10/2020;2031-03-04 00:00:00.000000;2016-02-24 00:00:00.000000;50475
HUGHES TELECOMUNICACOES DO BRASIL LTDA;AL YAH 3;1005859652;GEO;20 W;Ka;Descida ↓;19487,32;19597,32;110,00;Circular à esquerda (CL);14/10/2020;2031-03-04 00:00:00.000000;2016-02-24 00:00:00.000000;50475
HUGHES TELECOMUNICACOES DO BRASIL LTDA;AL YAH 3;1005859652;GEO;20 W;Ka;Descida ↓;19400,09;19474,09;74,00;Circular à esquerda (CL);14/10/2020;2031-03-04 00:00:00.000000;2016-02-24 00:00:00.000000;50475
HUGHES TELECOMUNICACOES DO BRASIL LTDA;AL YAH 3;1005859652;GEO;20 W;Ka;Descida ↓;19397,55;19434,55;37,00;Circular à direita (CR);14/10/2020;2031-03-04 00:00:00.000000;2016-02-24 00:00:00.000000;50475
HUGHES TELECOMUNICACOES DO BRASIL LTDA;AL YAH 3;1005859652;GEO;20 W;Ka;Subida ↑;29586,73;29660,73;74,00;Circular à esquerda (CL);14/10/2020;2031-03-04 00:00:00.000000;2016-02-24 00:00:00.000000;50475
HUGHES TELECOMUNICACOES DO BRASIL LTDA;AL YAH 3;1005859652;GEO;20 W;Ka;Subida ↑;29794,64;29831,64;37,00;Circular à direita (CR);14/10/2020;2031-03-04 00:00:00.000000;2016-02-24 00:00:00.000000;50475
HUGHES TELECOMUNICACOES DO BRASIL LTDA;AL YAH 3;1005859652;GEO;20 W;Ka;Subida ↑;29755,09;29829,09;74,00;Circular à direita (CR);14/10/2020;2031-03-04 00:00:00.000000;2016-02-24 00:00:00.000000;50475
HUGHES TELECOMUNICACOES DO BRASIL LTDA;AL YAH 3;1005859652;GEO;20 W;Ka;Subida ↑;29836,73;29873,73;37,00;Circular à esquerda (CL);14/10/2020;2031-03-04 00:00:00.000000;2016-02-24 00:00:00.000000;50475
HUGHES TELECOMUNICACOES DO BRASIL LTDA;AL YAH 3;1005859652;GEO;20 W;Ka;Descida ↓;19095,09;19169,09;74,00;Circular à direita (CR);14/10/2020;2031-03-04 00:00:00.000000;2016-02-24 00:00:00.000000;50475
HUGHES TELECOMUNICACOES DO BRASIL LTDA;AL YAH 3;1005859652;GEO;20 W;Ka;Subida ↑;29501,5;29611,5;110,00;Circular à direita (CR);14/10/2020;2031-03-04 00:00:00.000000;2016-02-24 00:00:00.000000;50475
HUGHES TELECOMUNICACOES DO BRASIL LTDA;AL YAH 3;1005859652;GEO;20 W;Ka;Descida ↓;19832,5;19942,5;110,00;Circular à direita (CR);14/10/2020;2031-03-04 00:00:00.000000;2016-02-24 00:00:00.000000;50475
HUGHES TELECOMUNICACOES DO BRASIL LTDA;AL YAH 3;1005859652;GEO;20 W;Ka;Subida ↑;27259;27479;220,00;Circular à direita (CR);14/10/2020;2031-03-04 00:00:00.000000;2016-02-24 00:00:00.000000;50475
HUGHES TELECOMUNICACOES DO BRASIL LTDA;AL YAH 3;1005859652;GEO;20 W;Ka;Subida ↑;29626,5;29736,5;110,00;Circular à direita (CR);14/10/2020;2031-03-04 00:00:00.000000;2016-02-24 00:00:00.000000;50475
HUGHES TELECOMUNICACOES DO BRASIL LTDA;AL YAH 3;1005859652;GEO;20 W;Ka;Descida ↓;18842,55;18916,55;74,00;Circular à direita (CR);14/10/2020;2031-03-04 00:00:00.000000;2016-02-24 00:00:00.000000;50475
HUGHES TELECOMUNICACOES DO BRASIL LTDA;AL YAH 3;1005859652;GEO;20 W;Ka;Subida ↑;29251,5;29361,5;110,00;Circular à direita (CR);14/10/2020;2031-03-04 00:00:00.000000;2016-02-24 00:00:00.000000;50475
HUGHES TELECOMUNICACOES DO BRASIL LTDA;AL YAH 3;1005859652;GEO;20 W;Ka;Subida ↑;29507,64;29655,64;148,00;Circular à direita (CR);14/10/2020;2031-03-04 00:00:00.000000;2016-02-24 00:00:00.000000;50475
HUGHES TELECOMUNICACOES DO BRASIL LTDA;AL YAH 3;1005859652;GEO;20 W;Ka;Subida ↑;29376,5;29486,5;110,00;Circular à direita (CR);14/10/2020;2031-03-04 00:00:00.000000;2016-02-24 00:00:00.000000;50475
HUGHES TELECOMUNICACOES DO BRASIL LTDA;AL YAH 3;1005859652;GEO;20 W;Ka;Descida ↓;18115;18335;220,00;Circular à direita (CR);14/10/2020;2031-03-04 00:00:00.000000;2016-02-24 00:00:00.000000;50475
HUGHES TELECOMUNICACOES DO BRASIL LTDA;AL YAH 3;1005859652;GEO;20 W;Ka;Subida ↑;29800,23;29910,23;110,00;Circular à direita (CR);14/10/2020;2031-03-04 00:00:00.000000;2016-02-24 00:00:00.000000;50475
HUGHES TELECOMUNICACOES DO BRASIL LTDA;AL YAH 3;1005859652;GEO;20 W;Ka;Subida ↑;29844,36;29992,36;148,00;Circular à esquerda (CL);14/10/2020;2031-03-04 00:00:00.000000;2016-02-24 00:00:00.000000;50475
HUGHES TELECOMUNICACOES DO BRASIL LTDA;AL YAH 3;1005859652;GEO;20 W;Ka;Subida ↑;28501,5;28611,5;110,00;Circular à direita (CR);14/10/2020;2031-03-04 00:00:00.000000;2016-02-24 00:00:00.000000;50475
HUGHES TELECOMUNICACOES DO BRASIL LTDA;AL YAH 3;1005859652;GEO;20 W;Ka;Subida ↑;29676;29824;148,00;Circular à direita (CR);14/10/2020;2031-03-04 00:00:00.000000;2016-02-24 00:00:00.000000;50475
HUGHES TELECOMUNICACOES DO BRASIL LTDA;AL YAH 3;1005859652;GEO;20 W;Ka;Descida ↓;19050,45;19087,45;37,00;Circular à esquerda (CL);14/10/2020;2031-03-04 00:00:00.000000;2016-02-24 00:00:00.000000;50475
HUGHES TELECOMUNICACOES DO BRASIL LTDA;AL YAH 3;1005859652;GEO;20 W;Ka;Subida ↑;29676;29824;148,00;Circular à esquerda (CL);14/10/2020;2031-03-04 00:00:00.000000;2016-02-24 00:00:00.000000;50475
HUGHES TELECOMUNICACOES DO BRASIL LTDA;AL YAH 3;1005859652;GEO;20 W;Ka;Subida ↑;29878,82;29915,82;37,00;Circular à esquerda (CL);14/10/2020;2031-03-04 00:00:00.000000;2016-02-24 00:00:00.000000;50475
HUGHES TELECOMUNICACOES DO BRASIL LTDA;AL YAH 3;1005859652;GEO;20 W;Ka;Descida ↓;19176,73;19213,73;37,00;Circular à esquerda (CL);14/10/2020;2031-03-04 00:00:00.000000;2016-02-24 00:00:00.000000;50475
HUGHES TELECOMUNICACOES DO BRASIL LTDA;AL YAH 3;1005859652;GEO;20 W;Ka;Subida ↑;29838,36;29986,36;148,00;Circular à esquerda (CL);14/10/2020;2031-03-04 00:00:00.000000;2016-02-24 00:00:00.000000;50475
HUGHES TELECOMUNICACOES DO BRASIL LTDA;AL YAH 3;1005859652;GEO;20 W;Ka;Descida ↓;19260,91;19297,91;37,00;Circular à esquerda (CL);14/10/2020;2031-03-04 00:00:00.000000;2016-02-24 00:00:00.000000;50475
HUGHES TELECOMUNICACOES DO BRASIL LTDA;AL YAH 3;1005859652;GEO;20 W;Ka;Subida ↑;27001,5;27111,5;110,00;Circular à esquerda (CL);14/10/2020;2031-03-04 00:00:00.000000;2016-02-24 00:00:00.000000;50475
HUGHES TELECOMUNICACOES DO BRASIL LTDA;AL YAH 3;1005859652;GEO;20 W;Ka;Descida ↓;19303;19340;37,00;Circular à esquerda (CL);14/10/2020;2031-03-04 00:00:00.000000;2016-02-24 00:00:00.000000;50475
HUGHES TELECOMUNICACOES DO BRASIL LTDA;AL YAH 3;1005859652;GEO;20 W;Ka;Subida ↑;29998;30000;2,00;Circular à esquerda (CL);14/10/2020;2031-03-04 00:00:00.000000;2016-02-24 00:00:00.000000;50475
HUGHES TELECOMUNICACOES DO BRASIL LTDA;AL YAH 3;1005859652;GEO;20 W;Ka;Descida ↓;18623,36;18771,36;148,00;Circular à esquerda (CL);14/10/2020;2031-03-04 00:00:00.000000;2016-02-24 00:00:00.000000;50475
HUGHES TELECOMUNICACOES DO BRASIL LTDA;AL YAH 3;1005859652;GEO;20 W;Ka;Subida ↑;29710,45;29747,45;37,00;Circular à esquerda (CL);14/10/2020;2031-03-04 00:00:00.000000;2016-02-24 00:00:00.000000;50475
HUGHES TELECOMUNICACOES DO BRASIL LTDA;AL YAH 3;1005859652;GEO;20 W;Ka;Subida ↑;29839,27;29913,27;74,00;Circular à esquerda (CL);14/10/2020;2031-03-04 00:00:00.000000;2016-02-24 00:00:00.000000;50475
HUGHES TELECOMUNICACOES DO BRASIL LTDA;AL YAH 3;1005859652;GEO;20 W;Ka;Subida ↑;29670,91;29744,91;74,00;Circular à esquerda (CL);14/10/2020;2031-03-04 00:00:00.000000;2016-02-24 00:00:00.000000;50475
HUGHES TELECOMUNICACOES DO BRASIL LTDA;AL YAH 3;1005859652;GEO;20 W;Ka;Descida ↓;20198;20200;2,00;Circular à esquerda (CL);14/10/2020;2031-03-04 00:00:00.000000;2016-02-24 00:00:00.000000;50475
HUGHES TELECOMUNICACOES DO BRASIL LTDA;AL YAH 3;1005859652;GEO;20 W;Ka;Descida ↓;19008,36;19045,36;37,00;Circular à direita (CR);14/10/2020;2031-03-04 00:00:00.000000;2016-02-24 00:00:00.000000;50475
HUGHES TELECOMUNICACOES DO BRASIL LTDA;AL YAH 3;1005859652;GEO;20 W;Ka;Descida ↓;18365;18585;220,00;Circular à esquerda (CL);14/10/2020;2031-03-04 00:00:00.000000;2016-02-24 00:00:00.000000;50475
HUGHES TELECOMUNICACOES DO BRASIL LTDA;AL YAH 3;1005859652;GEO;20 W;Ka;Descida ↓;19608;19645;37,00;Circular à esquerda (CL);14/10/2020;2031-03-04 00:00:00.000000;2016-02-24 00:00:00.000000;50475
HUGHES TELECOMUNICACOES DO BRASIL LTDA;AL YAH 3;1005859652;GEO;20 W;Ka;Descida ↓;19050,45;19087,45;37,00;Circular à direita (CR);14/10/2020;2031-03-04 00:00:00.000000;2016-02-24 00:00:00.000000;50475
HUGHES TELECOMUNICACOES DO BRASIL LTDA;AL YAH 3;1005859652;GEO;20 W;Ka;Subida ↑;29963;30000;37,00;Circular à esquerda (CL);14/10/2020;2031-03-04 00:00:00.000000;2016-02-24 00:00:00.000000;50475
HUGHES TELECOMUNICACOES DO BRASIL LTDA;AL YAH 3;1005859652;GEO;20 W;Ka;Descida ↓;18926,73;19000,73;74,00;Circular à esquerda (CL);14/10/2020;2031-03-04 00:00:00.000000;2016-02-24 00:00:00.000000;50475
HUGHES TELECOMUNICACOES DO BRASIL LTDA;AL YAH 3;1005859652;GEO;20 W;Ka;Subida ↑;29797,18;29871,18;74,00;Circular à esquerda (CL);14/10/2020;2031-03-04 00:00:00.000000;2016-02-24 00:00:00.000000;50475
HUGHES TELECOMUNICACOES DO BRASIL LTDA;AL YAH 3;1005859652;GEO;20 W;Ka;Descida ↓;19008,36;19045,36;37,00;Circular à esquerda (CL);14/10/2020;2031-03-04 00:00:00.000000;2016-02-24 00:00:00.000000;50475
HUGHES TELECOMUNICACOES DO BRASIL LTDA;AL YAH 3;1005859652;GEO;20 W;Ka;Descida ↓;19730;20170;440,00;Circular à esquerda (CL);14/10/2020;2031-03-04 00:00:00.000000;2016-02-24 00:00:00.000000;50475
HUGHES TELECOMUNICACOES DO BRASIL LTDA;AL YAH 3;1005859652;GEO;20 W;Ka;Subida ↑;28009;28229;220,00;Circular à esquerda (CL);14/10/2020;2031-03-04 00:00:00.000000;2016-02-24 00:00:00.000000;50475
HUGHES TELECOMUNICACOES DO BRASIL LTDA;AL YAH 3;1005859652;GEO;20 W;Ka;Subida ↑;29755,09;29829,09;74,00;Circular à esquerda (CL);14/10/2020;2031-03-04 00:00:00.000000;2016-02-24 00:00:00.000000;50475
HUGHES TELECOMUNICACOES DO BRASIL LTDA;AL YAH 3;1005859652;GEO;20 W;Ka;Subida ↑;29878,82;29915,82;37,00;Circular à direita (CR);14/10/2020;2031-03-04 00:00:00.000000;2016-02-24 00:00:00.000000;50475
HUGHES TELECOMUNICACOES DO BRASIL LTDA;AL YAH 3;1005859652;GEO;20 W;Ka;Subida ↑;29009;29229;220,00;Circular à direita (CR);14/10/2020;2031-03-04 00:00:00.000000;2016-02-24 00:00:00.000000;50475
HUGHES TELECOMUNICACOES DO BRASIL LTDA;AL YAH 3;1005859652;GEO;20 W;Ka;Descida ↓;19722,5;20052,5;330,00;Circular à direita (CR);14/10/2020;2031-03-04 00:00:00.000000;2016-02-24 00:00:00.000000;50475
HUGHES TELECOMUNICACOES DO BRASIL LTDA;AL YAH 3;1005859652;GEO;20 W;Ka;Subida ↑;28259;28479;220,00;Circular à direita (CR);14/10/2020;2031-03-04 00:00:00.000000;2016-02-24 00:00:00.000000;50475
HUGHES TELECOMUNICACOES DO BRASIL LTDA;AL YAH 3;1005859652;GEO;20 W;Ka;Descida ↓;19715;19935;220,00;Circular à direita (CR);14/10/2020;2031-03-04 00:00:00.000000;2016-02-24 00:00:00.000000;50475
HUGHES TELECOMUNICACOES DO BRASIL LTDA;AL YAH 3;1005859652;GEO;20 W;Ka;Descida ↓;20082,5;20192,5;110,00;Circular à direita (CR);14/10/2020;2031-03-04 00:00:00.000000;2016-02-24 00:00:00.000000;50475
HUGHES TELECOMUNICACOES DO BRASIL LTDA;AL YAH 3;1005859652;GEO;20 W;Ka;Subida ↑;29842,32;29952,32;110,00;Circular à direita (CR);14/10/2020;2031-03-04 00:00:00.000000;2016-02-24 00:00:00.000000;50475
HUGHES TELECOMUNICACOES DO BRASIL LTDA;AL YAH 3;1005859652;GEO;20 W;Ka;Descida ↓;19260,91;19297,91;37,00;Circular à direita (CR);14/10/2020;2031-03-04 00:00:00.000000;2016-02-24 00:00:00.000000;50475
HUGHES TELECOMUNICACOES DO BRASIL LTDA;AL YAH 3;1005859652;GEO;20 W;Ka;Subida ↑;29838,36;29986,36;148,00;Circular à direita (CR);14/10/2020;2031-03-04 00:00:00.000000;2016-02-24 00:00:00.000000;50475
HUGHES TELECOMUNICACOES DO BRASIL LTDA;AL YAH 3;1005859652;GEO;20 W;Ka;Descida ↓;19707,5;19817,5;110,00;Circular à direita (CR);14/10/2020;2031-03-04 00:00:00.000000;2016-02-24 00:00:00.000000;50475
HUGHES TELECOMUNICACOES DO BRASIL LTDA;AL YAH 3;1005859652;GEO;20 W;Ka;Subida ↑;27001,5;27111,5;110,00;Circular à direita (CR);14/10/2020;2031-03-04 00:00:00.000000;2016-02-24 00:00:00.000000;50475
HUGHES TELECOMUNICACOES DO BRASIL LTDA;AL YAH 3;1005859652;GEO;20 W;Ka;Descida ↓;19608;19645;37,00;Circular à direita (CR);14/10/2020;2031-03-04 00:00:00.000000;2016-02-24 00:00:00.000000;50475
HUGHES TELECOMUNICACOES DO BRASIL LTDA;AL YAH 3;1005859652;GEO;20 W;Ka;Descida ↓;19565,91;19602,91;37,00;Circular à direita (CR);14/10/2020;2031-03-04 00:00:00.000000;2016-02-24 00:00:00.000000;50475
HUGHES TELECOMUNICACOES DO BRASIL LTDA;AL YAH 3;1005859652;GEO;20 W;Ka;Subida ↑;27509;27729;220,00;Circular à direita (CR);14/10/2020;2031-03-04 00:00:00.000000;2016-02-24 00:00:00.000000;50475
HUGHES TELECOMUNICACOES DO BRASIL LTDA;AL YAH 3;1005859652;GEO;20 W;Ka;Subida ↑;29920,91;29957,91;37,00;Circular à direita (CR);14/10/2020;2031-03-04 00:00:00.000000;2016-02-24 00:00:00.000000;50475
HUGHES TELECOMUNICACOES DO BRASIL LTDA;AL YAH 3;1005859652;GEO;20 W;Ka;Descida ↓;19303;19340;37,00;Circular à direita (CR);14/10/2020;2031-03-04 00:00:00.000000;2016-02-24 00:00:00.000000;50475
HUGHES TELECOMUNICACOES DO BRASIL LTDA;AL YAH 3;1005859652;GEO;20 W;Ka;Descida ↓;19730;20170;440,00;Circular à direita (CR);14/10/2020;2031-03-04 00:00:00.000000;2016-02-24 00:00:00.000000;50475
HUGHES TELECOMUNICACOES DO BRASIL LTDA;AL YAH 3;1005859652;GEO;20 W;Ka;Subida ↑;28001,5;28111,5;110,00;Circular à direita (CR);14/10/2020;2031-03-04 00:00:00.000000;2016-02-24 00:00:00.000000;50475
HUGHES TELECOMUNICACOES DO BRASIL LTDA;AL YAH 3;1005859652;GEO;20 W;Ka;Subida ↑;29839,27;29913,27;74,00;Circular à direita (CR);14/10/2020;2031-03-04 00:00:00.000000;2016-02-24 00:00:00.000000;50475
HUGHES TELECOMUNICACOES DO BRASIL LTDA;AL YAH 3;1005859652;GEO;20 W;Ka;Subida ↑;27759;27979;220,00;Circular à direita (CR);14/10/2020;2031-03-04 00:00:00.000000;2016-02-24 00:00:00.000000;50475
HUGHES TELECOMUNICACOES DO BRASIL LTDA;AL YAH 3;1005859652;GEO;20 W;Ka;Subida ↑;29844,36;29992,36;148,00;Circular à direita (CR);14/10/2020;2031-03-04 00:00:00.000000;2016-02-24 00:00:00.000000;50475
HUGHES TELECOMUNICACOES DO BRASIL LTDA;AL YAH 3;1005859652;GEO;20 W;Ka;Subida ↑;27126,5;27236,5;110,00;Circular à direita (CR);14/10/2020;2031-03-04 00:00:00.000000;2016-02-24 00:00:00.000000;50475
HUGHES TELECOMUNICACOES DO BRASIL LTDA;AL YAH 3;1005859652;GEO;20 W;Ka;Subida ↑;29963;30000;37,00;Circular à direita (CR);14/10/2020;2031-03-04 00:00:00.000000;2016-02-24 00:00:00.000000;50475
HUGHES TELECOMUNICACOES DO BRASIL LTDA;AL YAH 3;1005859652;GEO;20 W;Ka;Subida ↑;29668,36;29705,36;37,00;Circular à direita (CR);14/10/2020;2031-03-04 00:00:00.000000;2016-02-24 00:00:00.000000;50475
HUGHES TELECOMUNICACOES DO BRASIL LTDA;AL YAH 3;1005859652;GEO;20 W;Ka;Descida ↓;19965;20185;220,00;Circular à direita (CR);14/10/2020;2031-03-04 00:00:00.000000;2016-02-24 00:00:00.000000;50475
HUGHES TELECOMUNICACOES DO BRASIL LTDA;AL YAH 3;1005859652;GEO;20 W;Ka;Subida ↑;29542,09;29579,09;37,00;Circular à direita (CR);14/10/2020;2031-03-04 00:00:00.000000;2016-02-24 00:00:00.000000;50475
HUGHES TELECOMUNICACOES DO BRASIL LTDA;AL YAH 3;1005859652;GEO;20 W;Ka;Subida ↑;28641,5;28971,5;330,00;Circular à direita (CR);14/10/2020;2031-03-04 00:00:00.000000;2016-02-24 00:00:00.000000;50475
HUGHES TELECOMUNICACOES DO BRASIL LTDA;AL YAH 3;1005859652;GEO;20 W;Ka;Subida ↑;29673,95;29783,95;110,00;Circular à direita (CR);14/10/2020;2031-03-04 00:00:00.000000;2016-02-24 00:00:00.000000;50475
HUGHES TELECOMUNICACOES DO BRASIL LTDA;AL YAH 3;1005859652;GEO;20 W;Ka;Subida ↑;28126,5;28236,5;110,00;Circular à direita (CR);14/10/2020;2031-03-04 00:00:00.000000;2016-02-24 00:00:00.000000;50475
HUGHES TELECOMUNICACOES DO BRASIL LTDA;AL YAH 3;1005859652;GEO;20 W;Ka;Descida ↓;18623,36;18771,36;148,00;Circular à direita (CR);14/10/2020;2031-03-04 00:00:00.000000;2016-02-24 00:00:00.000000;50475
HUGHES TELECOMUNICACOES DO BRASIL LTDA;AL YAH 3;1005859652;GEO;20 W;Ka;Descida ↓;19179,27;19253,27;74,00;Circular à direita (CR);14/10/2020;2031-03-04 00:00:00.000000;2016-02-24 00:00:00.000000;50475
INMARSAT GLOBAL LIMITED;Global Xpress;1001734502;GEO;55 W;Ka;Descida ↓;19724;19756;32,00;Circular à esquerda (CL);22/11/2023;N;2015-05-28 00:00:00.000000;3249
INMARSAT GLOBAL LIMITED;Global Xpress;1001734502;GEO;55 W;Ka;Descida ↓;19884;19916;32,00;Circular à esquerda (CL);22/11/2023;N;2015-05-28 00:00:00.000000;3249
INMARSAT GLOBAL LIMITED;Global Xpress;1001734502;GEO;55 W;Ka;Subida ↑;29604;29636;32,00;Circular à direita (CR);22/11/2023;N;2015-05-28 00:00:00.000000;3249
INMARSAT GLOBAL LIMITED;Global Xpress;1001734502;GEO;55 W;Ka;Descida ↓;20044;20076;32,00;Circular à esquerda (CL);22/11/2023;N;2015-05-28 00:00:00.000000;3249
INMARSAT GLOBAL LIMITED;Global Xpress;1001734502;GEO;55 W;Ka;Descida ↓;20004;20036;32,00;Circular à esquerda (CL);22/11/2023;N;2015-05-28 00:00:00.000000;3249
INMARSAT GLOBAL LIMITED;Global Xpress;1001734502;GEO;55 W;Ka;Subida ↑;29524;29556;32,00;Circular à direita (CR);22/11/2023;N;2015-05-28 00:00:00.000000;3249
INMARSAT GLOBAL LIMITED;Global Xpress;1001734502;GEO;55 W;Ka;Descida ↓;19844;19876;32,00;Circular à esquerda (CL);22/11/2023;N;2015-05-28 00:00:00.000000;3249
INMARSAT GLOBAL LIMITED;Global Xpress;1001734502;GEO;55 W;Ka;Descida ↓;20124;20156;32,00;Circular à esquerda (CL);22/11/2023;N;2015-05-28 00:00:00.000000;3249
INMARSAT GLOBAL LIMITED;Global Xpress;1001734502;GEO;55 W;Ka;Subida ↑;29804;29836;32,00;Circular à direita (CR);22/11/2023;N;2015-05-28 00:00:00.000000;3249
INMARSAT GLOBAL LIMITED;Global Xpress;1001734502;GEO;55 W;Ka;Subida ↑;29884;29916;32,00;Circular à direita (CR);22/11/2023;N;2015-05-28 00:00:00.000000;3249
INMARSAT GLOBAL LIMITED;Global Xpress;1001734502;GEO;55 W;Ka;Subida ↑;29844;29876;32,00;Circular à direita (CR);22/11/2023;N;2015-05-28 00:00:00.000000;3249
INMARSAT GLOBAL LIMITED;Global Xpress;1001734502;GEO;55 W;Ka;Descida ↓;19924;19956;32,00;Circular à esquerda (CL);22/11/2023;N;2015-05-28 00:00:00.000000;3249
INMARSAT GLOBAL LIMITED;Global Xpress;1001734502;GEO;55 W;Ka;Subida ↑;29724;29756;32,00;Circular à direita (CR);22/11/2023;N;2015-05-28 00:00:00.000000;3249
INMARSAT GLOBAL LIMITED;Global Xpress;1001734502;GEO;55 W;Ka;Subida ↑;29644;29676;32,00;Circular à direita (CR);22/11/2023;N;2015-05-28 00:00:00.000000;3249
INMARSAT GLOBAL LIMITED;Global Xpress;1001734502;GEO;55 W;Ka;Descida ↓;20084;20116;32,00;Circular à esquerda (CL);22/11/2023;N;2015-05-28 00:00:00.000000;3249
INMARSAT GLOBAL LIMITED;Global Xpress;1001734502;GEO;55 W;Ka;Subida ↑;29924;29956;32,00;Circular à direita (CR);22/11/2023;N;2015-05-28 00:00:00.000000;3249
INMARSAT GLOBAL LIMITED;Global Xpress;1001734502;GEO;55 W;Ka;Descida ↓;19804;19836;32,00;Circular à esquerda (CL);22/11/2023;N;2015-05-28 00:00:00.000000;3249
INMARSAT GLOBAL LIMITED;Global Xpress;1001734502;GEO;55 W;Ka;Subida ↑;29684;29716;32,00;Circular à direita (CR);22/11/2023;N;2015-05-28 00:00:00.000000;3249
INMARSAT SOLUTIONS (CANADA) INC.;Inmarsat 3 AOR West;697638170;GEO;54 W;L;Subida ↑;1643;1645,5;3,00;Circular à direita (CR);22/07/2026;2028-12-31 00:00:00.000000;2026-05-27 00:00:00.000000;7146
INMARSAT SOLUTIONS (CANADA) INC.;Inmarsat 3 AOR West;697638170;GEO;54 W;L;Descida ↓;1528,75;1530,25;2,00;Circular à direita (CR);22/07/2026;2028-12-31 00:00:00.000000;2026-05-27 00:00:00.000000;7146
INMARSAT SOLUTIONS (CANADA) INC.;Inmarsat 3 AOR West;697638170;GEO;54 W;L;Subida ↑;1630,5;1631,5;1,00;Circular à direita (CR);22/07/2026;2028-12-31 00:00:00.000000;2026-05-27 00:00:00.000000;7146
INMARSAT SOLUTIONS (CANADA) INC.;Inmarsat 3 AOR West;697638170;GEO;54 W;L;Descida ↓;1545;1555;10,00;Circular à direita (CR);22/07/2026;2028-12-31 00:00:00.000000;2026-05-27 00:00:00.000000;7146
INMARSAT SOLUTIONS (CANADA) INC.;Inmarsat 3 AOR West;697638170;GEO;54 W;L;Subida ↑;1646,5;1656,5;10,00;Circular à direita (CR);22/07/2026;2028-12-31 00:00:00.000000;2026-05-27 00:00:00.000000;7146
INMARSAT SOLUTIONS (CANADA) INC.;Inmarsat 3 AOR West;697638170;GEO;54 W;L;Subida ↑;1638,5;1643;5,00;Circular à direita (CR);22/07/2026;2028-12-31 00:00:00.000000;2023-12-29 00:00:00.000000;7146
INMARSAT SOLUTIONS (CANADA) INC.;Inmarsat 3 AOR West;697638170;GEO;54 W;L;Descida ↓;1529;1530;1,00;Circular à direita (CR);22/07/2026;2028-12-31 00:00:00.000000;2026-05-27 00:00:00.000000;7146
INMARSAT SOLUTIONS (CANADA) INC.;Inmarsat 3 AOR West;697638170;GEO;54 W;L;Descida ↓;1537;1541,5;5,00;Circular à direita (CR);22/07/2026;2028-12-31 00:00:00.000000;2026-05-27 00:00:00.000000;7146
INMARSAT SOLUTIONS (CANADA) INC.;Inmarsat 3 AOR West;697638170;GEO;54 W;L;Descida ↓;1525;1529;4,00;Circular à direita (CR);22/07/2026;2028-12-31 00:00:00.000000;2026-05-27 00:00:00.000000;7146
INMARSAT SOLUTIONS (CANADA) INC.;Inmarsat 3 AOR West;697638170;GEO;54 W;L;Subida ↑;1640;1645,5;6,00;Circular à direita (CR);22/07/2026;2028-12-31 00:00:00.000000;2026-05-27 00:00:00.000000;7146
INMARSAT SOLUTIONS (CANADA) INC.;Inmarsat 3 AOR West;697638170;GEO;54 W;L;Subida ↑;1638,5;1640;2,00;Circular à direita (CR);22/07/2026;2028-12-31 00:00:00.000000;2026-05-27 00:00:00.000000;7146
INMARSAT SOLUTIONS (CANADA) INC.;Inmarsat 3 AOR West;697638170;GEO;54 W;L;Descida ↓;1541,5;1544;3,00;Circular à direita (CR);22/07/2026;2028-12-31 00:00:00.000000;2026-05-27 00:00:00.000000;7146
INMARSAT SOLUTIONS (CANADA) INC.;Inmarsat 3 AOR West;697638170;GEO;54 W;L;Subida ↑;1656,5;1660,5;4,00;Circular à direita (CR);22/07/2026;2028-12-31 00:00:00.000000;2026-05-27 00:00:00.000000;7146
INMARSAT SOLUTIONS (CANADA) INC.;Inmarsat 3 AOR West;697638170;GEO;54 W;L;Subida ↑;1631,5;1634,5;3,00;Circular à direita (CR);22/07/2026;2028-12-31 00:00:00.000000;2026-05-27 00:00:00.000000;7146
INMARSAT SOLUTIONS (CANADA) INC.;Inmarsat 3 AOR West;697638170;GEO;54 W;L;Subida ↑;1626,5;1630,5;4,00;Circular à direita (CR);22/07/2026;2028-12-31 00:00:00.000000;2026-05-27 00:00:00.000000;7146
INMARSAT SOLUTIONS (CANADA) INC.;Inmarsat 3 AOR West;697638170;GEO;54 W;L;Descida ↓;1530;1533;3,00;Circular à direita (CR);22/07/2026;2028-12-31 00:00:00.000000;2026-05-27 00:00:00.000000;7146
INMARSAT SOLUTIONS (CANADA) INC.;Inmarsat 3 AOR West;697638170;GEO;54 W;L;Descida ↓;1537;1538,5;2,00;Circular à direita (CR);22/07/2026;2028-12-31 00:00:00.000000;2026-05-27 00:00:00.000000;7146
INMARSAT SOLUTIONS (CANADA) INC.;Inmarsat 3 AOR West;697638170;GEO;54 W;L;Descida ↓;1555;1559;4,00;Circular à direita (CR);22/07/2026;2028-12-31 00:00:00.000000;2026-05-27 00:00:00.000000;7146
INMARSAT SOLUTIONS (CANADA) INC.;Inmarsat 3 AOR West;697638170;GEO;54 W;L;Subida ↑;1634,5;1638,5;4,00;Circular à direita (CR);22/07/2026;2028-12-31 00:00:00.000000;2026-05-27 00:00:00.000000;7146
INMARSAT SOLUTIONS (CANADA) INC.;Inmarsat 3 AOR West;697638170;GEO;54 W;L;Descida ↓;1533;1537;4,00;Circular à direita (CR);22/07/2026;2028-12-31 00:00:00.000000;2026-05-27 00:00:00.000000;7146
INMARSAT SOLUTIONS (CANADA) INC.;Inmarsat 3 AOR West;697638170;GEO;54 W;L;Descida ↓;1538,5;1544;6,00;Circular à direita (CR);22/07/2026;2028-12-31 00:00:00.000000;2026-05-27 00:00:00.000000;7146
INMARSAT SOLUTIONS (CANADA) INC.;INMARSAT-4 F3;692818960;GEO;98 W;L;Descida ↓;1534,97;1536;1,00;Circular à direita (CR);18/02/2026;N;2025-09-15 00:00:00.000000;12874
INMARSAT SOLUTIONS (CANADA) INC.;INMARSAT-4 F3;692818960;GEO;98 W;L;Descida ↓;1534,025;1534,225;0,00;Circular à direita (CR);18/02/2026;N;2025-09-15 00:00:00.000000;12874
INMARSAT SOLUTIONS (CANADA) INC.;INMARSAT-4 F3;692818960;GEO;98 W;L;Subida ↑;1638,318;1644,3;6,00;Circular à direita (CR);18/02/2026;N;2025-09-15 00:00:00.000000;12874
INMARSAT SOLUTIONS (CANADA) INC.;INMARSAT-4 F3;692818960;GEO;98 W;L;Descida ↓;1526,8;1527,33;1,00;Circular à direita (CR);18/02/2026;N;2025-09-15 00:00:00.000000;12874
INMARSAT SOLUTIONS (CANADA) INC.;INMARSAT-4 F3;692818960;GEO;98 W;L;Descida ↓;1525;1526,3;1,00;Circular à direita (CR);18/02/2026;N;2025-09-15 00:00:00.000000;12874
INMARSAT SOLUTIONS (CANADA) INC.;INMARSAT-4 F3;692818960;GEO;98 W;L;Subida ↑;1646,5;1648,215;2,00;Circular à direita (CR);18/02/2026;N;2025-09-15 00:00:00.000000;12874
INMARSAT SOLUTIONS (CANADA) INC.;INMARSAT-4 F3;692818960;GEO;98 W;L;Descida ↓;1536,65;1536,8;0,00;Circular à direita (CR);18/02/2026;N;2025-09-15 00:00:00.000000;12874
INMARSAT SOLUTIONS (CANADA) INC.;INMARSAT-4 F3;692818960;GEO;98 W;L;Descida ↓;1548,32;1548,55;0,00;Circular à direita (CR);18/02/2026;N;2025-09-15 00:00:00.000000;12874
INMARSAT SOLUTIONS (CANADA) INC.;INMARSAT-4 F3;692818960;GEO;98 W;L;Subida ↑;1638,3;1638,318;0,00;Circular à direita (CR);18/02/2026;N;2025-09-15 00:00:00.000000;12874
INMARSAT SOLUTIONS (CANADA) INC.;INMARSAT-4 F3;692818960;GEO;98 W;L;Subida ↑;1650,25;1650,4;0,00;Circular à direita (CR);18/02/2026;N;2025-09-15 00:00:00.000000;12874
INMARSAT SOLUTIONS (CANADA) INC.;INMARSAT-4 F3;692818960;GEO;98 W;L;Descida ↓;1545;1546,715;2,00;Circular à direita (CR);18/02/2026;N;2025-09-15 00:00:00.000000;12874
INMARSAT SOLUTIONS (CANADA) INC.;INMARSAT-4 F3;692818960;GEO;98 W;L;Descida ↓;1548,2;1548,32;0,00;Circular à direita (CR);18/02/2026;N;2025-09-15 00:00:00.000000;12874
INMARSAT SOLUTIONS (CANADA) INC.;INMARSAT-4 F3;692818960;GEO;98 W;L;Descida ↓;1536,818;1542,8;6,00;Circular à direita (CR);18/02/2026;N;2025-09-15 00:00:00.000000;12874
INMARSAT SOLUTIONS (CANADA) INC.;INMARSAT-4 F3;692818960;GEO;98 W;L;Subida ↑;1630,7;1631,035;0,00;Circular à direita (CR);18/02/2026;N;2025-09-15 00:00:00.000000;12874
INMARSAT SOLUTIONS (CANADA) INC.;INMARSAT-4 F3;692818960;GEO;98 W;L;Descida ↓;1529,2;1529,535;0,00;Circular à direita (CR);18/02/2026;N;2025-09-15 00:00:00.000000;12874
INMARSAT SOLUTIONS (CANADA) INC.;INMARSAT-4 F3;692818960;GEO;98 W;L;Subida ↑;1634,92;1635,155;0,00;Circular à direita (CR);18/02/2026;N;2025-09-15 00:00:00.000000;12874
INMARSAT SOLUTIONS (CANADA) INC.;INMARSAT-4 F3;692818960;GEO;98 W;L;Descida ↓;1542,8;1543;0,00;Circular à direita (CR);18/02/2026;N;2025-09-15 00:00:00.000000;12874
INMARSAT SOLUTIONS (CANADA) INC.;INMARSAT-4 F3;692818960;GEO;98 W;L;Descida ↓;1533,655;1533,95;0,00;Circular à direita (CR);18/02/2026;N;2025-09-15 00:00:00.000000;12874
INMARSAT SOLUTIONS (CANADA) INC.;INMARSAT-4 F3;692818960;GEO;98 W;L;Subida ↑;1635,155;1635,45;0,00;Circular à direita (CR);18/02/2026;N;2025-09-15 00:00:00.000000;12874
INMARSAT SOLUTIONS (CANADA) INC.;INMARSAT-4 F3;692818960;GEO;98 W;L;Subida ↑;1636,47;1637,5;1,00;Circular à direita (CR);18/02/2026;N;2025-09-15 00:00:00.000000;12874
INMARSAT SOLUTIONS (CANADA) INC.;INMARSAT-4 F3;692818960;GEO;98 W;L;Subida ↑;1635,45;1635,525;0,00;Circular à direita (CR);18/02/2026;N;2025-09-15 00:00:00.000000;12874
INMARSAT SOLUTIONS (CANADA) INC.;INMARSAT-4 F3;692818960;GEO;98 W;L;Subida ↑;1634,65;1634,7;0,00;Circular à direita (CR);18/02/2026;N;2025-09-15 00:00:00.000000;12874
INMARSAT SOLUTIONS (CANADA) INC.;INMARSAT-4 F3;692818960;GEO;98 W;L;Subida ↑;1631,7;1631,85;0,00;Circular à direita (CR);18/02/2026;N;2025-09-15 00:00:00.000000;12874
INMARSAT SOLUTIONS (CANADA) INC.;INMARSAT-4 F3;692818960;GEO;98 W;L;Descida ↓;1534,225;1534,42;0,00;Circular à direita (CR);18/02/2026;N;2025-09-15 00:00:00.000000;12874
INMARSAT SOLUTIONS (CANADA) INC.;INMARSAT-4 F3;692818960;GEO;98 W;L;Subida ↑;1629,75;1630,18;0,00;Circular à direita (CR);18/02/2026;N;2025-09-15 00:00:00.000000;12874
INMARSAT SOLUTIONS (CANADA) INC.;INMARSAT-4 F3;692818960;GEO;98 W;L;Subida ↑;1637,5;1637,65;0,00;Circular à direita (CR);18/02/2026;N;2025-09-15 00:00:00.000000;12874
INMARSAT SOLUTIONS (CANADA) INC.;INMARSAT-4 F3;692818960;GEO;98 W;L;Subida ↑;1635,92;1636,47;1,00;Circular à direita (CR);18/02/2026;N;2025-09-15 00:00:00.000000;12874
INMARSAT SOLUTIONS (CANADA) INC.;INMARSAT-4 F3;692818960;GEO;98 W;L;Descida ↓;1533,42;1533,655;0,00;Circular à direita (CR);18/02/2026;N;2025-09-15 00:00:00.000000;12874
INMARSAT SOLUTIONS (CANADA) INC.;INMARSAT-4 F3;692818960;GEO;98 W;L;Descida ↓;1536,8;1536,818;0,00;Circular à direita (CR);18/02/2026;N;2025-09-15 00:00:00.000000;12874
INMARSAT SOLUTIONS (CANADA) INC.;INMARSAT-4 F3;692818960;GEO;98 W;L;Descida ↓;1530,35;1530,45;0,00;Circular à direita (CR);18/02/2026;N;2025-09-15 00:00:00.000000;12874
INMARSAT SOLUTIONS (CANADA) INC.;INMARSAT-4 F3;692818960;GEO;98 W;L;Descida ↓;1536;1536,15;0,00;Circular à direita (CR);18/02/2026;N;2025-09-15 00:00:00.000000;12874
INMARSAT SOLUTIONS (CANADA) INC.;INMARSAT-4 F3;692818960;GEO;98 W;L;Subida ↑;1650,55;1650,609;0,00;Circular à direita (CR);18/02/2026;N;2025-09-15 00:00:00.000000;12874
INMARSAT SOLUTIONS (CANADA) INC.;INMARSAT-4 F3;692818960;GEO;98 W;L;Descida ↓;1532,5;1532,8;0,00;Circular à direita (CR);18/02/2026;N;2025-09-15 00:00:00.000000;12874
INMARSAT SOLUTIONS (CANADA) INC.;INMARSAT-4 F3;692818960;GEO;98 W;L;Descida ↓;1530,95;1531;0,00;Circular à direita (CR);18/02/2026;N;2025-09-15 00:00:00.000000;12874
INMARSAT SOLUTIONS (CANADA) INC.;INMARSAT-4 F3;692818960;GEO;98 W;L;Subida ↑;1651,17;1651,5;0,00;Circular à direita (CR);18/02/2026;N;2025-09-15 00:00:00.000000;12874
INMARSAT SOLUTIONS (CANADA) INC.;INMARSAT-4 F3;692818960;GEO;98 W;L;Descida ↓;1532,8;1532,9;0,00;Circular à direita (CR);18/02/2026;N;2025-09-15 00:00:00.000000;12874
INMARSAT SOLUTIONS (CANADA) INC.;INMARSAT-4 F3;692818960;GEO;98 W;L;Subida ↑;1632,25;1632,45;0,00;Circular à direita (CR);18/02/2026;N;2025-09-15 00:00:00.000000;12874
INMARSAT SOLUTIONS (CANADA) INC.;INMARSAT-4 F3;692818960;GEO;98 W;L;Descida ↓;1549,67;1550;0,00;Circular à direita (CR);18/02/2026;N;2025-09-15 00:00:00.000000;12874
INMARSAT SOLUTIONS (CANADA) INC.;INMARSAT-4 F3;692818960;GEO;98 W;L;Descida ↓;1548,9;1549,05;0,00;Circular à direita (CR);18/02/2026;N;2025-09-15 00:00:00.000000;12874
INMARSAT SOLUTIONS (CANADA) INC.;INMARSAT-4 F3;692818960;GEO;98 W;L;Descida ↓;1549,05;1549,109;0,00;Circular à direita (CR);18/02/2026;N;2025-09-15 00:00:00.000000;12874
INMARSAT SOLUTIONS (CANADA) INC.;INMARSAT-4 F3;692818960;GEO;98 W;L;Descida ↓;1529,56;1529,7;0,00;Circular à direita (CR);18/02/2026;N;2025-09-15 00:00:00.000000;12874
INMARSAT SOLUTIONS (CANADA) INC.;INMARSAT-4 F3;692818960;GEO;98 W;L;Subida ↑;1635,525;1635,725;0,00;Circular à direita (CR);18/02/2026;N;2025-09-15 00:00:00.000000;12874
INMARSAT SOLUTIONS (CANADA) INC.;INMARSAT-4 F3;692818960;GEO;98 W;L;Subida ↑;1650,4;1650,55;0,00;Circular à direita (CR);18/02/2026;N;2025-09-15 00:00:00.000000;12874
INMARSAT SOLUTIONS (CANADA) INC.;INMARSAT-4 F3;692818960;GEO;98 W;L;Descida ↓;1533,15;1533,2;0,00;Circular à direita (CR);18/02/2026;N;2025-09-15 00:00:00.000000;12874
INMARSAT SOLUTIONS (CANADA) INC.;INMARSAT-4 F3;692818960;GEO;98 W;L;Subida ↑;1638,15;1638,3;0,00;Circular à direita (CR);18/02/2026;N;2025-09-15 00:00:00.000000;12874
INMARSAT SOLUTIONS (CANADA) INC.;INMARSAT-4 F3;692818960;GEO;98 W;L;Subida ↑;1649,82;1650,05;0,00;Circular à direita (CR);18/02/2026;N;2025-09-15 00:00:00.000000;12874
INMARSAT SOLUTIONS (CANADA) INC.;INMARSAT-4 F3;692818960;GEO;98 W;L;Descida ↓;1548,75;1548,9;0,00;Circular à direita (CR);18/02/2026;N;2025-09-15 00:00:00.000000;12874
INMARSAT SOLUTIONS (CANADA) INC.;INMARSAT-4 F3;692818960;GEO;98 W;L;Subida ↑;1635,725;1635,92;0,00;Circular à direita (CR);18/02/2026;N;2025-09-15 00:00:00.000000;12874
INMARSAT SOLUTIONS (CANADA) INC.;INMARSAT-4 F3;692818960;GEO;98 W;L;Descida ↓;1534,42;1534,97;1,00;Circular à direita (CR);18/02/2026;N;2025-09-15 00:00:00.000000;12874
INMARSAT SOLUTIONS (CANADA) INC.;INMARSAT-4 F3;692818960;GEO;98 W;L;Descida ↓;1530,75;1530,95;0,00;Circular à direita (CR);18/02/2026;N;2025-09-15 00:00:00.000000;12874
INMARSAT SOLUTIONS (CANADA) INC.;INMARSAT-4 F3;692818960;GEO;98 W;L;Descida ↓;1530;1530,2;0,00;Circular à direita (CR);18/02/2026;N;2025-09-15 00:00:00.000000;12874
INMARSAT SOLUTIONS (CANADA) INC.;INMARSAT-4 F3;692818960;GEO;98 W;L;Descida ↓;1530,2;1530,35;0,00;Circular à direita (CR);18/02/2026;N;2025-09-15 00:00:00.000000;12874
INMARSAT SOLUTIONS (CANADA) INC.;INMARSAT-4 F3;692818960;GEO;98 W;L;Subida ↑;1632,45;1632,5;0,00;Circular à direita (CR);18/02/2026;N;2025-09-15 00:00:00.000000;12874
INMARSAT SOLUTIONS (CANADA) INC.;INMARSAT-4 F3;692818960;GEO;98 W;L;Subida ↑;1628,3;1628,83;1,00;Circular à direita (CR);18/02/2026;N;2025-09-15 00:00:00.000000;12874
INMARSAT SOLUTIONS (CANADA) INC.;INMARSAT-4 F3;692818960;GEO;98 W;L;Subida ↑;1644,3;1644,5;0,00;Circular à direita (CR);18/02/2026;N;2025-09-15 00:00:00.000000;12874
INMARSAT SOLUTIONS (CANADA) INC.;INMARSAT-4 F3;692818960;GEO;98 W;L;Subida ↑;1634;1634,3;0,00;Circular à direita (CR);18/02/2026;N;2025-09-15 00:00:00.000000;12874
INMARSAT SOLUTIONS (CANADA) INC.;INMARSAT-4 F3;692818960;GEO;98 W;L;Subida ↑;1631,5;1631,7;0,00;Circular à direita (CR);18/02/2026;N;2025-09-15 00:00:00.000000;12874
INMARSAT SOLUTIONS (CANADA) INC.;INMARSAT-4 F3;692818960;GEO;98 W;L;Subida ↑;1634,3;1634,4;0,00;Circular à direita (CR);18/02/2026;N;2025-09-15 00:00:00.000000;12874
INMARSAT SOLUTIONS (CANADA) INC.;INMARSAT-4 F3;692818960;GEO;98 W;L;Subida ↑;1649,7;1649,82;0,00;Circular à direita (CR);18/02/2026;N;2025-09-15 00:00:00.000000;12874
INMARSAT SOLUTIONS (CANADA) INC.;INMARSAT-4 F3;692818960;GEO;98 W;L;Subida ↑;1626,5;1627,8;1,00;Circular à direita (CR);18/02/2026;N;2025-09-15 00:00:00.000000;12874
INMARSAT SOLUTIONS (CANADA) INC.;INMARSAT-4 F3;692818960;GEO;98 W;L;Descida ↓;1533,95;1534,025;0,00;Circular à direita (CR);18/02/2026;N;2025-09-15 00:00:00.000000;12874
INMARSAT SOLUTIONS (CANADA) INC.;INMARSAT-4 F3;692818960;GEO;98 W;L;Subida ↑;1631,85;1631,95;0,00;Circular à direita (CR);18/02/2026;N;2025-09-15 00:00:00.000000;12874
INMARSAT SOLUTIONS (CANADA) INC.;INMARSAT-4 F3;692818960;GEO;98 W;L;Subida ↑;1631,06;1631,2;0,00;Circular à direita (CR);18/02/2026;N;2025-09-15 00:00:00.000000;12874
INMARSAT SOLUTIONS (CANADA) INC.;INMARSAT-4 F3;692818960;GEO;98 W;L;Descida ↓;1528,25;1528,68;0,00;Circular à direita (CR);18/02/2026;N;2025-09-15 00:00:00.000000;12874
INTELSAT LICENSE LLC;GALAXY 28;688198708;GEO;88,7 W;C;Descida ↓;3720;3776;56,00;Horizontal (H);14/01/2026;N;2025-06-17 00:00:00.000000;6814
INTELSAT LICENSE LLC;GALAXY 28;688198708;GEO;88,7 W;Ku;Descida ↓;11862;11898;36,00;Horizontal (H);14/01/2026;N;2025-06-17 00:00:00.000000;6814
INTELSAT LICENSE LLC;GALAXY 28;688198708;GEO;88,7 W;C;Descida ↓;4104;4176;72,00;Horizontal (H);14/01/2026;N;2025-06-17 00:00:00.000000;6814
INTELSAT LICENSE LLC;GALAXY 28;688198708;GEO;88,7 W;Ku;Subida ↑;14042;14078;36,00;Vertical (V);14/01/2026;N;2025-06-17 00:00:00.000000;6814
INTELSAT LICENSE LLC;GALAXY 28;688198708;GEO;88,7 W;C;Subida ↑;6009;6081;72,00;Vertical (V);14/01/2026;N;2025-06-17 00:00:00.000000;6814
INTELSAT LICENSE LLC;GALAXY 28;688198708;GEO;88,7 W;C;Descida ↓;4024;4096;72,00;Vertical (V);14/01/2026;N;2025-06-17 00:00:00.000000;6814
INTELSAT LICENSE LLC;GALAXY 28;688198708;GEO;88,7 W;Ku;Descida ↓;11742;11778;36,00;Horizontal (H);14/01/2026;N;2025-06-17 00:00:00.000000;6814
INTELSAT LICENSE LLC;GALAXY 28;688198708;GEO;88,7 W;Ku;Subida ↑;14082;14118;36,00;Vertical (V);14/01/2026;N;2025-06-17 00:00:00.000000;6814
INTELSAT LICENSE LLC;GALAXY 28;688198708;GEO;88,7 W;Ku;Subida ↑;14162;14198;36,00;Vertical (V);14/01/2026;N;2025-06-17 00:00:00.000000;6814
INTELSAT LICENSE LLC;GALAXY 28;688198708;GEO;88,7 W;Ku;Subida ↑;14322;14358;36,00;Vertical (V);14/01/2026;N;2025-06-17 00:00:00.000000;6814
INTELSAT LICENSE LLC;GALAXY 28;688198708;GEO;88,7 W;Ku;Descida ↓;12102;12138;36,00;Horizontal (H);14/01/2026;N;2025-06-17 00:00:00.000000;6814
INTELSAT LICENSE LLC;GALAXY 28;688198708;GEO;88,7 W;Ku;Subida ↑;14442;14478;36,00;Vertical (V);14/01/2026;N;2025-06-17 00:00:00.000000;6814
INTELSAT LICENSE LLC;GALAXY 28;688198708;GEO;88,7 W;C;Subida ↑;6169;6241;72,00;Vertical (V);14/01/2026;N;2025-06-17 00:00:00.000000;6814
INTELSAT LICENSE LLC;GALAXY 28;688198708;GEO;88,7 W;Ku;Subida ↑;14202;14238;36,00;Vertical (V);14/01/2026;N;2025-06-17 00:00:00.000000;6814
INTELSAT LICENSE LLC;GALAXY 28;688198708;GEO;88,7 W;Ku;Subida ↑;14282;14318;36,00;Vertical (V);14/01/2026;N;2025-06-17 00:00:00.000000;6814
INTELSAT LICENSE LLC;GALAXY 28;688198708;GEO;88,7 W;Ku;Subida ↑;14122;14158;36,00;Vertical (V);14/01/2026;N;2025-06-17 00:00:00.000000;6814
INTELSAT LICENSE LLC;GALAXY 28;688198708;GEO;88,7 W;Ku;Subida ↑;14402;14438;36,00;Vertical (V);14/01/2026;N;2025-06-17 00:00:00.000000;6814
INTELSAT LICENSE LLC;GALAXY 28;688198708;GEO;88,7 W;Ku;Subida ↑;14362;14398;36,00;Vertical (V);14/01/2026;N;2025-06-17 00:00:00.000000;6814
INTELSAT LICENSE LLC;GALAXY 28;688198708;GEO;88,7 W;Ku;Subida ↑;14242;14278;36,00;Vertical (V);14/01/2026;N;2025-06-17 00:00:00.000000;6814
INTELSAT LICENSE LLC;GALAXY 28;688198708;GEO;88,7 W;C;Subida ↑;6089;6161;72,00;Horizontal (H);14/01/2026;N;2025-06-17 00:00:00.000000;6814
INTELSAT LICENSE LLC;GALAXY 28;688198708;GEO;88,7 W;C;Subida ↑;6249;6321;72,00;Horizontal (H);14/01/2026;N;2025-06-17 00:00:00.000000;6814
INTELSAT LICENSE LLC;GALAXY 28;688198708;GEO;88,7 W;Ku;Descida ↓;11902;11938;36,00;Horizontal (H);14/01/2026;N;2025-06-17 00:00:00.000000;6814
INTELSAT LICENSE LLC;GALAXY 28;688198708;GEO;88,7 W;C;Descida ↓;3784;3856;72,00;Horizontal (H);14/01/2026;N;2025-06-17 00:00:00.000000;6814
INTELSAT LICENSE LLC;GALAXY 28;688198708;GEO;88,7 W;C;Subida ↑;5929;6001;72,00;Vertical (V);14/01/2026;N;2025-06-17 00:00:00.000000;6814
INTELSAT LICENSE LLC;GALAXY 28;688198708;GEO;88,7 W;Ku;Descida ↓;11822;11858;36,00;Horizontal (H);14/01/2026;N;2025-06-17 00:00:00.000000;6814
INTELSAT LICENSE LLC;GALAXY 28;688198708;GEO;88,7 W;C;Descida ↓;3864;3936;72,00;Vertical (V);14/01/2026;N;2025-06-17 00:00:00.000000;6814
INTELSAT LICENSE LLC;GALAXY 28;688198708;GEO;88,7 W;C;Descida ↓;3944;4016;72,00;Horizontal (H);14/01/2026;N;2025-06-17 00:00:00.000000;6814
INTELSAT LICENSE LLC;GALAXY 28;688198708;GEO;88,7 W;C;Subida ↑;6329;6401;72,00;Vertical (V);14/01/2026;N;2025-06-17 00:00:00.000000;6814
INTELSAT LICENSE LLC;GALAXY 28;688198708;GEO;88,7 W;Ku;Descida ↓;11702;11738;36,00;Horizontal (H);14/01/2026;N;2025-06-17 00:00:00.000000;6814
INTELSAT LICENSE LLC;GALAXY 28;688198708;GEO;88,7 W;Ku;Descida ↓;12062;12098;36,00;Horizontal (H);14/01/2026;N;2025-06-17 00:00:00.000000;6814
INTELSAT LICENSE LLC;GALAXY 28;688198708;GEO;88,7 W;Ku;Descida ↓;11982;12018;36,00;Horizontal (H);14/01/2026;N;2025-06-17 00:00:00.000000;6814
INTELSAT LICENSE LLC;GALAXY 28;688198708;GEO;88,7 W;Ku;Descida ↓;12142;12178;36,00;Horizontal (H);14/01/2026;N;2025-06-17 00:00:00.000000;6814
INTELSAT LICENSE LLC;GALAXY 28;688198708;GEO;88,7 W;Ku;Descida ↓;11782;11818;36,00;Horizontal (H);14/01/2026;N;2025-06-17 00:00:00.000000;6814
INTELSAT LICENSE LLC;GALAXY 28;688198708;GEO;88,7 W;Ku;Subida ↑;14002;14038;36,00;Vertical (V);14/01/2026;N;2025-06-17 00:00:00.000000;6814
INTELSAT LICENSE LLC;GALAXY 28;688198708;GEO;88,7 W;Ku;Descida ↓;12022;12058;36,00;Horizontal (H);14/01/2026;N;2025-06-17 00:00:00.000000;6814
INTELSAT LICENSE LLC;GALAXY 28;688198708;GEO;88,7 W;Ku;Descida ↓;11942;11978;36,00;Horizontal (H);14/01/2026;N;2025-06-17 00:00:00.000000;6814
INTELSAT LICENSE LLC;IS 10-02;690450591;GEO;1 W;C;Subida ↑;6094;6166;72,00;Circular à direita (CR);31/07/2020;N;2019-10-01 00:00:00.000000;6137
INTELSAT LICENSE LLC;IS 10-02;690450591;GEO;1 W;C;Subida ↑;6262;6298;36,00;Circular à direita (CR);31/07/2020;N;2019-10-01 00:00:00.000000;6137
INTELSAT LICENSE LLC;IS 10-02;690450591;GEO;1 W;C;Descida ↓;3709;3781;72,00;Circular à esquerda (CL);31/07/2020;N;2019-10-01 00:00:00.000000;6137
INTELSAT LICENSE LLC;IS 10-02;690450591;GEO;1 W;C;Subida ↑;6184;6256;72,00;Circular à esquerda (CL);31/07/2020;N;2019-10-01 00:00:00.000000;6137
INTELSAT LICENSE LLC;IS 10-02;690450591;GEO;1 W;C;Subida ↑;6262;6298;36,00;Circular à esquerda (CL);31/07/2020;N;2019-10-01 00:00:00.000000;6137
INTELSAT LICENSE LLC;IS 10-02;690450591;GEO;1 W;C;Subida ↑;6014;6086;72,00;Circular à direita (CR);31/07/2020;N;2019-10-01 00:00:00.000000;6137
INTELSAT LICENSE LLC;IS 10-02;690450591;GEO;1 W;C;Descida ↓;3629;3701;72,00;Circular à direita (CR);31/07/2020;N;2019-10-01 00:00:00.000000;6137
INTELSAT LICENSE LLC;IS 10-02;690450591;GEO;1 W;C;Descida ↓;3789;3861;72,00;Circular à direita (CR);31/07/2020;N;2019-10-01 00:00:00.000000;6137
INTELSAT LICENSE LLC;IS 10-02;690450591;GEO;1 W;C;Descida ↓;4037;4073;36,00;Circular à direita (CR);31/07/2020;N;2019-10-01 00:00:00.000000;6137
INTELSAT LICENSE LLC;IS 10-02;690450591;GEO;1 W;C;Subida ↑;5854;5926;72,00;Circular à direita (CR);31/07/2020;N;2019-10-01 00:00:00.000000;6137
INTELSAT LICENSE LLC;IS 10-02;690450591;GEO;1 W;C;Descida ↓;4077;4113;36,00;Circular à direita (CR);31/07/2020;N;2019-10-01 00:00:00.000000;6137
INTELSAT LICENSE LLC;IS 10-02;690450591;GEO;1 W;C;Subida ↑;6342;6378;36,00;Circular à esquerda (CL);31/07/2020;N;2019-10-01 00:00:00.000000;6137
INTELSAT LICENSE LLC;IS 10-02;690450591;GEO;1 W;C;Descida ↓;4157;4193;36,00;Circular à esquerda (CL);31/07/2020;N;2019-10-01 00:00:00.000000;6137
INTELSAT LICENSE LLC;IS 10-02;690450591;GEO;1 W;C;Descida ↓;3869;3941;72,00;Circular à esquerda (CL);31/07/2020;N;2019-10-01 00:00:00.000000;6137
INTELSAT LICENSE LLC;IS 10-02;690450591;GEO;1 W;C;Subida ↑;6382;6418;36,00;Circular à direita (CR);31/07/2020;N;2019-10-01 00:00:00.000000;6137
INTELSAT LICENSE LLC;IS 10-02;690450591;GEO;1 W;C;Subida ↑;5934;6006;72,00;Circular à direita (CR);31/07/2020;N;2019-10-01 00:00:00.000000;6137
INTELSAT LICENSE LLC;IS 10-02;690450591;GEO;1 W;C;Descida ↓;4117;4153;36,00;Circular à direita (CR);31/07/2020;N;2019-10-01 00:00:00.000000;6137
INTELSAT LICENSE LLC;IS 10-02;690450591;GEO;1 W;C;Subida ↑;6184;6256;72,00;Circular à direita (CR);31/07/2020;N;2019-10-01 00:00:00.000000;6137
INTELSAT LICENSE LLC;IS 10-02;690450591;GEO;1 W;C;Descida ↓;4117;4153;36,00;Circular à esquerda (CL);31/07/2020;N;2019-10-01 00:00:00.000000;6137
INTELSAT LICENSE LLC;IS 10-02;690450591;GEO;1 W;C;Descida ↓;3789;3861;72,00;Circular à esquerda (CL);31/07/2020;N;2019-10-01 00:00:00.000000;6137
INTELSAT LICENSE LLC;IS 10-02;690450591;GEO;1 W;C;Descida ↓;4157;4193;36,00;Circular à direita (CR);31/07/2020;N;2019-10-01 00:00:00.000000;6137
INTELSAT LICENSE LLC;IS 10-02;690450591;GEO;1 W;C;Descida ↓;4037;4073;36,00;Circular à esquerda (CL);31/07/2020;N;2019-10-01 00:00:00.000000;6137
INTELSAT LICENSE LLC;IS 10-02;690450591;GEO;1 W;C;Descida ↓;3709;3781;72,00;Circular à direita (CR);31/07/2020;N;2019-10-01 00:00:00.000000;6137
INTELSAT LICENSE LLC;IS 10-02;690450591;GEO;1 W;C;Descida ↓;3869;3941;72,00;Circular à direita (CR);31/07/2020;N;2019-10-01 00:00:00.000000;6137
INTELSAT LICENSE LLC;IS 10-02;690450591;GEO;1 W;C;Descida ↓;4077;4113;36,00;Circular à esquerda (CL);31/07/2020;N;2019-10-01 00:00:00.000000;6137
INTELSAT LICENSE LLC;IS 10-02;690450591;GEO;1 W;C;Subida ↑;6014;6086;72,00;Circular à esquerda (CL);31/07/2020;N;2019-10-01 00:00:00.000000;6137
INTELSAT LICENSE LLC;IS 10-02;690450591;GEO;1 W;C;Descida ↓;3959;4031;72,00;Circular à esquerda (CL);31/07/2020;N;2019-10-01 00:00:00.000000;6137
INTELSAT LICENSE LLC;IS 10-02;690450591;GEO;1 W;C;Descida ↓;3959;4031;72,00;Circular à direita (CR);31/07/2020;N;2019-10-01 00:00:00.000000;6137
INTELSAT LICENSE LLC;IS 10-02;690450591;GEO;1 W;C;Subida ↑;6342;6378;36,00;Circular à direita (CR);31/07/2020;N;2019-10-01 00:00:00.000000;6137
INTELSAT LICENSE LLC;IS 10-02;690450591;GEO;1 W;C;Subida ↑;6302;6338;36,00;Circular à direita (CR);31/07/2020;N;2019-10-01 00:00:00.000000;6137
INTELSAT LICENSE LLC;IS 10-02;690450591;GEO;1 W;C;Subida ↑;5854;5926;72,00;Circular à esquerda (CL);31/07/2020;N;2019-10-01 00:00:00.000000;6137
INTELSAT LICENSE LLC;IS 10-02;690450591;GEO;1 W;C;Descida ↓;3629;3701;72,00;Circular à esquerda (CL);31/07/2020;N;2019-10-01 00:00:00.000000;6137
INTELSAT LICENSE LLC;IS 10-02;690450591;GEO;1 W;C;Subida ↑;6094;6166;72,00;Circular à esquerda (CL);31/07/2020;N;2019-10-01 00:00:00.000000;6137
INTELSAT LICENSE LLC;IS 10-02;690450591;GEO;1 W;C;Subida ↑;5934;6006;72,00;Circular à esquerda (CL);31/07/2020;N;2019-10-01 00:00:00.000000;6137
INTELSAT LICENSE LLC;IS 10-02;690450591;GEO;1 W;C;Subida ↑;6382;6418;36,00;Circular à esquerda (CL);31/07/2020;N;2019-10-01 00:00:00.000000;6137
INTELSAT LICENSE LLC;IS 10-02;690450591;GEO;1 W;C;Subida ↑;6302;6338;36,00;Circular à esquerda (CL);31/07/2020;N;2019-10-01 00:00:00.000000;6137
INTELSAT LICENSE LLC;IS 901;641263589;GEO;27,5 W;Ku;Subida ↑;14457;14493;36,00;Vertical (V);21/01/2022;N;2022-01-04 00:00:00.000000;52
INTELSAT LICENSE LLC;IS 901;641263589;GEO;27,5 W;C;Descida ↓;4037;4073;36,00;Circular à esquerda (CL);21/01/2022;N;2022-01-04 00:00:00.000000;52
INTELSAT LICENSE LLC;IS 901;641263589;GEO;27,5 W;C;Descida ↓;3869;3941;72,00;Circular à esquerda (CL);21/01/2022;N;2022-01-04 00:00:00.000000;52
INTELSAT LICENSE LLC;IS 901;641263589;GEO;27,5 W;Ku;Subida ↑;14417;14453;36,00;Vertical (V);21/01/2022;N;2022-01-04 00:00:00.000000;52
INTELSAT LICENSE LLC;IS 901;641263589;GEO;27,5 W;Ku;Subida ↑;14004;14081;77,00;Vertical (V);21/01/2022;N;2022-01-04 00:00:00.000000;52
INTELSAT LICENSE LLC;IS 901;641263589;GEO;27,5 W;Ku;Subida ↑;14337;14373;36,00;Vertical (V);21/01/2022;N;2022-01-04 00:00:00.000000;52
INTELSAT LICENSE LLC;IS 901;641263589;GEO;27,5 W;C;Subida ↑;6014;6086;72,00;Circular à direita (CR);21/01/2022;N;2022-01-04 00:00:00.000000;52
INTELSAT LICENSE LLC;IS 901;641263589;GEO;27,5 W;C;Subida ↑;6184;6256;72,00;Circular à direita (CR);21/01/2022;N;2022-01-04 00:00:00.000000;52
INTELSAT LICENSE LLC;IS 901;641263589;GEO;27,5 W;C;Descida ↓;3959;4031;72,00;Circular à esquerda (CL);21/01/2022;N;2022-01-04 00:00:00.000000;52
INTELSAT LICENSE LLC;IS 901;641263589;GEO;27,5 W;Ku;Descida ↓;11617;11653;36,00;Horizontal (H);21/01/2022;N;2022-01-04 00:00:00.000000;52
INTELSAT LICENSE LLC;IS 901;641263589;GEO;27,5 W;Ku;Subida ↑;14089;14161;72,00;Vertical (V);21/01/2022;N;2022-01-04 00:00:00.000000;52
INTELSAT LICENSE LLC;IS 901;641263589;GEO;27,5 W;C;Descida ↓;3789;3861;72,00;Circular à direita (CR);21/01/2022;N;2022-01-04 00:00:00.000000;52
INTELSAT LICENSE LLC;IS 901;641263589;GEO;27,5 W;C;Subida ↑;6342;6378;36,00;Circular à esquerda (CL);21/01/2022;N;2022-01-04 00:00:00.000000;52
INTELSAT LICENSE LLC;IS 901;641263589;GEO;27,5 W;C;Subida ↑;6262;6298;36,00;Circular à esquerda (CL);21/01/2022;N;2022-01-04 00:00:00.000000;52
INTELSAT LICENSE LLC;IS 901;641263589;GEO;27,5 W;C;Subida ↑;5934;6006;72,00;Circular à esquerda (CL);21/01/2022;N;2022-01-04 00:00:00.000000;52
INTELSAT LICENSE LLC;IS 901;641263589;GEO;27,5 W;Ku;Descida ↓;11657;11693;36,00;Horizontal (H);21/01/2022;N;2022-01-04 00:00:00.000000;52
INTELSAT LICENSE LLC;IS 901;641263589;GEO;27,5 W;C;Subida ↑;5934;6006;72,00;Circular à direita (CR);21/01/2022;N;2022-01-04 00:00:00.000000;52
INTELSAT LICENSE LLC;IS 901;641263589;GEO;27,5 W;C;Subida ↑;6014;6086;72,00;Circular à esquerda (CL);21/01/2022;N;2022-01-04 00:00:00.000000;52
INTELSAT LICENSE LLC;IS 901;641263589;GEO;27,5 W;C;Subida ↑;6184;6256;72,00;Circular à esquerda (CL);21/01/2022;N;2022-01-04 00:00:00.000000;52
INTELSAT LICENSE LLC;IS 901;641263589;GEO;27,5 W;C;Descida ↓;3959;4031;72,00;Circular à direita (CR);21/01/2022;N;2022-01-04 00:00:00.000000;52
INTELSAT LICENSE LLC;IS 901;641263589;GEO;27,5 W;C;Descida ↓;3789;3861;72,00;Circular à esquerda (CL);21/01/2022;N;2022-01-04 00:00:00.000000;52
INTELSAT LICENSE LLC;IS 901;641263589;GEO;27,5 W;C;Subida ↑;6302;6338;36,00;Circular à esquerda (CL);21/01/2022;N;2022-01-04 00:00:00.000000;52
INTELSAT LICENSE LLC;IS 901;641263589;GEO;27,5 W;C;Subida ↑;6382;6423;41,00;Circular à esquerda (CL);21/01/2022;N;2022-01-04 00:00:00.000000;52
INTELSAT LICENSE LLC;IS 901;641263589;GEO;27,5 W;C;Descida ↓;4077;4113;36,00;Circular à direita (CR);21/01/2022;N;2022-01-04 00:00:00.000000;52
INTELSAT LICENSE LLC;IS 901;641263589;GEO;27,5 W;C;Descida ↓;3720;3781;61,00;Circular à direita (CR);21/01/2022;N;2022-01-04 00:00:00.000000;52
INTELSAT LICENSE LLC;IS 901;641263589;GEO;27,5 W;C;Descida ↓;3869;3941;72,00;Circular à direita (CR);21/01/2022;N;2022-01-04 00:00:00.000000;52
INTELSAT LICENSE LLC;IS 901;641263589;GEO;27,5 W;C;Descida ↓;4157;4198;41,00;Circular à esquerda (CL);21/01/2022;N;2022-01-04 00:00:00.000000;52
INTELSAT LICENSE LLC;IS 901;641263589;GEO;27,5 W;C;Subida ↑;6094;6166;72,00;Circular à esquerda (CL);21/01/2022;N;2022-01-04 00:00:00.000000;52
INTELSAT LICENSE LLC;IS 901;641263589;GEO;27,5 W;C;Descida ↓;4077;4113;36,00;Circular à esquerda (CL);21/01/2022;N;2022-01-04 00:00:00.000000;52
INTELSAT LICENSE LLC;IS 901;641263589;GEO;27,5 W;C;Descida ↓;4117;4153;36,00;Circular à esquerda (CL);21/01/2022;N;2022-01-04 00:00:00.000000;52
INTELSAT LICENSE LLC;IS 901;641263589;GEO;27,5 W;C;Descida ↓;3720;3781;61,00;Circular à esquerda (CL);21/01/2022;N;2022-01-04 00:00:00.000000;52
INTELSAT LICENSE LLC;IS 901;641263589;GEO;27,5 W;Ku;Descida ↓;11119;11191;72,00;Horizontal (H);21/01/2022;N;2022-01-04 00:00:00.000000;52
INTELSAT LICENSE LLC;IS 901;641263589;GEO;27,5 W;C;Subida ↑;6262;6298;36,00;Circular à direita (CR);21/01/2022;N;2022-01-04 00:00:00.000000;52
INTELSAT LICENSE LLC;IS 901;641263589;GEO;27,5 W;C;Subida ↑;6382;6423;41,00;Circular à direita (CR);21/01/2022;N;2022-01-04 00:00:00.000000;52
INTELSAT LICENSE LLC;IS 901;641263589;GEO;27,5 W;Ku;Descida ↓;10954;11031;77,00;Horizontal (H);21/01/2022;N;2022-01-04 00:00:00.000000;52
INTELSAT LICENSE LLC;IS 901;641263589;GEO;27,5 W;C;Descida ↓;4037;4073;36,00;Circular à direita (CR);21/01/2022;N;2022-01-04 00:00:00.000000;52
INTELSAT LICENSE LLC;IS 901;641263589;GEO;27,5 W;Ku;Descida ↓;11039;11111;72,00;Horizontal (H);21/01/2022;N;2022-01-04 00:00:00.000000;52
INTELSAT LICENSE LLC;IS 901;641263589;GEO;27,5 W;C;Descida ↓;4157;4198;41,00;Circular à direita (CR);21/01/2022;N;2022-01-04 00:00:00.000000;52
INTELSAT LICENSE LLC;IS 901;641263589;GEO;27,5 W;C;Subida ↑;6302;6338;36,00;Circular à direita (CR);21/01/2022;N;2022-01-04 00:00:00.000000;52
INTELSAT LICENSE LLC;IS 901;641263589;GEO;27,5 W;C;Descida ↓;4117;4153;36,00;Circular à direita (CR);21/01/2022;N;2022-01-04 00:00:00.000000;52
INTELSAT LICENSE LLC;IS 901;641263589;GEO;27,5 W;C;Subida ↑;6342;6378;36,00;Circular à direita (CR);21/01/2022;N;2022-01-04 00:00:00.000000;52
INTELSAT LICENSE LLC;IS 901;641263589;GEO;27,5 W;C;Subida ↑;6094;6166;72,00;Circular à direita (CR);21/01/2022;N;2022-01-04 00:00:00.000000;52
INTELSAT LICENSE LLC;IS 901;641263589;GEO;27,5 W;Ku;Subida ↑;14377;14413;36,00;Vertical (V);21/01/2022;N;2022-01-04 00:00:00.000000;52
INTELSAT LICENSE LLC;IS 901;641263589;GEO;27,5 W;Ku;Subida ↑;14169;14241;72,00;Vertical (V);21/01/2022;N;2022-01-04 00:00:00.000000;52
INTELSAT LICENSE LLC;IS 901;641263589;GEO;27,5 W;Ku;Descida ↓;11537;11573;36,00;Horizontal (H);21/01/2022;N;2022-01-04 00:00:00.000000;52
INTELSAT LICENSE LLC;IS 901;641263589;GEO;27,5 W;Ku;Descida ↓;11577;11613;36,00;Horizontal (H);21/01/2022;N;2022-01-04 00:00:00.000000;52
INTELSAT LICENSE LLC;IS 901;641263589;GEO;27,5 W;Ku;Subida ↑;14259;14331;72,00;Vertical (V);21/01/2022;N;2022-01-04 00:00:00.000000;52
INTELSAT LICENSE LLC;IS 901;641263589;GEO;27,5 W;Ku;Descida ↓;11459;11531;72,00;Horizontal (H);21/01/2022;N;2022-01-04 00:00:00.000000;52
INTELSAT LICENSE LLC;IS-11;690012110;GEO;43 W;Ku(AP30B);Descida ↓;11204;11240;36,00;Vertical (V);16/02/2023;N;2023-01-18 00:00:00.000000;468
INTELSAT LICENSE LLC;IS-11;690012110;GEO;43 W;Ku;Descida ↓;11032;11068;36,00;Vertical (V);16/02/2023;N;2023-01-18 00:00:00.000000;468
INTELSAT LICENSE LLC;IS-11;690012110;GEO;43 W;C;Subida ↑;5988;6042;54,00;Horizontal (H);16/02/2023;N;2023-01-18 00:00:00.000000;468
INTELSAT LICENSE LLC;IS-11;690012110;GEO;43 W;C;Descida ↓;4133;4197;64,00;Vertical (V);16/02/2023;N;2023-01-18 00:00:00.000000;468
INTELSAT LICENSE LLC;IS-11;690012110;GEO;43 W;Ku(AP30B);Descida ↓;11284;11320;36,00;Vertical (V);16/02/2023;N;2023-01-18 00:00:00.000000;468
INTELSAT LICENSE LLC;IS-11;690012110;GEO;43 W;Ku(AP30B);Descida ↓;10864;10900;36,00;Horizontal (H);16/02/2023;N;2023-01-18 00:00:00.000000;468
INTELSAT LICENSE LLC;IS-11;690012110;GEO;43 W;Ku(AP30B);Subida ↑;13004;13040;36,00;Vertical (V);16/02/2023;N;2023-01-18 00:00:00.000000;468
INTELSAT LICENSE LLC;IS-11;690012110;GEO;43 W;C;Subida ↑;6298;6352;54,00;Horizontal (H);16/02/2023;N;2023-01-18 00:00:00.000000;468
INTELSAT LICENSE LLC;IS-11;690012110;GEO;43 W;C;Subida ↑;6048;6084;36,00;Vertical (V);16/02/2023;N;2023-01-18 00:00:00.000000;468
INTELSAT LICENSE LLC;IS-11;690012110;GEO;43 W;Ku(AP30B);Subida ↑;12754;12790;36,00;Vertical (V);16/02/2023;N;2023-01-18 00:00:00.000000;468
INTELSAT LICENSE LLC;IS-11;690012110;GEO;43 W;C;Descida ↓;3763;3817;54,00;Vertical (V);16/02/2023;N;2023-01-18 00:00:00.000000;468
INTELSAT LICENSE LLC;IS-11;690012110;GEO;43 W;C;Descida ↓;3989;4007;18,00;Vertical (V);16/02/2023;N;2023-01-18 00:00:00.000000;468
INTELSAT LICENSE LLC;IS-11;690012110;GEO;43 W;C;Descida ↓;3841;3859;18,00;Vertical (V);16/02/2023;N;2023-01-18 00:00:00.000000;468
INTELSAT LICENSE LLC;IS-11;690012110;GEO;43 W;C;Subida ↑;6358;6422;64,00;Vertical (V);16/02/2023;N;2023-01-18 00:00:00.000000;468
INTELSAT LICENSE LLC;IS-11;690012110;GEO;43 W;Ku;Descida ↓;10952;10988;36,00;Vertical (V);16/02/2023;N;2023-01-18 00:00:00.000000;468
INTELSAT LICENSE LLC;IS-11;690012110;GEO;43 W;C;Descida ↓;4013;4067;54,00;Vertical (V);16/02/2023;N;2023-01-18 00:00:00.000000;468
INTELSAT LICENSE LLC;IS-11;690012110;GEO;43 W;C;Descida ↓;3720;3757;37,00;Horizontal (H);16/02/2023;N;2023-01-18 00:00:00.000000;468
INTELSAT LICENSE LLC;IS-11;690012110;GEO;43 W;Ku(AP30B);Subida ↑;13164;13200;36,00;Horizontal (H);16/02/2023;N;2023-01-18 00:00:00.000000;468
INTELSAT LICENSE LLC;IS-11;690012110;GEO;43 W;Ku(AP30B);Descida ↓;10864;10900;36,00;Vertical (V);16/02/2023;N;2023-01-18 00:00:00.000000;468
INTELSAT LICENSE LLC;IS-11;690012110;GEO;43 W;Ku;Subida ↑;13756;13792;36,00;Horizontal (H);16/02/2023;N;2023-01-18 00:00:00.000000;468
INTELSAT LICENSE LLC;IS-11;690012110;GEO;43 W;Ku(AP30B);Descida ↓;11364;11400;36,00;Vertical (V);16/02/2023;N;2023-01-18 00:00:00.000000;468
INTELSAT LICENSE LLC;IS-11;690012110;GEO;43 W;Ku(AP30B);Subida ↑;13084;13120;36,00;Horizontal (H);16/02/2023;N;2023-01-18 00:00:00.000000;468
INTELSAT LICENSE LLC;IS-11;690012110;GEO;43 W;Ku;Descida ↓;11112;11148;36,00;Vertical (V);16/02/2023;N;2023-01-18 00:00:00.000000;468
INTELSAT LICENSE LLC;IS-11;690012110;GEO;43 W;Ku(AP30B);Descida ↓;10704;10740;36,00;Horizontal (H);16/02/2023;N;2023-01-18 00:00:00.000000;468
INTELSAT LICENSE LLC;IS-11;690012110;GEO;43 W;C;Descida ↓;3859;3877;18,00;Horizontal (H);16/02/2023;N;2023-01-18 00:00:00.000000;468
INTELSAT LICENSE LLC;IS-11;690012110;GEO;43 W;C;Descida ↓;3953;3971;18,00;Vertical (V);16/02/2023;N;2023-01-18 00:00:00.000000;468
INTELSAT LICENSE LLC;IS-11;690012110;GEO;43 W;C;Descida ↓;3883;3947;64,00;Horizontal (H);16/02/2023;N;2023-01-18 00:00:00.000000;468
INTELSAT LICENSE LLC;IS-11;690012110;GEO;43 W;C;Descida ↓;3953;4007;54,00;Horizontal (H);16/02/2023;N;2023-01-18 00:00:00.000000;468
INTELSAT LICENSE LLC;IS-11;690012110;GEO;43 W;Ku;Descida ↓;11112;11148;36,00;Horizontal (H);16/02/2023;N;2023-01-18 00:00:00.000000;468
INTELSAT LICENSE LLC;IS-11;690012110;GEO;43 W;Ku;Descida ↓;10952;10988;36,00;Horizontal (H);16/02/2023;N;2023-01-18 00:00:00.000000;468
INTELSAT LICENSE LLC;IS-11;690012110;GEO;43 W;C;Subida ↑;6108;6172;64,00;Horizontal (H);16/02/2023;N;2023-01-18 00:00:00.000000;468
INTELSAT LICENSE LLC;IS-11;690012110;GEO;43 W;C;Descida ↓;3763;3817;54,00;Horizontal (H);16/02/2023;N;2023-01-18 00:00:00.000000;468
INTELSAT LICENSE LLC;IS-11;690012110;GEO;43 W;Ku(AP30B);Descida ↓;11364;11400;36,00;Horizontal (H);16/02/2023;N;2023-01-18 00:00:00.000000;468
INTELSAT LICENSE LLC;IS-11;690012110;GEO;43 W;C;Subida ↑;6358;6422;64,00;Horizontal (H);16/02/2023;N;2023-01-18 00:00:00.000000;468
INTELSAT LICENSE LLC;IS-11;690012110;GEO;43 W;C;Descida ↓;4073;4127;54,00;Horizontal (H);16/02/2023;N;2023-01-18 00:00:00.000000;468
INTELSAT LICENSE LLC;IS-11;690012110;GEO;43 W;C;Subida ↑;6238;6292;54,00;Horizontal (H);16/02/2023;N;2023-01-18 00:00:00.000000;468
INTELSAT LICENSE LLC;IS-11;690012110;GEO;43 W;Ku;Descida ↓;11032;11068;36,00;Horizontal (H);16/02/2023;N;2023-01-18 00:00:00.000000;468
INTELSAT LICENSE LLC;IS-11;690012110;GEO;43 W;C;Subida ↑;6084;6102;18,00;Vertical (V);16/02/2023;N;2023-01-18 00:00:00.000000;468
INTELSAT LICENSE LLC;IS-11;690012110;GEO;43 W;C;Descida ↓;4133;4197;64,00;Horizontal (H);16/02/2023;N;2023-01-18 00:00:00.000000;468
INTELSAT LICENSE LLC;IS-11;690012110;GEO;43 W;Ku(AP30B);Subida ↑;13084;13120;36,00;Vertical (V);16/02/2023;N;2023-01-18 00:00:00.000000;468
INTELSAT LICENSE LLC;IS-11;690012110;GEO;43 W;C;Subida ↑;6238;6292;54,00;Vertical (V);16/02/2023;N;2023-01-18 00:00:00.000000;468
INTELSAT LICENSE LLC;IS-11;690012110;GEO;43 W;Ku(AP30B);Descida ↓;10704;10740;36,00;Vertical (V);16/02/2023;N;2023-01-18 00:00:00.000000;468
INTELSAT LICENSE LLC;IS-11;690012110;GEO;43 W;Ku;Subida ↑;13836;13872;36,00;Vertical (V);16/02/2023;N;2023-01-18 00:00:00.000000;468
INTELSAT LICENSE LLC;IS-11;690012110;GEO;43 W;C;Subida ↑;5928;5982;54,00;Vertical (V);16/02/2023;N;2023-01-18 00:00:00.000000;468
INTELSAT LICENSE LLC;IS-11;690012110;GEO;43 W;Ku;Subida ↑;13756;13792;36,00;Vertical (V);16/02/2023;N;2023-01-18 00:00:00.000000;468
INTELSAT LICENSE LLC;IS-11;690012110;GEO;43 W;Ku;Subida ↑;13916;13952;36,00;Vertical (V);16/02/2023;N;2023-01-18 00:00:00.000000;468
INTELSAT LICENSE LLC;IS-11;690012110;GEO;43 W;C;Subida ↑;6298;6352;54,00;Vertical (V);16/02/2023;N;2023-01-18 00:00:00.000000;468
INTELSAT LICENSE LLC;IS-11;690012110;GEO;43 W;C;Descida ↓;3859;3877;18,00;Vertical (V);16/02/2023;N;2023-01-18 00:00:00.000000;468
INTELSAT LICENSE LLC;IS-11;690012110;GEO;43 W;Ku(AP30B);Subida ↑;12834;12870;36,00;Vertical (V);16/02/2023;N;2023-01-18 00:00:00.000000;468
INTELSAT LICENSE LLC;IS-11;690012110;GEO;43 W;C;Descida ↓;3720;3757;37,00;Vertical (V);16/02/2023;N;2023-01-18 00:00:00.000000;468
INTELSAT LICENSE LLC;IS-11;690012110;GEO;43 W;Ku(AP30B);Subida ↑;13164;13200;36,00;Vertical (V);16/02/2023;N;2023-01-18 00:00:00.000000;468
INTELSAT LICENSE LLC;IS-11;690012110;GEO;43 W;C;Descida ↓;4073;4100;27,00;Vertical (V);16/02/2023;N;2023-01-18 00:00:00.000000;468
INTELSAT LICENSE LLC;IS-11;690012110;GEO;43 W;Ku(AP30B);Descida ↓;10784;10820;36,00;Vertical (V);16/02/2023;N;2023-01-18 00:00:00.000000;468
INTELSAT LICENSE LLC;IS-11;690012110;GEO;43 W;C;Subida ↑;6108;6172;64,00;Vertical (V);16/02/2023;N;2023-01-18 00:00:00.000000;468
INTELSAT LICENSE LLC;IS-11;690012110;GEO;43 W;Ku(AP30B);Subida ↑;12914;12950;36,00;Vertical (V);16/02/2023;N;2023-01-18 00:00:00.000000;468
INTELSAT LICENSE LLC;IS-11;690012110;GEO;43 W;C;Subida ↑;6048;6102;54,00;Horizontal (H);16/02/2023;N;2023-01-18 00:00:00.000000;468
INTELSAT LICENSE LLC;IS-11;690012110;GEO;43 W;Ku(AP30B);Descida ↓;10784;10820;36,00;Horizontal (H);16/02/2023;N;2023-01-18 00:00:00.000000;468
INTELSAT LICENSE LLC;IS-11;690012110;GEO;43 W;C;Descida ↓;4100;4127;27,00;Vertical (V);16/02/2023;N;2023-01-18 00:00:00.000000;468
INTELSAT LICENSE LLC;IS-11;690012110;GEO;43 W;C;Descida ↓;4013;4067;54,00;Horizontal (H);16/02/2023;N;2023-01-18 00:00:00.000000;468
INTELSAT LICENSE LLC;IS-11;690012110;GEO;43 W;Ku(AP30B);Subida ↑;12754;12790;36,00;Horizontal (H);16/02/2023;N;2023-01-18 00:00:00.000000;468
INTELSAT LICENSE LLC;IS-11;690012110;GEO;43 W;Ku(AP30B);Descida ↓;11204;11240;36,00;Horizontal (H);16/02/2023;N;2023-01-18 00:00:00.000000;468
INTELSAT LICENSE LLC;IS-11;690012110;GEO;43 W;Ku(AP30B);Subida ↑;12834;12870;36,00;Horizontal (H);16/02/2023;N;2023-01-18 00:00:00.000000;468
INTELSAT LICENSE LLC;IS-11;690012110;GEO;43 W;Ku(AP30B);Subida ↑;13004;13040;36,00;Horizontal (H);16/02/2023;N;2023-01-18 00:00:00.000000;468
INTELSAT LICENSE LLC;IS-11;690012110;GEO;43 W;C;Subida ↑;6178;6232;54,00;Horizontal (H);16/02/2023;N;2023-01-18 00:00:00.000000;468
INTELSAT LICENSE LLC;IS-11;690012110;GEO;43 W;C;Descida ↓;3823;3859;36,00;Horizontal (H);16/02/2023;N;2023-01-18 00:00:00.000000;468
INTELSAT LICENSE LLC;IS-11;690012110;GEO;43 W;Ku;Subida ↑;13916;13952;36,00;Horizontal (H);16/02/2023;N;2023-01-18 00:00:00.000000;468
INTELSAT LICENSE LLC;IS-11;690012110;GEO;43 W;Ku;Subida ↑;13836;13872;36,00;Horizontal (H);16/02/2023;N;2023-01-18 00:00:00.000000;468
INTELSAT LICENSE LLC;IS-11;690012110;GEO;43 W;Ku(AP30B);Descida ↓;11284;11320;36,00;Horizontal (H);16/02/2023;N;2023-01-18 00:00:00.000000;468
INTELSAT LICENSE LLC;IS-11;690012110;GEO;43 W;C;Descida ↓;3883;3947;64,00;Vertical (V);16/02/2023;N;2023-01-18 00:00:00.000000;468
INTELSAT LICENSE LLC;IS-11;690012110;GEO;43 W;C;Descida ↓;3971;3989;18,00;Vertical (V);16/02/2023;N;2023-01-18 00:00:00.000000;468
INTELSAT LICENSE LLC;IS-11;690012110;GEO;43 W;C;Subida ↑;5988;6042;54,00;Vertical (V);16/02/2023;N;2023-01-18 00:00:00.000000;468
INTELSAT LICENSE LLC;IS-11;690012110;GEO;43 W;C;Descida ↓;3823;3841;18,00;Vertical (V);16/02/2023;N;2023-01-18 00:00:00.000000;468
INTELSAT LICENSE LLC;IS-11;690012110;GEO;43 W;C;Subida ↑;6178;6232;54,00;Vertical (V);16/02/2023;N;2023-01-18 00:00:00.000000;468
INTELSAT LICENSE LLC;IS-11;690012110;GEO;43 W;C;Subida ↑;5928;5982;54,00;Horizontal (H);16/02/2023;N;2023-01-18 00:00:00.000000;468
INTELSAT LICENSE LLC;IS-11;690012110;GEO;43 W;Ku(AP30B);Subida ↑;12914;12950;36,00;Horizontal (H);16/02/2023;N;2023-01-18 00:00:00.000000;468
INTELSAT LICENSE LLC;IS-14;692295852;GEO;45 W;C;Subida ↑;6022;6058;36,00;Vertical (V);22/08/2025;N;2024-11-19 00:00:00.000000;16164
INTELSAT LICENSE LLC;IS-14;692295852;GEO;45 W;C;Subida ↑;5942;5960;18,00;Horizontal (H);22/08/2025;N;2024-11-19 00:00:00.000000;16164
INTELSAT LICENSE LLC;IS-14;692295852;GEO;45 W;C;Descida ↓;3797;3833;36,00;Vertical (V);22/08/2025;N;2024-11-19 00:00:00.000000;16164
INTELSAT LICENSE LLC;IS-14;692295852;GEO;45 W;C;Descida ↓;3979;3997;18,00;Vertical (V);22/08/2025;N;2024-11-19 00:00:00.000000;16164
INTELSAT LICENSE LLC;IS-14;692295852;GEO;45 W;C;Subida ↑;6022;6058;36,00;Horizontal (H);22/08/2025;N;2024-11-19 00:00:00.000000;16164
INTELSAT LICENSE LLC;IS-14;692295852;GEO;45 W;C;Subida ↑;6302;6338;36,00;Horizontal (H);22/08/2025;N;2024-11-19 00:00:00.000000;16164
INTELSAT LICENSE LLC;IS-14;692295852;GEO;45 W;C;Subida ↑;6062;6098;36,00;Vertical (V);22/08/2025;N;2024-11-19 00:00:00.000000;16164
INTELSAT LICENSE LLC;IS-14;692295852;GEO;45 W;C;Subida ↑;5942;5978;36,00;Vertical (V);22/08/2025;N;2024-11-19 00:00:00.000000;16164
INTELSAT LICENSE LLC;IS-14;692295852;GEO;45 W;C;Descida ↓;3961;3979;18,00;Vertical (V);22/08/2025;N;2024-11-19 00:00:00.000000;16164
INTELSAT LICENSE LLC;IS-14;692295852;GEO;45 W;C;Descida ↓;3997;4015;18,00;Vertical (V);22/08/2025;N;2024-11-19 00:00:00.000000;16164
INTELSAT LICENSE LLC;IS-14;692295852;GEO;45 W;C;Subida ↑;5982;6018;36,00;Horizontal (H);22/08/2025;N;2024-11-19 00:00:00.000000;16164
INTELSAT LICENSE LLC;IS-14;692295852;GEO;45 W;C;Descida ↓;4041;4113;72,00;Vertical (V);22/08/2025;N;2024-11-19 00:00:00.000000;16164
INTELSAT LICENSE LLC;IS-14;692295852;GEO;45 W;C;Subida ↑;6186;6258;72,00;Vertical (V);22/08/2025;N;2024-11-19 00:00:00.000000;16164
INTELSAT LICENSE LLC;IS-14;692295852;GEO;45 W;C;Descida ↓;3720;3735;15,00;Vertical (V);22/08/2025;N;2024-11-19 00:00:00.000000;16164
INTELSAT LICENSE LLC;IS-14;692295852;GEO;45 W;C;Descida ↓;3837;3873;36,00;Vertical (V);22/08/2025;N;2024-11-19 00:00:00.000000;16164
INTELSAT LICENSE LLC;IS-14;692295852;GEO;45 W;C;Subida ↑;6266;6338;72,00;Vertical (V);22/08/2025;N;2024-11-19 00:00:00.000000;16164
INTELSAT LICENSE LLC;IS-14;692295852;GEO;45 W;C;Descida ↓;3757;3793;36,00;Horizontal (H);22/08/2025;N;2024-11-19 00:00:00.000000;16164
INTELSAT LICENSE LLC;IS-14;692295852;GEO;45 W;C;Subida ↑;6160;6178;18,00;Horizontal (H);22/08/2025;N;2024-11-19 00:00:00.000000;16164
INTELSAT LICENSE LLC;IS-14;692295852;GEO;45 W;C;Subida ↑;6062;6098;36,00;Horizontal (H);22/08/2025;N;2024-11-19 00:00:00.000000;16164
INTELSAT LICENSE LLC;IS-14;692295852;GEO;45 W;C;Descida ↓;4077;4113;36,00;Horizontal (H);22/08/2025;N;2024-11-19 00:00:00.000000;16164
INTELSAT LICENSE LLC;IS-14;692295852;GEO;45 W;C;Descida ↓;3837;3873;36,00;Horizontal (H);22/08/2025;N;2024-11-19 00:00:00.000000;16164
INTELSAT LICENSE LLC;IS-14;692295852;GEO;45 W;C;Descida ↓;3735;3753;18,00;Vertical (V);22/08/2025;N;2024-11-19 00:00:00.000000;16164
INTELSAT LICENSE LLC;IS-14;692295852;GEO;45 W;C;Descida ↓;3881;3953;72,00;Vertical (V);22/08/2025;N;2024-11-19 00:00:00.000000;16164
INTELSAT LICENSE LLC;IS-14;692295852;GEO;45 W;C;Descida ↓;3720;3753;33,00;Horizontal (H);22/08/2025;N;2024-11-19 00:00:00.000000;16164
INTELSAT LICENSE LLC;IS-14;692295852;GEO;45 W;C;Descida ↓;4015;4033;18,00;Vertical (V);22/08/2025;N;2024-11-19 00:00:00.000000;16164
INTELSAT LICENSE LLC;IS-14;692295852;GEO;45 W;C;Subida ↑;6346;6418;72,00;Vertical (V);22/08/2025;N;2024-11-19 00:00:00.000000;16164
INTELSAT LICENSE LLC;IS-14;692295852;GEO;45 W;C;Descida ↓;3961;4033;72,00;Horizontal (H);22/08/2025;N;2024-11-19 00:00:00.000000;16164
INTELSAT LICENSE LLC;IS-14;692295852;GEO;45 W;C;Descida ↓;4121;4193;72,00;Vertical (V);22/08/2025;N;2024-11-19 00:00:00.000000;16164
INTELSAT LICENSE LLC;IS-14;692295852;GEO;45 W;C;Descida ↓;3797;3833;36,00;Horizontal (H);22/08/2025;N;2024-11-19 00:00:00.000000;16164
INTELSAT LICENSE LLC;IS-14;692295852;GEO;45 W;C;Descida ↓;3757;3793;36,00;Vertical (V);22/08/2025;N;2024-11-19 00:00:00.000000;16164
INTELSAT LICENSE LLC;IS-14;692295852;GEO;45 W;C;Subida ↑;6346;6418;72,00;Horizontal (H);22/08/2025;N;2024-11-19 00:00:00.000000;16164
INTELSAT LICENSE LLC;IS-14;692295852;GEO;45 W;C;Subida ↑;6106;6124;18,00;Horizontal (H);22/08/2025;N;2024-11-19 00:00:00.000000;16164
INTELSAT LICENSE LLC;IS-14;692295852;GEO;45 W;C;Descida ↓;3899;3935;36,00;Horizontal (H);22/08/2025;N;2024-11-19 00:00:00.000000;16164
INTELSAT LICENSE LLC;IS-14;692295852;GEO;45 W;C;Subida ↑;6124;6160;36,00;Horizontal (H);22/08/2025;N;2024-11-19 00:00:00.000000;16164
INTELSAT LICENSE LLC;IS-14;692295852;GEO;45 W;C;Descida ↓;3881;3899;18,00;Horizontal (H);22/08/2025;N;2024-11-19 00:00:00.000000;16164
INTELSAT LICENSE LLC;IS-14;692295852;GEO;45 W;C;Descida ↓;4041;4077;36,00;Horizontal (H);22/08/2025;N;2024-11-19 00:00:00.000000;16164
INTELSAT LICENSE LLC;IS-14;692295852;GEO;45 W;C;Subida ↑;6222;6240;18,00;Horizontal (H);22/08/2025;N;2024-11-19 00:00:00.000000;16164
INTELSAT LICENSE LLC;IS-14;692295852;GEO;45 W;C;Subida ↑;6204;6222;18,00;Horizontal (H);22/08/2025;N;2024-11-19 00:00:00.000000;16164
INTELSAT LICENSE LLC;IS-14;692295852;GEO;45 W;C;Subida ↑;6266;6302;36,00;Horizontal (H);22/08/2025;N;2024-11-19 00:00:00.000000;16164
INTELSAT LICENSE LLC;IS-14;692295852;GEO;45 W;C;Subida ↑;5960;5978;18,00;Horizontal (H);22/08/2025;N;2024-11-19 00:00:00.000000;16164
INTELSAT LICENSE LLC;IS-14;692295852;GEO;45 W;C;Descida ↓;4121;4193;72,00;Horizontal (H);22/08/2025;N;2024-11-19 00:00:00.000000;16164
INTELSAT LICENSE LLC;IS-14;692295852;GEO;45 W;C;Subida ↑;6240;6258;18,00;Horizontal (H);22/08/2025;N;2024-11-19 00:00:00.000000;16164
INTELSAT LICENSE LLC;IS-14;692295852;GEO;45 W;C;Descida ↓;3935;3953;18,00;Horizontal (H);22/08/2025;N;2024-11-19 00:00:00.000000;16164
INTELSAT LICENSE LLC;IS-14;692295852;GEO;45 W;C;Subida ↑;5982;6018;36,00;Vertical (V);22/08/2025;N;2024-11-19 00:00:00.000000;16164
INTELSAT LICENSE LLC;IS-14;692295852;GEO;45 W;C;Subida ↑;6186;6204;18,00;Horizontal (H);22/08/2025;N;2024-11-19 00:00:00.000000;16164
INTELSAT LICENSE LLC;IS-14;692295852;GEO;45 W;C;Subida ↑;6106;6178;72,00;Vertical (V);22/08/2025;N;2024-11-19 00:00:00.000000;16164
INTELSAT LICENSE LLC;IS-21;698253990;GEO;58 W;Ku;Subida ↑;14091,5;14118,5;27,00;Vertical (V);30/12/2020;N;2020-11-12 00:00:00.000000;6877
INTELSAT LICENSE LLC;IS-21;698253990;GEO;58 W;C;Descida ↓;3942;3978;36,00;Vertical (V);30/12/2020;N;2020-11-12 00:00:00.000000;6877
INTELSAT LICENSE LLC;IS-21;698253990;GEO;58 W;Ku;Subida ↑;14062;14098;36,00;Horizontal (H);30/12/2020;N;2020-11-12 00:00:00.000000;6877
INTELSAT LICENSE LLC;IS-21;698253990;GEO;58 W;Ku;Subida ↑;14211,5;14238,5;27,00;Vertical (V);30/12/2020;N;2020-11-12 00:00:00.000000;6877
INTELSAT LICENSE LLC;IS-21;698253990;GEO;58 W;Ku;Subida ↑;14102;14138;36,00;Horizontal (H);30/12/2020;N;2020-11-12 00:00:00.000000;6877
INTELSAT LICENSE LLC;IS-21;698253990;GEO;58 W;C;Subida ↑;6367;6403;36,00;Vertical (V);30/12/2020;N;2020-11-12 00:00:00.000000;6877
INTELSAT LICENSE LLC;IS-21;698253990;GEO;58 W;Ku;Descida ↓;11608,5;11635,5;27,00;Horizontal (H);30/12/2020;N;2020-11-12 00:00:00.000000;6877
INTELSAT LICENSE LLC;IS-21;698253990;GEO;58 W;Ku;Subida ↑;14422;14498;76,00;Horizontal (H);30/12/2020;N;2020-11-12 00:00:00.000000;6877
INTELSAT LICENSE LLC;IS-21;698253990;GEO;58 W;C;Subida ↑;6007;6043;36,00;Horizontal (H);30/12/2020;N;2020-11-12 00:00:00.000000;6877
INTELSAT LICENSE LLC;IS-21;698253990;GEO;58 W;C;Subida ↑;5927;5963;36,00;Horizontal (H);30/12/2020;N;2020-11-12 00:00:00.000000;6877
INTELSAT LICENSE LLC;IS-21;698253990;GEO;58 W;Ku;Subida ↑;14061,5;14088,5;27,00;Vertical (V);30/12/2020;N;2020-11-12 00:00:00.000000;6877
INTELSAT LICENSE LLC;IS-21;698253990;GEO;58 W;C;Descida ↓;3702;3738;36,00;Horizontal (H);30/12/2020;N;2020-11-12 00:00:00.000000;6877
INTELSAT LICENSE LLC;IS-21;698253990;GEO;58 W;C;Subida ↑;6247;6283;36,00;Horizontal (H);30/12/2020;N;2020-11-12 00:00:00.000000;6877
INTELSAT LICENSE LLC;IS-21;698253990;GEO;58 W;C;Subida ↑;6207;6243;36,00;Vertical (V);30/12/2020;N;2020-11-12 00:00:00.000000;6877
INTELSAT LICENSE LLC;IS-21;698253990;GEO;58 W;C;Subida ↑;6127;6163;36,00;Vertical (V);30/12/2020;N;2020-11-12 00:00:00.000000;6877
INTELSAT LICENSE LLC;IS-21;698253990;GEO;58 W;Ku;Subida ↑;14121,5;14148,5;27,00;Vertical (V);30/12/2020;N;2020-11-12 00:00:00.000000;6877
INTELSAT LICENSE LLC;IS-21;698253990;GEO;58 W;C;Descida ↓;4142;4178;36,00;Vertical (V);30/12/2020;N;2020-11-12 00:00:00.000000;6877
INTELSAT LICENSE LLC;IS-21;698253990;GEO;58 W;C;Subida ↑;6047;6083;36,00;Vertical (V);30/12/2020;N;2020-11-12 00:00:00.000000;6877
INTELSAT LICENSE LLC;IS-21;698253990;GEO;58 W;Ku;Subida ↑;14302;14338;36,00;Horizontal (H);30/12/2020;N;2020-11-12 00:00:00.000000;6877
INTELSAT LICENSE LLC;IS-21;698253990;GEO;58 W;Ku;Subida ↑;14142;14178;36,00;Horizontal (H);30/12/2020;N;2020-11-12 00:00:00.000000;6877
INTELSAT LICENSE LLC;IS-21;698253990;GEO;58 W;Ku;Descida ↓;11460;11514;54,00;Horizontal (H);30/12/2020;N;2020-11-12 00:00:00.000000;6877
INTELSAT LICENSE LLC;IS-21;698253990;GEO;58 W;Ku;Descida ↓;11962;11998;36,00;Vertical (V);30/12/2020;N;2020-11-12 00:00:00.000000;6877
INTELSAT LICENSE LLC;IS-21;698253990;GEO;58 W;Ku;Descida ↓;12002;12038;36,00;Vertical (V);30/12/2020;N;2020-11-12 00:00:00.000000;6877
INTELSAT LICENSE LLC;IS-21;698253990;GEO;58 W;Ku;Descida ↓;11548,5;11575,5;27,00;Horizontal (H);30/12/2020;N;2020-11-12 00:00:00.000000;6877
INTELSAT LICENSE LLC;IS-21;698253990;GEO;58 W;Ku;Subida ↑;14182;14218;36,00;Horizontal (H);30/12/2020;N;2020-11-12 00:00:00.000000;6877
INTELSAT LICENSE LLC;IS-21;698253990;GEO;58 W;Ku;Subida ↑;14022;14058;36,00;Horizontal (H);30/12/2020;N;2020-11-12 00:00:00.000000;6877
INTELSAT LICENSE LLC;IS-21;698253990;GEO;58 W;Ku;Descida ↓;11762;11798;36,00;Vertical (V);30/12/2020;N;2020-11-12 00:00:00.000000;6877
INTELSAT LICENSE LLC;IS-21;698253990;GEO;58 W;Ku;Subida ↑;14222;14258;36,00;Horizontal (H);30/12/2020;N;2020-11-12 00:00:00.000000;6877
INTELSAT LICENSE LLC;IS-21;698253990;GEO;58 W;Ku;Subida ↑;14382;14418;36,00;Horizontal (H);30/12/2020;N;2020-11-12 00:00:00.000000;6877
INTELSAT LICENSE LLC;IS-21;698253990;GEO;58 W;Ku;Subida ↑;14262;14298;36,00;Horizontal (H);30/12/2020;N;2020-11-12 00:00:00.000000;6877
INTELSAT LICENSE LLC;IS-21;698253990;GEO;58 W;C;Descida ↓;4062;4098;36,00;Horizontal (H);30/12/2020;N;2020-11-12 00:00:00.000000;6877
INTELSAT LICENSE LLC;IS-21;698253990;GEO;58 W;C;Descida ↓;3822;3858;36,00;Vertical (V);30/12/2020;N;2020-11-12 00:00:00.000000;6877
INTELSAT LICENSE LLC;IS-21;698253990;GEO;58 W;Ku;Subida ↑;14342;14378;36,00;Horizontal (H);30/12/2020;N;2020-11-12 00:00:00.000000;6877
INTELSAT LICENSE LLC;IS-21;698253990;GEO;58 W;C;Subida ↑;6167;6203;36,00;Vertical (V);30/12/2020;N;2020-11-12 00:00:00.000000;6877
INTELSAT LICENSE LLC;IS-21;698253990;GEO;58 W;Ku;Subida ↑;14181,5;14208,5;27,00;Vertical (V);30/12/2020;N;2020-11-12 00:00:00.000000;6877
INTELSAT LICENSE LLC;IS-21;698253990;GEO;58 W;Ku;Descida ↓;11668,5;11695,5;27,00;Horizontal (H);30/12/2020;N;2020-11-12 00:00:00.000000;6877
INTELSAT LICENSE LLC;IS-21;698253990;GEO;58 W;Ku;Descida ↓;11722;11758;36,00;Vertical (V);30/12/2020;N;2020-11-12 00:00:00.000000;6877
INTELSAT LICENSE LLC;IS-21;698253990;GEO;58 W;C;Descida ↓;3942;3978;36,00;Horizontal (H);30/12/2020;N;2020-11-12 00:00:00.000000;6877
INTELSAT LICENSE LLC;IS-21;698253990;GEO;58 W;Ku;Descida ↓;12162;12198;36,00;Vertical (V);30/12/2020;N;2020-11-12 00:00:00.000000;6877
INTELSAT LICENSE LLC;IS-21;698253990;GEO;58 W;C;Subida ↑;6207;6243;36,00;Horizontal (H);30/12/2020;N;2020-11-12 00:00:00.000000;6877
INTELSAT LICENSE LLC;IS-21;698253990;GEO;58 W;C;Descida ↓;4142;4178;36,00;Horizontal (H);30/12/2020;N;2020-11-12 00:00:00.000000;6877
INTELSAT LICENSE LLC;IS-21;698253990;GEO;58 W;Ku;Descida ↓;11578,5;11605,5;27,00;Horizontal (H);30/12/2020;N;2020-11-12 00:00:00.000000;6877
INTELSAT LICENSE LLC;IS-21;698253990;GEO;58 W;C;Subida ↑;6047;6083;36,00;Horizontal (H);30/12/2020;N;2020-11-12 00:00:00.000000;6877
INTELSAT LICENSE LLC;IS-21;698253990;GEO;58 W;Ku;Subida ↑;14039;14057;18,00;Vertical (V);30/12/2020;N;2020-11-12 00:00:00.000000;6877
INTELSAT LICENSE LLC;IS-21;698253990;GEO;58 W;C;Subida ↑;6087;6123;36,00;Horizontal (H);30/12/2020;N;2020-11-12 00:00:00.000000;6877
INTELSAT LICENSE LLC;IS-21;698253990;GEO;58 W;C;Descida ↓;4102;4138;36,00;Vertical (V);30/12/2020;N;2020-11-12 00:00:00.000000;6877
INTELSAT LICENSE LLC;IS-21;698253990;GEO;58 W;C;Descida ↓;4022;4058;36,00;Horizontal (H);30/12/2020;N;2020-11-12 00:00:00.000000;6877
INTELSAT LICENSE LLC;IS-21;698253990;GEO;58 W;Ku;Subida ↑;14422;14458;36,00;Horizontal (H);30/12/2020;N;2020-11-12 00:00:00.000000;6877
INTELSAT LICENSE LLC;IS-21;698253990;GEO;58 W;C;Descida ↓;3822;3858;36,00;Horizontal (H);30/12/2020;N;2020-11-12 00:00:00.000000;6877
INTELSAT LICENSE LLC;IS-21;698253990;GEO;58 W;C;Subida ↑;5967;6003;36,00;Vertical (V);30/12/2020;N;2020-11-12 00:00:00.000000;6877
INTELSAT LICENSE LLC;IS-21;698253990;GEO;58 W;C;Subida ↑;6327;6363;36,00;Horizontal (H);30/12/2020;N;2020-11-12 00:00:00.000000;6877
INTELSAT LICENSE LLC;IS-21;698253990;GEO;58 W;Ku;Subida ↑;14151,5;14178,5;27,00;Vertical (V);30/12/2020;N;2020-11-12 00:00:00.000000;6877
INTELSAT LICENSE LLC;IS-21;698253990;GEO;58 W;C;Descida ↓;3702;3738;36,00;Vertical (V);30/12/2020;N;2020-11-12 00:00:00.000000;6877
INTELSAT LICENSE LLC;IS-21;698253990;GEO;58 W;C;Subida ↑;6287;6323;36,00;Vertical (V);30/12/2020;N;2020-11-12 00:00:00.000000;6877
INTELSAT LICENSE LLC;IS-21;698253990;GEO;58 W;Ku;Descida ↓;11518,5;11545,5;27,00;Horizontal (H);30/12/2020;N;2020-11-12 00:00:00.000000;6877
INTELSAT LICENSE LLC;IS-21;698253990;GEO;58 W;C;Descida ↓;4102;4138;36,00;Horizontal (H);30/12/2020;N;2020-11-12 00:00:00.000000;6877
INTELSAT LICENSE LLC;IS-21;698253990;GEO;58 W;C;Descida ↓;3902;3938;36,00;Vertical (V);30/12/2020;N;2020-11-12 00:00:00.000000;6877
INTELSAT LICENSE LLC;IS-21;698253990;GEO;58 W;C;Descida ↓;3742;3778;36,00;Vertical (V);30/12/2020;N;2020-11-12 00:00:00.000000;6877
INTELSAT LICENSE LLC;IS-21;698253990;GEO;58 W;C;Subida ↑;6127;6163;36,00;Horizontal (H);30/12/2020;N;2020-11-12 00:00:00.000000;6877
INTELSAT LICENSE LLC;IS-21;698253990;GEO;58 W;C;Subida ↑;6007;6043;36,00;Vertical (V);30/12/2020;N;2020-11-12 00:00:00.000000;6877
INTELSAT LICENSE LLC;IS-21;698253990;GEO;58 W;C;Subida ↑;5927;5963;36,00;Vertical (V);30/12/2020;N;2020-11-12 00:00:00.000000;6877
INTELSAT LICENSE LLC;IS-21;698253990;GEO;58 W;C;Descida ↓;3862;3898;36,00;Horizontal (H);30/12/2020;N;2020-11-12 00:00:00.000000;6877
INTELSAT LICENSE LLC;IS-21;698253990;GEO;58 W;C;Descida ↓;3982;4018;36,00;Horizontal (H);30/12/2020;N;2020-11-12 00:00:00.000000;6877
INTELSAT LICENSE LLC;IS-21;698253990;GEO;58 W;C;Descida ↓;3782;3818;36,00;Vertical (V);30/12/2020;N;2020-11-12 00:00:00.000000;6877
INTELSAT LICENSE LLC;IS-21;698253990;GEO;58 W;C;Descida ↓;3782;3818;36,00;Horizontal (H);30/12/2020;N;2020-11-12 00:00:00.000000;6877
INTELSAT LICENSE LLC;IS-21;698253990;GEO;58 W;Ku;Descida ↓;11638,5;11665,5;27,00;Horizontal (H);30/12/2020;N;2020-11-12 00:00:00.000000;6877
INTELSAT LICENSE LLC;IS-21;698253990;GEO;58 W;C;Descida ↓;4022;4058;36,00;Vertical (V);30/12/2020;N;2020-11-12 00:00:00.000000;6877
INTELSAT LICENSE LLC;IS-21;698253990;GEO;58 W;Ku;Descida ↓;11922;11958;36,00;Vertical (V);30/12/2020;N;2020-11-12 00:00:00.000000;6877
INTELSAT LICENSE LLC;IS-21;698253990;GEO;58 W;C;Descida ↓;3902;3938;36,00;Horizontal (H);30/12/2020;N;2020-11-12 00:00:00.000000;6877
INTELSAT LICENSE LLC;IS-21;698253990;GEO;58 W;C;Subida ↑;6167;6203;36,00;Horizontal (H);30/12/2020;N;2020-11-12 00:00:00.000000;6877
INTELSAT LICENSE LLC;IS-21;698253990;GEO;58 W;C;Subida ↑;5967;6003;36,00;Horizontal (H);30/12/2020;N;2020-11-12 00:00:00.000000;6877
INTELSAT LICENSE LLC;IS-21;698253990;GEO;58 W;C;Descida ↓;4062;4098;36,00;Vertical (V);30/12/2020;N;2020-11-12 00:00:00.000000;6877
INTELSAT LICENSE LLC;IS-21;698253990;GEO;58 W;Ku;Descida ↓;11802;11838;36,00;Vertical (V);30/12/2020;N;2020-11-12 00:00:00.000000;6877
INTELSAT LICENSE LLC;IS-21;698253990;GEO;58 W;C;Descida ↓;3982;4018;36,00;Vertical (V);30/12/2020;N;2020-11-12 00:00:00.000000;6877
INTELSAT LICENSE LLC;IS-21;698253990;GEO;58 W;C;Subida ↑;6327;6363;36,00;Vertical (V);30/12/2020;N;2020-11-12 00:00:00.000000;6877
INTELSAT LICENSE LLC;IS-21;698253990;GEO;58 W;C;Subida ↑;6367;6403;36,00;Horizontal (H);30/12/2020;N;2020-11-12 00:00:00.000000;6877
INTELSAT LICENSE LLC;IS-21;698253990;GEO;58 W;C;Subida ↑;6087;6123;36,00;Vertical (V);30/12/2020;N;2020-11-12 00:00:00.000000;6877
INTELSAT LICENSE LLC;IS-21;698253990;GEO;58 W;C;Descida ↓;3862;3898;36,00;Vertical (V);30/12/2020;N;2020-11-12 00:00:00.000000;6877
INTELSAT LICENSE LLC;IS-21;698253990;GEO;58 W;C;Subida ↑;6247;6283;36,00;Vertical (V);30/12/2020;N;2020-11-12 00:00:00.000000;6877
INTELSAT LICENSE LLC;IS-21;698253990;GEO;58 W;Ku;Descida ↓;11842;11878;36,00;Vertical (V);30/12/2020;N;2020-11-12 00:00:00.000000;6877
INTELSAT LICENSE LLC;IS-21;698253990;GEO;58 W;C;Subida ↑;6287;6323;36,00;Horizontal (H);30/12/2020;N;2020-11-12 00:00:00.000000;6877
INTELSAT LICENSE LLC;IS-21;698253990;GEO;58 W;Ku;Descida ↓;12122;12158;36,00;Vertical (V);30/12/2020;N;2020-11-12 00:00:00.000000;6877
INTELSAT LICENSE LLC;IS-21;698253990;GEO;58 W;Ku;Descida ↓;12082;12118;36,00;Vertical (V);30/12/2020;N;2020-11-12 00:00:00.000000;6877
INTELSAT LICENSE LLC;IS-21;698253990;GEO;58 W;Ku;Subida ↑;14003;14039;36,00;Vertical (V);30/12/2020;N;2020-11-12 00:00:00.000000;6877
INTELSAT LICENSE LLC;IS-21;698253990;GEO;58 W;C;Descida ↓;3742;3778;36,00;Horizontal (H);30/12/2020;N;2020-11-12 00:00:00.000000;6877
INTELSAT LICENSE LLC;IS-21;698253990;GEO;58 W;Ku;Descida ↓;11882;11918;36,00;Vertical (V);30/12/2020;N;2020-11-12 00:00:00.000000;6877
INTELSAT LICENSE LLC;IS-21;698253990;GEO;58 W;Ku;Descida ↓;12042;12078;36,00;Vertical (V);30/12/2020;N;2020-11-12 00:00:00.000000;6877
INTELSAT LICENSE LLC;IS-30;1008136732;GEO;95 W;Ku;Descida ↓;11948;11972;24,00;Circular à direita (CR);05/01/2021;N;2020-11-18 00:00:00.000000;7017
INTELSAT LICENSE LLC;IS-30;1008136732;GEO;95 W;Ku;Descida ↓;11788;11824;36,00;Circular à direita (CR);05/01/2021;N;2020-11-18 00:00:00.000000;7017
INTELSAT LICENSE LLC;IS-30;1008136732;GEO;95 W;Ku;Descida ↓;12128;12152;24,00;Circular à direita (CR);05/01/2021;N;2020-11-18 00:00:00.000000;7017
INTELSAT LICENSE LLC;IS-30;1008136732;GEO;95 W;Ku;Subida ↑;14323;14347;24,00;Horizontal (H);05/01/2021;N;2020-11-18 00:00:00.000000;7017
INTELSAT LICENSE LLC;IS-30;1008136732;GEO;95 W;Ku;Descida ↓;11072;11108;36,00;Circular à direita (CR);05/01/2021;N;2020-11-18 00:00:00.000000;7017
INTELSAT LICENSE LLC;IS-30;1008136732;GEO;95 W;Ku;Descida ↓;11828;11864;36,00;Circular à direita (CR);05/01/2021;N;2020-11-18 00:00:00.000000;7017
INTELSAT LICENSE LLC;IS-30;1008136732;GEO;95 W;Ku;Descida ↓;10992;11028;36,00;Circular à direita (CR);05/01/2021;N;2020-11-18 00:00:00.000000;7017
INTELSAT LICENSE LLC;IS-30;1008136732;GEO;95 W;Ku;Descida ↓;11748;11784;36,00;Circular à direita (CR);05/01/2021;N;2020-11-18 00:00:00.000000;7017
INTELSAT LICENSE LLC;IS-30;1008136732;GEO;95 W;Ku;Subida ↑;14168;14204;36,00;Vertical (V);05/01/2021;N;2020-11-18 00:00:00.000000;7017
INTELSAT LICENSE LLC;IS-30;1008136732;GEO;95 W;Ku;Descida ↓;11978;12002;24,00;Circular à direita (CR);05/01/2021;N;2020-11-18 00:00:00.000000;7017
INTELSAT LICENSE LLC;IS-30;1008136732;GEO;95 W;Ku;Descida ↓;12173;12197;24,00;Circular à esquerda (CL);05/01/2021;N;2020-11-18 00:00:00.000000;7017
INTELSAT LICENSE LLC;IS-30;1008136732;GEO;95 W;Ku;Subida ↑;14128;14164;36,00;Vertical (V);05/01/2021;N;2020-11-18 00:00:00.000000;7017
INTELSAT LICENSE LLC;IS-30;1008136732;GEO;95 W;Ku;Subida ↑;14052;14088;36,00;Horizontal (H);05/01/2021;N;2020-11-18 00:00:00.000000;7017
INTELSAT LICENSE LLC;IS-30;1008136732;GEO;95 W;Ku;Subida ↑;14368;14392;24,00;Vertical (V);05/01/2021;N;2020-11-18 00:00:00.000000;7017
INTELSAT LICENSE LLC;IS-30;1008136732;GEO;95 W;Ku;Subida ↑;13798;13834;36,00;Vertical (V);05/01/2021;N;2020-11-18 00:00:00.000000;7017
INTELSAT LICENSE LLC;IS-30;1008136732;GEO;95 W;Ku;Subida ↑;14012;14048;36,00;Horizontal (H);05/01/2021;N;2020-11-18 00:00:00.000000;7017
INTELSAT LICENSE LLC;IS-30;1008136732;GEO;95 W;Ku;Descida ↓;11456;11464;8,00;Circular à esquerda (CL);05/01/2021;N;2020-11-18 00:00:00.000000;7017
INTELSAT LICENSE LLC;IS-30;1008136732;GEO;95 W;Ku;Descida ↓;12038;12062;24,00;Circular à direita (CR);05/01/2021;N;2020-11-18 00:00:00.000000;7017
INTELSAT LICENSE LLC;IS-30;1008136732;GEO;95 W;Ku;Subida ↑;14278;14302;24,00;Vertical (V);05/01/2021;N;2020-11-18 00:00:00.000000;7017
INTELSAT LICENSE LLC;IS-30;1008136732;GEO;95 W;Ku;Subida ↑;14398;14422;24,00;Vertical (V);05/01/2021;N;2020-11-18 00:00:00.000000;7017
INTELSAT LICENSE LLC;IS-30;1008136732;GEO;95 W;Ku;Descida ↓;12008;12032;24,00;Circular à direita (CR);05/01/2021;N;2020-11-18 00:00:00.000000;7017
INTELSAT LICENSE LLC;IS-30;1008136732;GEO;95 W;Ku;Descida ↓;11032;11068;36,00;Circular à direita (CR);05/01/2021;N;2020-11-18 00:00:00.000000;7017
INTELSAT LICENSE LLC;IS-30;1008136732;GEO;95 W;Ku;Descida ↓;12158;12182;24,00;Circular à direita (CR);05/01/2021;N;2020-11-18 00:00:00.000000;7017
INTELSAT LICENSE LLC;IS-30;1008136732;GEO;95 W;Ku;Descida ↓;11112;11148;36,00;Circular à direita (CR);05/01/2021;N;2020-11-18 00:00:00.000000;7017
INTELSAT LICENSE LLC;IS-30;1008136732;GEO;95 W;Ku;Subida ↑;14092;14128;36,00;Horizontal (H);05/01/2021;N;2020-11-18 00:00:00.000000;7017
INTELSAT LICENSE LLC;IS-30;1008136732;GEO;95 W;Ku;Descida ↓;10952;10988;36,00;Circular à direita (CR);05/01/2021;N;2020-11-18 00:00:00.000000;7017
INTELSAT LICENSE LLC;IS-30;1008136732;GEO;95 W;Ku;Subida ↑;14008;14044;36,00;Vertical (V);05/01/2021;N;2020-11-18 00:00:00.000000;7017
INTELSAT LICENSE LLC;IS-30;1008136732;GEO;95 W;Ku;Subida ↑;14383;14407;24,00;Horizontal (H);05/01/2021;N;2020-11-18 00:00:00.000000;7017
INTELSAT LICENSE LLC;IS-30;1008136732;GEO;95 W;Ku;Descida ↓;12098;12122;24,00;Circular à direita (CR);05/01/2021;N;2020-11-18 00:00:00.000000;7017
INTELSAT LICENSE LLC;IS-30;1008136732;GEO;95 W;Ku;Subida ↑;13878;13914;36,00;Horizontal (H);05/01/2021;N;2020-11-18 00:00:00.000000;7017
INTELSAT LICENSE LLC;IS-30;1008136732;GEO;95 W;Ku;Subida ↑;13758;13794;36,00;Vertical (V);05/01/2021;N;2020-11-18 00:00:00.000000;7017
INTELSAT LICENSE LLC;IS-30;1008136732;GEO;95 W;Ku;Subida ↑;13838;13874;36,00;Horizontal (H);05/01/2021;N;2020-11-18 00:00:00.000000;7017
INTELSAT LICENSE LLC;IS-30;1008136732;GEO;95 W;Ku;Subida ↑;14132;14168;36,00;Horizontal (H);05/01/2021;N;2020-11-18 00:00:00.000000;7017
INTELSAT LICENSE LLC;IS-30;1008136732;GEO;95 W;Ku;Subida ↑;14458;14482;24,00;Vertical (V);05/01/2021;N;2020-11-18 00:00:00.000000;7017
INTELSAT LICENSE LLC;IS-30;1008136732;GEO;95 W;Ku;Subida ↑;13758;13794;36,00;Horizontal (H);05/01/2021;N;2020-11-18 00:00:00.000000;7017
INTELSAT LICENSE LLC;IS-30;1008136732;GEO;95 W;Ku;Subida ↑;14338;14362;24,00;Vertical (V);05/01/2021;N;2020-11-18 00:00:00.000000;7017
INTELSAT LICENSE LLC;IS-30;1008136732;GEO;95 W;Ku;Subida ↑;14353;14377;24,00;Horizontal (H);05/01/2021;N;2020-11-18 00:00:00.000000;7017
INTELSAT LICENSE LLC;IS-30;1008136732;GEO;95 W;Ku;Subida ↑;14208;14244;36,00;Vertical (V);05/01/2021;N;2020-11-18 00:00:00.000000;7017
INTELSAT LICENSE LLC;IS-30;1008136732;GEO;95 W;Ku;Subida ↑;14308;14332;24,00;Vertical (V);05/01/2021;N;2020-11-18 00:00:00.000000;7017
INTELSAT LICENSE LLC;IS-30;1008136732;GEO;95 W;Ku;Subida ↑;14088;14124;36,00;Vertical (V);05/01/2021;N;2020-11-18 00:00:00.000000;7017
INTELSAT LICENSE LLC;IS-30;1008136732;GEO;95 W;Ku;Subida ↑;14048;14084;36,00;Vertical (V);05/01/2021;N;2020-11-18 00:00:00.000000;7017
INTELSAT LICENSE LLC;IS-30;1008136732;GEO;95 W;Ku;Subida ↑;14443;14467;24,00;Horizontal (H);05/01/2021;N;2020-11-18 00:00:00.000000;7017
INTELSAT LICENSE LLC;IS-30;1008136732;GEO;95 W;Ku;Subida ↑;14428;14452;24,00;Vertical (V);05/01/2021;N;2020-11-18 00:00:00.000000;7017
INTELSAT LICENSE LLC;IS-30;1008136732;GEO;95 W;Ku;Descida ↓;11872;11908;36,00;Circular à esquerda (CL);05/01/2021;N;2020-11-18 00:00:00.000000;7017
INTELSAT LICENSE LLC;IS-30;1008136732;GEO;95 W;Ku;Subida ↑;14212;14248;36,00;Horizontal (H);05/01/2021;N;2020-11-18 00:00:00.000000;7017
INTELSAT LICENSE LLC;IS-30;1008136732;GEO;95 W;Ku;Descida ↓;11912;11948;36,00;Circular à esquerda (CL);05/01/2021;N;2020-11-18 00:00:00.000000;7017
INTELSAT LICENSE LLC;IS-30;1008136732;GEO;95 W;Ku;Subida ↑;13798;13834;36,00;Horizontal (H);05/01/2021;N;2020-11-18 00:00:00.000000;7017
INTELSAT LICENSE LLC;IS-30;1008136732;GEO;95 W;Ku;Subida ↑;14293;14317;24,00;Horizontal (H);05/01/2021;N;2020-11-18 00:00:00.000000;7017
INTELSAT LICENSE LLC;IS-30;1008136732;GEO;95 W;Ku;Subida ↑;14413;14437;24,00;Horizontal (H);05/01/2021;N;2020-11-18 00:00:00.000000;7017
INTELSAT LICENSE LLC;IS-30;1008136732;GEO;95 W;Ku;Descida ↓;11708;11744;36,00;Circular à direita (CR);05/01/2021;N;2020-11-18 00:00:00.000000;7017
INTELSAT LICENSE LLC;IS-30;1008136732;GEO;95 W;Ku;Subida ↑;14263;14287;24,00;Horizontal (H);05/01/2021;N;2020-11-18 00:00:00.000000;7017
INTELSAT LICENSE LLC;IS-30;1008136732;GEO;95 W;Ku;Descida ↓;11152;11188;36,00;Circular à direita (CR);05/01/2021;N;2020-11-18 00:00:00.000000;7017
INTELSAT LICENSE LLC;IS-30;1008136732;GEO;95 W;Ku;Subida ↑;14473;14497;24,00;Horizontal (H);05/01/2021;N;2020-11-18 00:00:00.000000;7017
INTELSAT LICENSE LLC;IS-30;1008136732;GEO;95 W;Ku;Subida ↑;14248;14272;24,00;Vertical (V);05/01/2021;N;2020-11-18 00:00:00.000000;7017
INTELSAT LICENSE LLC;IS-30;1008136732;GEO;95 W;Ku;Subida ↑;13918;13954;36,00;Horizontal (H);05/01/2021;N;2020-11-18 00:00:00.000000;7017
INTELSAT LICENSE LLC;IS-30;1008136732;GEO;95 W;Ku;Subida ↑;13958;13994;36,00;Horizontal (H);05/01/2021;N;2020-11-18 00:00:00.000000;7017
INTELSAT LICENSE LLC;IS-30;1008136732;GEO;95 W;Ku;Descida ↓;11868;11904;36,00;Circular à direita (CR);05/01/2021;N;2020-11-18 00:00:00.000000;7017
INTELSAT LICENSE LLC;IS-30;1008136732;GEO;95 W;Ku;Subida ↑;14172;14208;36,00;Horizontal (H);05/01/2021;N;2020-11-18 00:00:00.000000;7017
INTELSAT LICENSE LLC;IS-30;1008136732;GEO;95 W;Ku;Descida ↓;11908;11944;36,00;Circular à direita (CR);05/01/2021;N;2020-11-18 00:00:00.000000;7017
INTELSAT LICENSE LLC;IS-30;1008136732;GEO;95 W;Ku;Descida ↓;12068;12092;24,00;Circular à direita (CR);05/01/2021;N;2020-11-18 00:00:00.000000;7017
INTELSAT LICENSE LLC;IS-30;1008136732;GEO;95 W;Ku;Descida ↓;12053;12077;24,00;Circular à esquerda (CL);05/01/2021;N;2020-11-18 00:00:00.000000;7017
INTELSAT LICENSE LLC;IS-30;1008136732;GEO;95 W;Ku;Subida ↑;13958;13994;36,00;Vertical (V);05/01/2021;N;2020-11-18 00:00:00.000000;7017
INTELSAT LICENSE LLC;IS-30;1008136732;GEO;95 W;Ku;Descida ↓;11112;11148;36,00;Circular à esquerda (CL);05/01/2021;N;2020-11-18 00:00:00.000000;7017
INTELSAT LICENSE LLC;IS-30;1008136732;GEO;95 W;Ku;Descida ↓;11032;11068;36,00;Circular à esquerda (CL);05/01/2021;N;2020-11-18 00:00:00.000000;7017
INTELSAT LICENSE LLC;IS-30;1008136732;GEO;95 W;Ku;Subida ↑;13838;13874;36,00;Vertical (V);05/01/2021;N;2020-11-18 00:00:00.000000;7017
INTELSAT LICENSE LLC;IS-30;1008136732;GEO;95 W;Ku;Descida ↓;11752;11788;36,00;Circular à esquerda (CL);05/01/2021;N;2020-11-18 00:00:00.000000;7017
INTELSAT LICENSE LLC;IS-30;1008136732;GEO;95 W;Ku;Descida ↓;11792;11828;36,00;Circular à esquerda (CL);05/01/2021;N;2020-11-18 00:00:00.000000;7017
INTELSAT LICENSE LLC;IS-30;1008136732;GEO;95 W;Ku;Descida ↓;11072;11108;36,00;Circular à esquerda (CL);05/01/2021;N;2020-11-18 00:00:00.000000;7017
INTELSAT LICENSE LLC;IS-30;1008136732;GEO;95 W;Ku;Descida ↓;11712;11748;36,00;Circular à esquerda (CL);05/01/2021;N;2020-11-18 00:00:00.000000;7017
INTELSAT LICENSE LLC;IS-30;1008136732;GEO;95 W;Ku;Descida ↓;11152;11188;36,00;Circular à esquerda (CL);05/01/2021;N;2020-11-18 00:00:00.000000;7017
INTELSAT LICENSE LLC;IS-30;1008136732;GEO;95 W;Ku;Subida ↑;13878;13914;36,00;Vertical (V);05/01/2021;N;2020-11-18 00:00:00.000000;7017
INTELSAT LICENSE LLC;IS-30;1008136732;GEO;95 W;Ku;Subida ↑;14491;14499;8,00;Vertical (V);05/01/2021;N;2020-11-18 00:00:00.000000;7017
INTELSAT LICENSE LLC;IS-30;1008136732;GEO;95 W;Ku;Descida ↓;11832;11868;36,00;Circular à esquerda (CL);05/01/2021;N;2020-11-18 00:00:00.000000;7017
INTELSAT LICENSE LLC;IS-30;1008136732;GEO;95 W;Ku;Descida ↓;10952;10988;36,00;Circular à esquerda (CL);05/01/2021;N;2020-11-18 00:00:00.000000;7017
INTELSAT LICENSE LLC;IS-30;1008136732;GEO;95 W;Ku;Descida ↓;12143;12167;24,00;Circular à esquerda (CL);05/01/2021;N;2020-11-18 00:00:00.000000;7017
INTELSAT LICENSE LLC;IS-30;1008136732;GEO;95 W;Ku;Subida ↑;13918;13954;36,00;Vertical (V);05/01/2021;N;2020-11-18 00:00:00.000000;7017
INTELSAT LICENSE LLC;IS-30;1008136732;GEO;95 W;Ku;Descida ↓;11993;12017;24,00;Circular à esquerda (CL);05/01/2021;N;2020-11-18 00:00:00.000000;7017
INTELSAT LICENSE LLC;IS-30;1008136732;GEO;95 W;Ku;Descida ↓;12113;12137;24,00;Circular à esquerda (CL);05/01/2021;N;2020-11-18 00:00:00.000000;7017
INTELSAT LICENSE LLC;IS-30;1008136732;GEO;95 W;Ku;Descida ↓;12083;12107;24,00;Circular à esquerda (CL);05/01/2021;N;2020-11-18 00:00:00.000000;7017
INTELSAT LICENSE LLC;IS-30;1008136732;GEO;95 W;Ku;Descida ↓;10992;11028;36,00;Circular à esquerda (CL);05/01/2021;N;2020-11-18 00:00:00.000000;7017
INTELSAT LICENSE LLC;IS-30;1008136732;GEO;95 W;Ku;Descida ↓;12023;12047;24,00;Circular à esquerda (CL);05/01/2021;N;2020-11-18 00:00:00.000000;7017
INTELSAT LICENSE LLC;IS-30;1008136732;GEO;95 W;Ku;Descida ↓;11963;11987;24,00;Circular à esquerda (CL);05/01/2021;N;2020-11-18 00:00:00.000000;7017
INTELSAT LICENSE LLC;IS-34;1002105576;GEO;55,5 W;C;Subida ↑;6052;6088;36,00;Horizontal (H);08/11/2023;N;2023-08-23 00:00:00.000000;12508
INTELSAT LICENSE LLC;IS-34;1002105576;GEO;55,5 W;Ku;Descida ↓;11952;11988;36,00;Horizontal (H);08/11/2023;N;2023-08-23 00:00:00.000000;12508
INTELSAT LICENSE LLC;IS-34;1002105576;GEO;55,5 W;C;Subida ↑;5934;6006;72,00;Horizontal (H);08/11/2023;N;2023-08-23 00:00:00.000000;12508
INTELSAT LICENSE LLC;IS-34;1002105576;GEO;55,5 W;C;Descida ↓;3957;3993;36,00;Horizontal (H);08/11/2023;N;2023-08-23 00:00:00.000000;12508
INTELSAT LICENSE LLC;IS-34;1002105576;GEO;55,5 W;C;Descida ↓;3720;3781;61,00;Vertical (V);08/11/2023;N;2023-08-23 00:00:00.000000;12508
INTELSAT LICENSE LLC;IS-34;1002105576;GEO;55,5 W;C;Descida ↓;4037;4073;36,00;Horizontal (H);08/11/2023;N;2023-08-23 00:00:00.000000;12508
INTELSAT LICENSE LLC;IS-34;1002105576;GEO;55,5 W;C;Subida ↑;6382;6423;41,00;Horizontal (H);08/11/2023;N;2023-08-23 00:00:00.000000;12508
INTELSAT LICENSE LLC;IS-34;1002105576;GEO;55,5 W;C;Subida ↑;5934;6006;72,00;Vertical (V);08/11/2023;N;2023-08-23 00:00:00.000000;12508
INTELSAT LICENSE LLC;IS-34;1002105576;GEO;55,5 W;Ku;Descida ↓;12152;12188;36,00;Horizontal (H);08/11/2023;N;2023-08-23 00:00:00.000000;12508
INTELSAT LICENSE LLC;IS-34;1002105576;GEO;55,5 W;C;Subida ↑;6182;6218;36,00;Vertical (V);08/11/2023;N;2023-08-23 00:00:00.000000;12508
INTELSAT LICENSE LLC;IS-34;1002105576;GEO;55,5 W;C;Subida ↑;6382;6423;41,00;Vertical (V);08/11/2023;N;2023-08-23 00:00:00.000000;12508
INTELSAT LICENSE LLC;IS-34;1002105576;GEO;55,5 W;Ku;Descida ↓;12032;12068;36,00;Horizontal (H);08/11/2023;N;2023-08-23 00:00:00.000000;12508
INTELSAT LICENSE LLC;IS-34;1002105576;GEO;55,5 W;Ku;Descida ↓;11992;12028;36,00;Horizontal (H);08/11/2023;N;2023-08-23 00:00:00.000000;12508
INTELSAT LICENSE LLC;IS-34;1002105576;GEO;55,5 W;Ku;Descida ↓;12072;12108;36,00;Horizontal (H);08/11/2023;N;2023-08-23 00:00:00.000000;12508
INTELSAT LICENSE LLC;IS-34;1002105576;GEO;55,5 W;C;Subida ↑;6132;6168;36,00;Horizontal (H);08/11/2023;N;2023-08-23 00:00:00.000000;12508
INTELSAT LICENSE LLC;IS-34;1002105576;GEO;55,5 W;Ku;Descida ↓;11709;11781;72,00;Horizontal (H);08/11/2023;N;2023-08-23 00:00:00.000000;12508
INTELSAT LICENSE LLC;IS-34;1002105576;GEO;55,5 W;Ku;Descida ↓;11872;11908;36,00;Horizontal (H);08/11/2023;N;2023-08-23 00:00:00.000000;12508
INTELSAT LICENSE LLC;IS-34;1002105576;GEO;55,5 W;C;Subida ↑;6092;6128;36,00;Vertical (V);08/11/2023;N;2023-08-23 00:00:00.000000;12508
INTELSAT LICENSE LLC;IS-34;1002105576;GEO;55,5 W;C;Descida ↓;4117;4153;36,00;Horizontal (H);08/11/2023;N;2023-08-23 00:00:00.000000;12508
INTELSAT LICENSE LLC;IS-34;1002105576;GEO;55,5 W;C;Descida ↓;3997;4033;36,00;Horizontal (H);08/11/2023;N;2023-08-23 00:00:00.000000;12508
INTELSAT LICENSE LLC;IS-34;1002105576;GEO;55,5 W;Ku;Subida ↑;14292;14328;36,00;Vertical (V);08/11/2023;N;2023-08-23 00:00:00.000000;12508
INTELSAT LICENSE LLC;IS-34;1002105576;GEO;55,5 W;Ku;Subida ↑;14254;14326;72,00;Horizontal (H);08/11/2023;N;2023-08-23 00:00:00.000000;12508
INTELSAT LICENSE LLC;IS-34;1002105576;GEO;55,5 W;C;Subida ↑;6182;6218;36,00;Horizontal (H);08/11/2023;N;2023-08-23 00:00:00.000000;12508
INTELSAT LICENSE LLC;IS-34;1002105576;GEO;55,5 W;Ku;Subida ↑;14009;14081;72,00;Vertical (V);08/11/2023;N;2023-08-23 00:00:00.000000;12508
INTELSAT LICENSE LLC;IS-34;1002105576;GEO;55,5 W;Ku;Descida ↓;11709;11781;72,00;Vertical (V);08/11/2023;N;2023-08-23 00:00:00.000000;12508
INTELSAT LICENSE LLC;IS-34;1002105576;GEO;55,5 W;C;Subida ↑;6342;6378;36,00;Vertical (V);08/11/2023;N;2023-08-23 00:00:00.000000;12508
INTELSAT LICENSE LLC;IS-34;1002105576;GEO;55,5 W;C;Descida ↓;4157;4198;41,00;Vertical (V);08/11/2023;N;2023-08-23 00:00:00.000000;12508
INTELSAT LICENSE LLC;IS-34;1002105576;GEO;55,5 W;Ku;Subida ↑;14089;14161;72,00;Vertical (V);08/11/2023;N;2023-08-23 00:00:00.000000;12508
INTELSAT LICENSE LLC;IS-34;1002105576;GEO;55,5 W;C;Descida ↓;3867;3903;36,00;Vertical (V);08/11/2023;N;2023-08-23 00:00:00.000000;12508
INTELSAT LICENSE LLC;IS-34;1002105576;GEO;55,5 W;Ku;Descida ↓;11912;11948;36,00;Horizontal (H);08/11/2023;N;2023-08-23 00:00:00.000000;12508
INTELSAT LICENSE LLC;IS-34;1002105576;GEO;55,5 W;C;Subida ↑;6262;6298;36,00;Horizontal (H);08/11/2023;N;2023-08-23 00:00:00.000000;12508
INTELSAT LICENSE LLC;IS-34;1002105576;GEO;55,5 W;Ku;Subida ↑;14212;14248;36,00;Vertical (V);08/11/2023;N;2023-08-23 00:00:00.000000;12508
INTELSAT LICENSE LLC;IS-34;1002105576;GEO;55,5 W;C;Descida ↓;3907;3943;36,00;Horizontal (H);08/11/2023;N;2023-08-23 00:00:00.000000;12508
INTELSAT LICENSE LLC;IS-34;1002105576;GEO;55,5 W;C;Subida ↑;6222;6258;36,00;Vertical (V);08/11/2023;N;2023-08-23 00:00:00.000000;12508
INTELSAT LICENSE LLC;IS-34;1002105576;GEO;55,5 W;C;Descida ↓;3867;3903;36,00;Horizontal (H);08/11/2023;N;2023-08-23 00:00:00.000000;12508
INTELSAT LICENSE LLC;IS-34;1002105576;GEO;55,5 W;C;Descida ↓;3787;3823;36,00;Vertical (V);08/11/2023;N;2023-08-23 00:00:00.000000;12508
INTELSAT LICENSE LLC;IS-34;1002105576;GEO;55,5 W;C;Descida ↓;4117;4153;36,00;Vertical (V);08/11/2023;N;2023-08-23 00:00:00.000000;12508
INTELSAT LICENSE LLC;IS-34;1002105576;GEO;55,5 W;Ku;Descida ↓;11789;11861;72,00;Horizontal (H);08/11/2023;N;2023-08-23 00:00:00.000000;12508
INTELSAT LICENSE LLC;IS-34;1002105576;GEO;55,5 W;Ku;Subida ↑;14414;14486;72,00;Horizontal (H);08/11/2023;N;2023-08-23 00:00:00.000000;12508
INTELSAT LICENSE LLC;IS-34;1002105576;GEO;55,5 W;Ku;Subida ↑;14332;14368;36,00;Vertical (V);08/11/2023;N;2023-08-23 00:00:00.000000;12508
INTELSAT LICENSE LLC;IS-34;1002105576;GEO;55,5 W;Ku;Subida ↑;14372;14408;36,00;Vertical (V);08/11/2023;N;2023-08-23 00:00:00.000000;12508
INTELSAT LICENSE LLC;IS-34;1002105576;GEO;55,5 W;C;Descida ↓;4077;4113;36,00;Vertical (V);08/11/2023;N;2023-08-23 00:00:00.000000;12508
INTELSAT LICENSE LLC;IS-34;1002105576;GEO;55,5 W;Ku;Subida ↑;14252;14288;36,00;Vertical (V);08/11/2023;N;2023-08-23 00:00:00.000000;12508
INTELSAT LICENSE LLC;IS-34;1002105576;GEO;55,5 W;C;Descida ↓;3907;3943;36,00;Vertical (V);08/11/2023;N;2023-08-23 00:00:00.000000;12508
INTELSAT LICENSE LLC;IS-34;1002105576;GEO;55,5 W;C;Subida ↑;6302;6338;36,00;Horizontal (H);08/11/2023;N;2023-08-23 00:00:00.000000;12508
INTELSAT LICENSE LLC;IS-34;1002105576;GEO;55,5 W;C;Descida ↓;4157;4198;41,00;Horizontal (H);08/11/2023;N;2023-08-23 00:00:00.000000;12508
INTELSAT LICENSE LLC;IS-34;1002105576;GEO;55,5 W;C;Subida ↑;6302;6338;36,00;Vertical (V);08/11/2023;N;2023-08-23 00:00:00.000000;12508
INTELSAT LICENSE LLC;IS-34;1002105576;GEO;55,5 W;Ku;Subida ↑;14172;14208;36,00;Vertical (V);08/11/2023;N;2023-08-23 00:00:00.000000;12508
INTELSAT LICENSE LLC;IS-34;1002105576;GEO;55,5 W;C;Descida ↓;4037;4073;36,00;Vertical (V);08/11/2023;N;2023-08-23 00:00:00.000000;12508
INTELSAT LICENSE LLC;IS-34;1002105576;GEO;55,5 W;C;Descida ↓;3787;3823;36,00;Horizontal (H);08/11/2023;N;2023-08-23 00:00:00.000000;12508
INTELSAT LICENSE LLC;IS-34;1002105576;GEO;55,5 W;C;Subida ↑;6262;6298;36,00;Vertical (V);08/11/2023;N;2023-08-23 00:00:00.000000;12508
INTELSAT LICENSE LLC;IS-34;1002105576;GEO;55,5 W;C;Descida ↓;3957;3993;36,00;Vertical (V);08/11/2023;N;2023-08-23 00:00:00.000000;12508
INTELSAT LICENSE LLC;IS-34;1002105576;GEO;55,5 W;Ku;Subida ↑;14452;14488;36,00;Vertical (V);08/11/2023;N;2023-08-23 00:00:00.000000;12508
INTELSAT LICENSE LLC;IS-34;1002105576;GEO;55,5 W;C;Subida ↑;6012;6048;36,00;Vertical (V);08/11/2023;N;2023-08-23 00:00:00.000000;12508
INTELSAT LICENSE LLC;IS-34;1002105576;GEO;55,5 W;Ku;Descida ↓;12112;12148;36,00;Horizontal (H);08/11/2023;N;2023-08-23 00:00:00.000000;12508
INTELSAT LICENSE LLC;IS-34;1002105576;GEO;55,5 W;C;Subida ↑;6342;6378;36,00;Horizontal (H);08/11/2023;N;2023-08-23 00:00:00.000000;12508
INTELSAT LICENSE LLC;IS-34;1002105576;GEO;55,5 W;C;Descida ↓;4077;4113;36,00;Horizontal (H);08/11/2023;N;2023-08-23 00:00:00.000000;12508
INTELSAT LICENSE LLC;IS-34;1002105576;GEO;55,5 W;C;Subida ↑;6132;6168;36,00;Vertical (V);08/11/2023;N;2023-08-23 00:00:00.000000;12508
INTELSAT LICENSE LLC;IS-34;1002105576;GEO;55,5 W;C;Descida ↓;3720;3781;61,00;Horizontal (H);08/11/2023;N;2023-08-23 00:00:00.000000;12508
INTELSAT LICENSE LLC;IS-34;1002105576;GEO;55,5 W;Ku;Descida ↓;11869;11941;72,00;Vertical (V);08/11/2023;N;2023-08-23 00:00:00.000000;12508
INTELSAT LICENSE LLC;IS-34;1002105576;GEO;55,5 W;C;Subida ↑;6012;6048;36,00;Horizontal (H);08/11/2023;N;2023-08-23 00:00:00.000000;12508
INTELSAT LICENSE LLC;IS-34;1002105576;GEO;55,5 W;C;Descida ↓;3997;4033;36,00;Vertical (V);08/11/2023;N;2023-08-23 00:00:00.000000;12508
INTELSAT LICENSE LLC;IS-34;1002105576;GEO;55,5 W;Ku;Subida ↑;14412;14448;36,00;Vertical (V);08/11/2023;N;2023-08-23 00:00:00.000000;12508
INTELSAT LICENSE LLC;IS-34;1002105576;GEO;55,5 W;C;Subida ↑;6222;6258;36,00;Horizontal (H);08/11/2023;N;2023-08-23 00:00:00.000000;12508
INTELSAT LICENSE LLC;IS-34;1002105576;GEO;55,5 W;C;Descida ↓;3827;3863;36,00;Horizontal (H);08/11/2023;N;2023-08-23 00:00:00.000000;12508
INTELSAT LICENSE LLC;IS-34;1002105576;GEO;55,5 W;C;Subida ↑;6052;6088;36,00;Vertical (V);08/11/2023;N;2023-08-23 00:00:00.000000;12508
INTELSAT LICENSE LLC;IS-34;1002105576;GEO;55,5 W;C;Descida ↓;3827;3863;36,00;Vertical (V);08/11/2023;N;2023-08-23 00:00:00.000000;12508
INTELSAT LICENSE LLC;IS-34;1002105576;GEO;55,5 W;C;Subida ↑;6092;6128;36,00;Horizontal (H);08/11/2023;N;2023-08-23 00:00:00.000000;12508
INTELSAT LICENSE LLC;IS-34;1002105576;GEO;55,5 W;Ku;Descida ↓;11789;11861;72,00;Vertical (V);08/11/2023;N;2023-08-23 00:00:00.000000;12508
INTELSAT LICENSE LLC;IS-34;1002105576;GEO;55,5 W;Ku;Subida ↑;14334;14406;72,00;Horizontal (H);08/11/2023;N;2023-08-23 00:00:00.000000;12508
INTELSAT LICENSE LLC;IS-35e;1005092335;GEO;34,5 W;C;Subida ↑;5855,19;6217,17;362,00;Circular à esquerda (CL);09/09/2025;N;2025-06-26 00:00:00.000000;7100
INTELSAT LICENSE LLC;IS-35e;1005092335;GEO;34,5 W;C;Descida ↓;3720;3992,17;272,00;Circular à esquerda (CL);09/09/2025;N;2025-06-26 00:00:00.000000;7100
INTELSAT LICENSE LLC;IS-35e;1005092335;GEO;34,5 W;C;Descida ↓;3992,175;4192,17;200,00;Circular à esquerda (CL);09/09/2025;N;2025-06-26 00:00:00.000000;7100
INTELSAT LICENSE LLC;IS-35e;1005092335;GEO;34,5 W;C;Subida ↑;6217,175;6417,175;200,00;Circular à esquerda (CL);09/09/2025;N;2025-06-26 00:00:00.000000;7100
INTELSAT LICENSE LLC;IS-35e;1005092335;GEO;34,5 W;C;Subida ↑;5855,195;6217,17;362,00;Circular à direita (CR);09/09/2025;N;2025-06-26 00:00:00.000000;7100
INTELSAT LICENSE LLC;IS-35e;1005092335;GEO;34,5 W;C;Descida ↓;3992,175;4192,17;200,00;Circular à direita (CR);09/09/2025;N;2025-06-26 00:00:00.000000;7100
INTELSAT LICENSE LLC;IS-35e;1005092335;GEO;34,5 W;C;Descida ↓;3720;3992,17;272,00;Circular à direita (CR);09/09/2025;N;2025-06-26 00:00:00.000000;7100
INTELSAT LICENSE LLC;IS-35e;1005092335;GEO;34,5 W;C;Subida ↑;6217,175;6417,175;200,00;Circular à direita (CR);09/09/2025;N;2025-06-26 00:00:00.000000;7100
INTELSAT LICENSE LLC;IS-37e;1007533932;GEO;18 W;C;Descida ↓;4103,629557;4147,900391;44,00;Circular à esquerda (CL);29/01/2026;N;2025-12-08 00:00:00.000000;18875
INTELSAT LICENSE LLC;IS-37e;1007533932;GEO;18 W;Ku;Subida ↑;14315,0879;14374,9837;60,00;Vertical (V);29/01/2026;N;2025-12-08 00:00:00.000000;18875
INTELSAT LICENSE LLC;IS-37e;1007533932;GEO;18 W;Ku;Subida ↑;14005,1921;14124,9837;120,00;Horizontal (H);29/01/2026;N;2025-12-08 00:00:00.000000;18875
TELESAT BRASIL CAPACIDADE DE SATÉLITES LTDA;Telstar 19 Vantage;1007130676;GEO;63 W;Ku;Subida ↑;14208;14244;36,00;Horizontal (H);27/12/2023;N;2023-11-17 00:00:00.000000;16127
INTELSAT LICENSE LLC;IS-37e;1007533932;GEO;18 W;Ku;Subida ↑;14374,9837;14434,8796;60,00;Horizontal (H);29/01/2026;N;2025-12-08 00:00:00.000000;18875
INTELSAT LICENSE LLC;IS-37e;1007533932;GEO;18 W;Ku;Subida ↑;14005,1921;14184,8796;180,00;Vertical (V);29/01/2026;N;2025-12-08 00:00:00.000000;18875
INTELSAT LICENSE LLC;IS-37e;1007533932;GEO;18 W;Ku(AP30B);Subida ↑;13005,1921;13244,7754;240,00;Horizontal (H);29/01/2026;N;2025-12-08 00:00:00.000000;18875
INTELSAT LICENSE LLC;IS-37e;1007533932;GEO;18 W;Ku;Subida ↑;14374,9837;14494,7754;120,00;Horizontal (H);29/01/2026;N;2025-12-08 00:00:00.000000;18875
INTELSAT LICENSE LLC;IS-37e;1007533932;GEO;18 W;C;Descida ↓;4147,900391;4192,171224;44,00;Circular à esquerda (CL);29/01/2026;N;2025-12-08 00:00:00.000000;18875
INTELSAT LICENSE LLC;IS-37e;1007533932;GEO;18 W;Ku;Subida ↑;14374,9837;14494,7754;120,00;Vertical (V);29/01/2026;N;2025-12-08 00:00:00.000000;18875
INTELSAT LICENSE LLC;IS-37e;1007533932;GEO;18 W;Ku;Descida ↓;11460,4004;11580,1921;120,00;Horizontal (H);29/01/2026;N;2025-12-08 00:00:00.000000;18875
INTELSAT LICENSE LLC;IS-37e;1007533932;GEO;18 W;Ku;Descida ↓;11824,9837;11944,7754;120,00;Vertical (V);29/01/2026;N;2025-12-08 00:00:00.000000;18875
INTELSAT LICENSE LLC;IS-37e;1007533932;GEO;18 W;C;Subida ↑;6331,233724;6417,171224;86,00;Circular à direita (CR);29/01/2026;N;2025-12-08 00:00:00.000000;18875
INTELSAT LICENSE LLC;IS-37e;1007533932;GEO;18 W;C;Descida ↓;3720;3783,837891;64,00;Circular à direita (CR);29/01/2026;N;2025-12-08 00:00:00.000000;18875
INTELSAT LICENSE LLC;IS-37e;1007533932;GEO;18 W;Ku;Subida ↑;13755,1921;13994,7754;240,00;Horizontal (H);29/01/2026;N;2025-12-08 00:00:00.000000;18875
INTELSAT LICENSE LLC;IS-37e;1007533932;GEO;18 W;Ku;Descida ↓;11520,2962;11699,9837;180,00;Horizontal (H);29/01/2026;N;2025-12-08 00:00:00.000000;18875
INTELSAT LICENSE LLC;IS-37e;1007533932;GEO;18 W;C;Subida ↑;5857,796224;6092,171224;234,00;Circular à direita (CR);29/01/2026;N;2025-12-08 00:00:00.000000;18875
INTELSAT LICENSE LLC;IS-37e;1007533932;GEO;18 W;C;Descida ↓;4147,900391;4192,171224;44,00;Circular à direita (CR);29/01/2026;N;2025-12-08 00:00:00.000000;18875
INTELSAT LICENSE LLC;IS-37e;1007533932;GEO;18 W;Ku;Subida ↑;14184,8796;14244,7754;60,00;Horizontal (H);29/01/2026;N;2025-12-08 00:00:00.000000;18875
INTELSAT LICENSE LLC;IS-37e;1007533932;GEO;18 W;Ku;Descida ↓;11585,4004;11765,0879;180,00;Horizontal (H);29/01/2026;N;2025-12-08 00:00:00.000000;18875
INTELSAT LICENSE LLC;IS-37e;1007533932;GEO;18 W;Ku;Subida ↑;14124,9837;14244,7754;120,00;Horizontal (H);29/01/2026;N;2025-12-08 00:00:00.000000;18875
INTELSAT LICENSE LLC;IS-37e;1007533932;GEO;18 W;Ku;Descida ↓;11705,1921;11944,7754;240,00;Vertical (V);29/01/2026;N;2025-12-08 00:00:00.000000;18875
INTELSAT LICENSE LLC;IS-37e;1007533932;GEO;18 W;C;Descida ↓;3720;3783,837891;64,00;Circular à esquerda (CL);29/01/2026;N;2025-12-08 00:00:00.000000;18875
INTELSAT LICENSE LLC;IS-37e;1007533932;GEO;18 W;C;Descida ↓;3783,837891;3864,567057;81,00;Circular à esquerda (CL);29/01/2026;N;2025-12-08 00:00:00.000000;18875
INTELSAT LICENSE LLC;IS-37e;1007533932;GEO;18 W;Ku(AP30B);Descida ↓;11205,1921;11444,7754;240,00;Vertical (V);29/01/2026;N;2025-12-08 00:00:00.000000;18875
INTELSAT LICENSE LLC;IS-37e;1007533932;GEO;18 W;Ku;Descida ↓;11069,7754;11189,5671;120,00;Vertical (V);29/01/2026;N;2025-12-08 00:00:00.000000;18875
INTELSAT LICENSE LLC;IS-37e;1007533932;GEO;18 W;Ku;Descida ↓;11129,6712;11189,5671;60,00;Vertical (V);29/01/2026;N;2025-12-08 00:00:00.000000;18875
INTELSAT LICENSE LLC;IS-37e;1007533932;GEO;18 W;mais de uma banda;Descida ↓;10949,9837;11189,5671;240,00;Horizontal (H);29/01/2026;N;2025-12-08 00:00:00.000000;18875
INTELSAT LICENSE LLC;IS-37e;1007533932;GEO;18 W;Ku;Descida ↓;11460,4004;11640,0879;180,00;Vertical (V);29/01/2026;N;2025-12-08 00:00:00.000000;18875
INTELSAT LICENSE LLC;IS-37e;1007533932;GEO;18 W;Ku;Descida ↓;11705,1921;11824,9837;120,00;Vertical (V);29/01/2026;N;2025-12-08 00:00:00.000000;18875
INTELSAT LICENSE LLC;IS-37e;1007533932;GEO;18 W;Ku;Subida ↑;14255,1921;14374,9837;120,00;Horizontal (H);29/01/2026;N;2025-12-08 00:00:00.000000;18875
INTELSAT LICENSE LLC;IS-37e;1007533932;GEO;18 W;C;Descida ↓;4103,629557;4147,900391;44,00;Circular à direita (CR);29/01/2026;N;2025-12-08 00:00:00.000000;18875
INTELSAT LICENSE LLC;IS-37e;1007533932;GEO;18 W;mais de uma banda;Descida ↓;10949,9837;11129,6712;180,00;Vertical (V);29/01/2026;N;2025-12-08 00:00:00.000000;18875
INTELSAT LICENSE LLC;IS-37e;1007533932;GEO;18 W;Ku;Descida ↓;11765,0879;11944,7754;180,00;Horizontal (H);29/01/2026;N;2025-12-08 00:00:00.000000;18875
INTELSAT LICENSE LLC;IS-37e;1007533932;GEO;18 W;C;Subida ↑;6331,233724;6417,171224;86,00;Circular à esquerda (CL);29/01/2026;N;2025-12-08 00:00:00.000000;18875
INTELSAT LICENSE LLC;IS-37e;1007533932;GEO;18 W;C;Subida ↑;5857,796224;6092,171224;234,00;Circular à esquerda (CL);29/01/2026;N;2025-12-08 00:00:00.000000;18875
INTELSAT LICENSE LLC;IS-37e;1007533932;GEO;18 W;Ku;Descida ↓;11460,4004;11580,1921;120,00;Vertical (V);29/01/2026;N;2025-12-08 00:00:00.000000;18875
INTELSAT LICENSE LLC;IS-37e;1007533932;GEO;18 W;C;Descida ↓;3783,837891;3864,567057;81,00;Circular à direita (CR);29/01/2026;N;2025-12-08 00:00:00.000000;18875
INTELSAT LICENSE LLC;IS-37e;1007533932;GEO;18 W;Ku;Subida ↑;14190,0879;14309,8796;120,00;Vertical (V);29/01/2026;N;2025-12-08 00:00:00.000000;18875
WORLDVU SATELLITES LIMITED;Sistema Oneweb;1014513410;NGEO; ;Ka;Subida ↑;28600;29100;500,00;Circular à esquerda (CL);22/05/2026;N;2022-07-15 00:00:00.000000;10495
WORLDVU SATELLITES LIMITED;Sistema Oneweb;1014513410;NGEO; ;Ka;Subida ↑;29500;30000;500,00;Circular à direita (CR);22/05/2026;N;2022-07-15 00:00:00.000000;10495
IRIDIUM SATELLITE LLC;Sistema Iridium;688912907;NGEO; ;L;Subida ↑;1617,775;1626,5;9,00;Circular à direita (CR);27/05/2026;N;2018-03-15 00:00:00.000000;1817
WORLDVU SATELLITES LIMITED;Sistema Oneweb;1014513410;NGEO; ;Ku;Subida ↑;14000;14500;500,00;Circular à esquerda (CL);22/05/2026;N;2022-07-15 00:00:00.000000;10495
WORLDVU SATELLITES LIMITED;Sistema Oneweb;1014513410;NGEO; ;Ka;Subida ↑;29500;30000;500,00;Circular à esquerda (CL);22/05/2026;N;2022-07-15 00:00:00.000000;10495
WORLDVU SATELLITES LIMITED;Sistema Oneweb;1014513410;NGEO; ;Ku;Descida ↓;10700;12700;2000,00;Circular à direita (CR);22/05/2026;N;2022-07-15 00:00:00.000000;10495
VIASAT INCORPORATED’s;ViaSat-3 (89W);1015018243;GEO;89 W;Ka;Descida ↓;17700;20200;2500,00;Circular à esquerda (CL);06/10/2023;2036-10-22 00:00:00.000000;2021-10-20 00:00:00.000000;9307
IRIDIUM SATELLITE LLC;Sistema Iridium;688912907;NGEO; ;L;Descida ↓;1617,775;1626,5;9,00;Circular à direita (CR);27/05/2026;N;2018-03-15 00:00:00.000000;1817
KEPLER COMMUNICATIONS INC.;Sistema Kepler;1015624399;NGEO; ;Ku;Descida ↓;10700;12700;2000,00;Circular (C);27/08/2025;N;2022-03-22 00:00:00.000000;4163
KEPLER COMMUNICATIONS INC.;Sistema Kepler;1015624399;NGEO; ;Ku;Subida ↑;14000;14500;500,00;Circular (C);27/08/2025;N;2022-03-22 00:00:00.000000;4163
KEPLER COMMUNICATIONS INC.;Sistema Kepler;1015624399;NGEO; ;S;Descida ↓;2483,5;2500;17,00;Circular (C);27/08/2025;N;2022-03-22 00:00:00.000000;4163
KEPLER COMMUNICATIONS INC.;Sistema Kepler;1015624399;NGEO; ;L;Subida ↑;1610;1625;15,00;Circular (C);27/08/2025;N;2022-03-22 00:00:00.000000;4163
KINÉIS SAS;Sistema Argos-4A;1017059656;NGEO; ;UHF;Subida ↑;399,9;400,05;0,00;Horizontal (H);07/11/2025;N;2024-04-29 00:00:00.000000;6142
KINÉIS SAS;Sistema Argos-4A;1017059656;NGEO; ;UHF;Subida ↑;399,9;400,05;0,00;Vertical (V);07/11/2025;N;2024-04-29 00:00:00.000000;6142
KINÉIS SAS;Sistema Kinéis;1017059621;NGEO; ;UHF;Descida ↓;400,15;401;1,00;Vertical (V);07/11/2025;N;2024-01-29 00:00:00.000000;773
KINÉIS SAS;Sistema Kinéis;1017059621;NGEO; ;UHF;Subida ↑;399,9;400,05;0,00;Vertical (V);07/11/2025;N;2024-01-29 00:00:00.000000;773
KINÉIS SAS;Sistema Kinéis;1017059621;NGEO; ;UHF;Descida ↓;400,15;401;1,00;Horizontal (H);07/11/2025;N;2024-01-29 00:00:00.000000;773
KINÉIS SAS;Sistema Kinéis;1017059621;NGEO; ;UHF;Subida ↑;399,9;400,05;0,00;Horizontal (H);07/11/2025;N;2024-01-29 00:00:00.000000;773
Kuiper Systems LLC;Sistema Kuiper;1016901680;NGEO; ;Ka;Descida ↓;17700;18600;900,00;Circular à esquerda (CL);03/10/2025;N;2022-12-16 00:00:00.000000;16983
Kuiper Systems LLC;Sistema Kuiper;1016901680;NGEO; ;Ka;Descida ↓;18800;20200;1400,00;Circular à esquerda (CL);03/10/2025;N;2022-12-16 00:00:00.000000;16983
Kuiper Systems LLC;Sistema Kuiper;1016901680;NGEO; ;Ka;Subida ↑;27500;30000;2500,00;Circular à esquerda (CL);03/10/2025;N;2022-12-16 00:00:00.000000;16983
Kuiper Systems LLC;Sistema Kuiper;1016901680;NGEO; ;Ka;Subida ↑;27500;30000;2500,00;Circular à direita (CR);03/10/2025;N;2022-12-16 00:00:00.000000;16983
Kuiper Systems LLC;Sistema Kuiper;1016901680;NGEO; ;Ka;Descida ↓;18800;20200;1400,00;Circular à direita (CR);03/10/2025;N;2022-12-16 00:00:00.000000;16983
Kuiper Systems LLC;Sistema Kuiper;1016901680;NGEO; ;Ka;Descida ↓;17700;18600;900,00;Circular à direita (CR);03/10/2025;N;2022-12-16 00:00:00.000000;16983
MYRIOTA PTY. LTD.;Sistema Myriota;1016735348;NGEO; ;UHF;Descida ↓;400,15;401;1,00;Horizontal (H);30/07/2025;N;2025-02-03 00:00:00.000000;1678
MYRIOTA PTY. LTD.;Sistema Myriota;1016735348;NGEO; ;UHF;Subida ↑;399,9;400,05;0,00;Vertical (V);30/07/2025;N;2025-02-03 00:00:00.000000;1678
MYRIOTA PTY. LTD.;Sistema Myriota;1016735348;NGEO; ;UHF;Subida ↑;399,9;400,05;0,00;Horizontal (H);30/07/2025;N;2025-02-03 00:00:00.000000;1678
MYRIOTA PTY. LTD.;Sistema Myriota;1016735348;NGEO; ;UHF;Descida ↓;400,15;401;1,00;Vertical (V);30/07/2025;N;2025-02-03 00:00:00.000000;1678
NEW SKIES SATELLITES B.V.;SES-4;697141047;GEO;22 W;Ku;Descida ↓;11084;11138;54,00;Horizontal (H);21/11/2017;2029-06-30 00:00:00.000000;2014-06-16 00:00:00.000000;6003
NEW SKIES SATELLITES B.V.;SES-4;697141047;GEO;22 W;Ku;Descida ↓;11705;11767;62,00;Vertical (V);21/11/2017;2029-06-30 00:00:00.000000;2014-06-16 00:00:00.000000;6003
NEW SKIES SATELLITES B.V.;SES-4;697141047;GEO;22 W;C;Descida ↓;3626;3698;72,00;Circular à esquerda (CL);21/11/2017;2029-06-30 00:00:00.000000;2014-06-16 00:00:00.000000;6003
NEW SKIES SATELLITES B.V.;SES-4;697141047;GEO;22 W;C;Subida ↑;6387;6423;36,00;Circular à esquerda (CL);21/11/2017;2029-06-30 00:00:00.000000;2014-06-16 00:00:00.000000;6003
NEW SKIES SATELLITES B.V.;SES-4;697141047;GEO;22 W;Ku;Descida ↓;11144;11198;54,00;Horizontal (H);21/11/2017;2029-06-30 00:00:00.000000;2014-06-16 00:00:00.000000;6003
NEW SKIES SATELLITES B.V.;SES-4;697141047;GEO;22 W;Ku;Subida ↑;14314;14368;54,00;Horizontal (H);21/11/2017;2029-06-30 00:00:00.000000;2014-06-16 00:00:00.000000;6003
NEW SKIES SATELLITES B.V.;SES-4;697141047;GEO;22 W;C;Descida ↓;4042;4078;36,00;Circular à esquerda (CL);21/11/2017;2029-06-30 00:00:00.000000;2014-06-16 00:00:00.000000;6003
NEW SKIES SATELLITES B.V.;SES-4;697141047;GEO;22 W;Ku;Subida ↑;14254;14308;54,00;Vertical (V);21/11/2017;2029-06-30 00:00:00.000000;2014-06-16 00:00:00.000000;6003
NEW SKIES SATELLITES B.V.;SES-4;697141047;GEO;22 W;C;Descida ↓;3962;3998;36,00;Circular à esquerda (CL);21/11/2017;2029-06-30 00:00:00.000000;2014-06-16 00:00:00.000000;6003
NEW SKIES SATELLITES B.V.;SES-4;697141047;GEO;22 W;Ku;Subida ↑;14074;14128;54,00;Horizontal (H);21/11/2017;2029-06-30 00:00:00.000000;2014-06-16 00:00:00.000000;6003
NEW SKIES SATELLITES B.V.;SES-4;697141047;GEO;22 W;Ku;Descida ↓;11024;11078;54,00;Horizontal (H);21/11/2017;2029-06-30 00:00:00.000000;2014-06-16 00:00:00.000000;6003
NEW SKIES SATELLITES B.V.;SES-4;697141047;GEO;22 W;Ku;Descida ↓;12134;12188;54,00;Horizontal (H);21/11/2017;2029-06-30 00:00:00.000000;2014-06-16 00:00:00.000000;6003
NEW SKIES SATELLITES B.V.;SES-4;697141047;GEO;22 W;C;Descida ↓;3626;3698;72,00;Circular à direita (CR);21/11/2017;2029-06-30 00:00:00.000000;2014-06-16 00:00:00.000000;6003
NEW SKIES SATELLITES B.V.;SES-4;697141047;GEO;22 W;Ku;Subida ↑;14374;14428;54,00;Horizontal (H);21/11/2017;2029-06-30 00:00:00.000000;2014-06-16 00:00:00.000000;6003
NEW SKIES SATELLITES B.V.;SES-4;697141047;GEO;22 W;Ku;Subida ↑;14194;14248;54,00;Vertical (V);21/11/2017;2029-06-30 00:00:00.000000;2014-06-16 00:00:00.000000;6003
NEW SKIES SATELLITES B.V.;SES-4;697141047;GEO;22 W;Ku;Descida ↓;11834;11888;54,00;Horizontal (H);21/11/2017;2029-06-30 00:00:00.000000;2014-06-16 00:00:00.000000;6003
TELESAT BRASIL CAPACIDADE DE SATÉLITES LTDA;Telstar 19 Vantage;1007130676;GEO;63 W;Ku;Descida ↓;12081,75;12194,25;113,00;Horizontal (H);27/12/2023;N;2016-02-24 00:00:00.000000;50474
NEW SKIES SATELLITES B.V.;SES-4;697141047;GEO;22 W;C;Descida ↓;4002;4038;36,00;Circular à esquerda (CL);21/11/2017;2029-06-30 00:00:00.000000;2014-06-16 00:00:00.000000;6003
NEW SKIES SATELLITES B.V.;SES-4;697141047;GEO;22 W;Ku;Descida ↓;12074;12128;54,00;Horizontal (H);21/11/2017;2029-06-30 00:00:00.000000;2014-06-16 00:00:00.000000;6003
NEW SKIES SATELLITES B.V.;SES-4;697141047;GEO;22 W;Ku;Descida ↓;11774;11828;54,00;Horizontal (H);21/11/2017;2029-06-30 00:00:00.000000;2014-06-16 00:00:00.000000;6003
NEW SKIES SATELLITES B.V.;SES-4;697141047;GEO;22 W;Ku;Descida ↓;12014;12068;54,00;Horizontal (H);21/11/2017;2029-06-30 00:00:00.000000;2014-06-16 00:00:00.000000;6003
NEW SKIES SATELLITES B.V.;SES-4;697141047;GEO;22 W;C;Subida ↑;6129;6183;54,00;Circular à esquerda (CL);21/11/2017;2029-06-30 00:00:00.000000;2014-06-16 00:00:00.000000;6003
NEW SKIES SATELLITES B.V.;SES-4;697141047;GEO;22 W;Ku;Descida ↓;11894;11948;54,00;Horizontal (H);21/11/2017;2029-06-30 00:00:00.000000;2014-06-16 00:00:00.000000;6003
NEW SKIES SATELLITES B.V.;SES-4;697141047;GEO;22 W;Ku;Subida ↑;14134;14188;54,00;Horizontal (H);21/11/2017;2029-06-30 00:00:00.000000;2014-06-16 00:00:00.000000;6003
NEW SKIES SATELLITES B.V.;SES-4;697141047;GEO;22 W;Ku;Descida ↓;11954;12008;54,00;Horizontal (H);21/11/2017;2029-06-30 00:00:00.000000;2014-06-16 00:00:00.000000;6003
NEW SKIES SATELLITES B.V.;SES-4;697141047;GEO;22 W;Ku;Subida ↑;14254;14308;54,00;Horizontal (H);21/11/2017;2029-06-30 00:00:00.000000;2014-06-16 00:00:00.000000;6003
NEW SKIES SATELLITES B.V.;SES-4;697141047;GEO;22 W;Ku;Descida ↓;11954;12008;54,00;Vertical (V);21/11/2017;2029-06-30 00:00:00.000000;2014-06-16 00:00:00.000000;6003
NEW SKIES SATELLITES B.V.;SES-4;697141047;GEO;22 W;Ku;Descida ↓;12074;12128;54,00;Vertical (V);21/11/2017;2029-06-30 00:00:00.000000;2014-06-16 00:00:00.000000;6003
NEW SKIES SATELLITES B.V.;SES-4;697141047;GEO;22 W;Ku;Subida ↑;14005;14067;62,00;Vertical (V);21/11/2017;2029-06-30 00:00:00.000000;2014-06-16 00:00:00.000000;6003
NEW SKIES SATELLITES B.V.;SES-4;697141047;GEO;22 W;C;Subida ↑;6249;6303;54,00;Circular à esquerda (CL);21/11/2017;2029-06-30 00:00:00.000000;2014-06-16 00:00:00.000000;6003
NEW SKIES SATELLITES B.V.;SES-4;697141047;GEO;22 W;Ku;Subida ↑;14434;14488;54,00;Vertical (V);21/11/2017;2029-06-30 00:00:00.000000;2014-06-16 00:00:00.000000;6003
NEW SKIES SATELLITES B.V.;SES-4;697141047;GEO;22 W;Ku;Subida ↑;14434;14488;54,00;Horizontal (H);21/11/2017;2029-06-30 00:00:00.000000;2014-06-16 00:00:00.000000;6003
NEW SKIES SATELLITES B.V.;SES-4;697141047;GEO;22 W;Ku;Subida ↑;14005;14067;62,00;Horizontal (H);21/11/2017;2029-06-30 00:00:00.000000;2014-06-16 00:00:00.000000;6003
NEW SKIES SATELLITES B.V.;SES-4;697141047;GEO;22 W;Ku;Descida ↓;12014;12068;54,00;Vertical (V);21/11/2017;2029-06-30 00:00:00.000000;2014-06-16 00:00:00.000000;6003
NEW SKIES SATELLITES B.V.;SES-4;697141047;GEO;22 W;Ku;Subida ↑;14194;14248;54,00;Horizontal (H);21/11/2017;2029-06-30 00:00:00.000000;2014-06-16 00:00:00.000000;6003
NEW SKIES SATELLITES B.V.;SES-4;697141047;GEO;22 W;Ku;Descida ↓;11705;11767;62,00;Horizontal (H);21/11/2017;2029-06-30 00:00:00.000000;2014-06-16 00:00:00.000000;6003
NEW SKIES SATELLITES B.V.;SES-4;697141047;GEO;22 W;C;Descida ↓;3705;3777;72,00;Circular à direita (CR);21/11/2017;2029-06-30 00:00:00.000000;2014-06-16 00:00:00.000000;6003
NEW SKIES SATELLITES B.V.;SES-4;697141047;GEO;22 W;Ku;Subida ↑;14374;14428;54,00;Vertical (V);21/11/2017;2029-06-30 00:00:00.000000;2014-06-16 00:00:00.000000;6003
NEW SKIES SATELLITES B.V.;SES-4;697141047;GEO;22 W;C;Subida ↑;5851;5923;72,00;Circular à esquerda (CL);21/11/2017;2029-06-30 00:00:00.000000;2014-06-16 00:00:00.000000;6003
NEW SKIES SATELLITES B.V.;SES-4;697141047;GEO;22 W;C;Subida ↑;6069;6123;54,00;Circular à esquerda (CL);21/11/2017;2029-06-30 00:00:00.000000;2014-06-16 00:00:00.000000;6003
NEW SKIES SATELLITES B.V.;SES-4;697141047;GEO;22 W;C;Descida ↓;3844;3898;54,00;Circular à esquerda (CL);21/11/2017;2029-06-30 00:00:00.000000;2014-06-16 00:00:00.000000;6003
NEW SKIES SATELLITES B.V.;SES-4;697141047;GEO;22 W;C;Descida ↓;3964;4018;54,00;Circular à direita (CR);21/11/2017;2029-06-30 00:00:00.000000;2014-06-16 00:00:00.000000;6003
NEW SKIES SATELLITES B.V.;SES-4;697141047;GEO;22 W;Ku;Subida ↑;14134;14188;54,00;Vertical (V);21/11/2017;2029-06-30 00:00:00.000000;2014-06-16 00:00:00.000000;6003
NEW SKIES SATELLITES B.V.;SES-4;697141047;GEO;22 W;C;Subida ↑;5930;6002;72,00;Circular à esquerda (CL);21/11/2017;2029-06-30 00:00:00.000000;2014-06-16 00:00:00.000000;6003
NEW SKIES SATELLITES B.V.;SES-4;697141047;GEO;22 W;Ku;Subida ↑;14314;14368;54,00;Vertical (V);21/11/2017;2029-06-30 00:00:00.000000;2014-06-16 00:00:00.000000;6003
NEW SKIES SATELLITES B.V.;SES-4;697141047;GEO;22 W;C;Descida ↓;4140;4158;18,00;Circular à esquerda (CL);21/11/2017;2029-06-30 00:00:00.000000;2017-09-14 00:00:00.000000;12224
NEW SKIES SATELLITES B.V.;SES-4;697141047;GEO;22 W;Ku;Descida ↓;11774;11828;54,00;Vertical (V);21/11/2017;2029-06-30 00:00:00.000000;2014-06-16 00:00:00.000000;6003
NEW SKIES SATELLITES B.V.;SES-4;697141047;GEO;22 W;Ku;Descida ↓;11894;11948;54,00;Vertical (V);21/11/2017;2029-06-30 00:00:00.000000;2014-06-16 00:00:00.000000;6003
NEW SKIES SATELLITES B.V.;SES-4;697141047;GEO;22 W;Ku;Descida ↓;11834;11888;54,00;Vertical (V);21/11/2017;2029-06-30 00:00:00.000000;2014-06-16 00:00:00.000000;6003
NEW SKIES SATELLITES B.V.;SES-4;697141047;GEO;22 W;C;Subida ↑;6189;6243;54,00;Circular à esquerda (CL);21/11/2017;2029-06-30 00:00:00.000000;2014-06-16 00:00:00.000000;6003
NEW SKIES SATELLITES B.V.;SES-4;697141047;GEO;22 W;C;Descida ↓;3705;3777;72,00;Circular à esquerda (CL);21/11/2017;2029-06-30 00:00:00.000000;2014-06-16 00:00:00.000000;6003
NEW SKIES SATELLITES B.V.;SES-4;697141047;GEO;22 W;C;Subida ↑;6187;6223;36,00;Circular à direita (CR);21/11/2017;2029-06-30 00:00:00.000000;2014-06-16 00:00:00.000000;6003
NEW SKIES SATELLITES B.V.;SES-4;697141047;GEO;22 W;C;Subida ↑;6009;6063;54,00;Circular à esquerda (CL);21/11/2017;2029-06-30 00:00:00.000000;2014-06-16 00:00:00.000000;6003
NEW SKIES SATELLITES B.V.;SES-4;697141047;GEO;22 W;C;Descida ↓;3904;3958;54,00;Circular à esquerda (CL);21/11/2017;2029-06-30 00:00:00.000000;2014-06-16 00:00:00.000000;6003
NEW SKIES SATELLITES B.V.;SES-4;697141047;GEO;22 W;C;Descida ↓;3784;3838;54,00;Circular à esquerda (CL);21/11/2017;2029-06-30 00:00:00.000000;2014-06-16 00:00:00.000000;6003
NEW SKIES SATELLITES B.V.;SES-4;697141047;GEO;22 W;C;Subida ↑;6267;6303;36,00;Circular à direita (CR);21/11/2017;2029-06-30 00:00:00.000000;2014-06-16 00:00:00.000000;6003
NEW SKIES SATELLITES B.V.;SES-4;697141047;GEO;22 W;C;Subida ↑;5930;6002;72,00;Circular à direita (CR);21/11/2017;2029-06-30 00:00:00.000000;2014-06-16 00:00:00.000000;6003
NEW SKIES SATELLITES B.V.;SES-4;697141047;GEO;22 W;C;Subida ↑;6069;6123;54,00;Circular à direita (CR);21/11/2017;2029-06-30 00:00:00.000000;2014-06-16 00:00:00.000000;6003
NEW SKIES SATELLITES B.V.;SES-4;697141047;GEO;22 W;C;Subida ↑;6365;6383;18,00;Circular à direita (CR);21/11/2017;2029-06-30 00:00:00.000000;2017-09-14 00:00:00.000000;12224
NEW SKIES SATELLITES B.V.;SES-4;697141047;GEO;22 W;C;Descida ↓;4162;4198;36,00;Circular à direita (CR);21/11/2017;2029-06-30 00:00:00.000000;2014-06-16 00:00:00.000000;6003
NEW SKIES SATELLITES B.V.;SES-4;697141047;GEO;22 W;C;Subida ↑;5851;5923;72,00;Circular à direita (CR);21/11/2017;2029-06-30 00:00:00.000000;2014-06-16 00:00:00.000000;6003
NEW SKIES SATELLITES B.V.;SES-4;697141047;GEO;22 W;C;Subida ↑;6129;6183;54,00;Circular à direita (CR);21/11/2017;2029-06-30 00:00:00.000000;2014-06-16 00:00:00.000000;6003
NEW SKIES SATELLITES B.V.;SES-4;697141047;GEO;22 W;Ku;Descida ↓;12134;12188;54,00;Vertical (V);21/11/2017;2029-06-30 00:00:00.000000;2014-06-16 00:00:00.000000;6003
NEW SKIES SATELLITES B.V.;SES-4;697141047;GEO;22 W;C;Subida ↑;6227;6263;36,00;Circular à direita (CR);21/11/2017;2029-06-30 00:00:00.000000;2014-06-16 00:00:00.000000;6003
NEW SKIES SATELLITES B.V.;SES-4;697141047;GEO;22 W;C;Subida ↑;6009;6063;54,00;Circular à direita (CR);21/11/2017;2029-06-30 00:00:00.000000;2014-06-16 00:00:00.000000;6003
NEW SKIES SATELLITES B.V.;SES-4;697141047;GEO;22 W;C;Descida ↓;4024;4078;54,00;Circular à direita (CR);21/11/2017;2029-06-30 00:00:00.000000;2014-06-16 00:00:00.000000;6003
NEW SKIES SATELLITES B.V.;SES-6;699109302;GEO;40,5 W;Ku;Subida ↑;13872;13908;36,00;Vertical (V);21/11/2017;2028-06-03 00:00:00.000000;2013-06-03 00:00:00.000000;3126
NEW SKIES SATELLITES B.V.;SES-6;699109302;GEO;40,5 W;Ku;Descida ↓;11502;11538;36,00;Vertical (V);21/11/2017;2028-06-03 00:00:00.000000;2013-06-03 00:00:00.000000;3126
NEW SKIES SATELLITES B.V.;SES-6;699109302;GEO;40,5 W;Ku;Descida ↓;11963;12017;54,00;Vertical (V);21/11/2017;2028-06-03 00:00:00.000000;2013-06-03 00:00:00.000000;3126
NEW SKIES SATELLITES B.V.;SES-6;699109302;GEO;40,5 W;Ku;Descida ↓;12023;12077;54,00;Vertical (V);21/11/2017;2028-06-03 00:00:00.000000;2013-06-03 00:00:00.000000;3126
NEW SKIES SATELLITES B.V.;SES-6;699109302;GEO;40,5 W;Ku;Descida ↓;11783;11837;54,00;Vertical (V);21/11/2017;2028-06-03 00:00:00.000000;2013-06-03 00:00:00.000000;3126
NEW SKIES SATELLITES B.V.;SES-6;699109302;GEO;40,5 W;Ku;Descida ↓;11542;11578;36,00;Vertical (V);21/11/2017;2028-06-03 00:00:00.000000;2013-06-03 00:00:00.000000;3126
NEW SKIES SATELLITES B.V.;SES-6;699109302;GEO;40,5 W;Ku;Descida ↓;11662;11698;36,00;Vertical (V);21/11/2017;2028-06-03 00:00:00.000000;2013-06-03 00:00:00.000000;3126
NEW SKIES SATELLITES B.V.;SES-6;699109302;GEO;40,5 W;Ku;Subida ↑;14193;14247;54,00;Vertical (V);21/11/2017;2028-06-03 00:00:00.000000;2013-06-03 00:00:00.000000;3126
NEW SKIES SATELLITES B.V.;SES-6;699109302;GEO;40,5 W;Ku;Descida ↓;12083;12137;54,00;Horizontal (H);21/11/2017;2028-06-03 00:00:00.000000;2013-06-03 00:00:00.000000;3126
NEW SKIES SATELLITES B.V.;SES-6;699109302;GEO;40,5 W;Ku;Subida ↑;14433;14487;54,00;Horizontal (H);21/11/2017;2028-06-03 00:00:00.000000;2013-06-03 00:00:00.000000;3126
NEW SKIES SATELLITES B.V.;SES-6;699109302;GEO;40,5 W;Ku;Subida ↑;14373;14427;54,00;Horizontal (H);21/11/2017;2028-06-03 00:00:00.000000;2013-06-03 00:00:00.000000;3126
NEW SKIES SATELLITES B.V.;SES-6;699109302;GEO;40,5 W;Ku;Descida ↓;12143;12197;54,00;Horizontal (H);21/11/2017;2028-06-03 00:00:00.000000;2013-06-03 00:00:00.000000;3126
NEW SKIES SATELLITES B.V.;SES-6;699109302;GEO;40,5 W;Ku;Descida ↓;11843;11897;54,00;Vertical (V);21/11/2017;2028-06-03 00:00:00.000000;2013-06-03 00:00:00.000000;3126
NEW SKIES SATELLITES B.V.;SES-6;699109302;GEO;40,5 W;Ku;Descida ↓;11582;11618;36,00;Vertical (V);21/11/2017;2028-06-03 00:00:00.000000;2013-06-03 00:00:00.000000;3126
NEW SKIES SATELLITES B.V.;SES-6;699109302;GEO;40,5 W;Ku;Subida ↑;14013;14067;54,00;Vertical (V);21/11/2017;2028-06-03 00:00:00.000000;2013-06-03 00:00:00.000000;3126
NEW SKIES SATELLITES B.V.;SES-6;699109302;GEO;40,5 W;Ku;Subida ↑;13792;13828;36,00;Vertical (V);21/11/2017;2028-06-03 00:00:00.000000;2013-06-03 00:00:00.000000;3126
NEW SKIES SATELLITES B.V.;SES-6;699109302;GEO;40,5 W;Ku;Subida ↑;13912;13948;36,00;Vertical (V);21/11/2017;2028-06-03 00:00:00.000000;2013-06-03 00:00:00.000000;3126
NEW SKIES SATELLITES B.V.;SES-6;699109302;GEO;40,5 W;Ku;Descida ↓;12023;12077;54,00;Horizontal (H);21/11/2017;2028-06-03 00:00:00.000000;2013-06-03 00:00:00.000000;3126
NEW SKIES SATELLITES B.V.;SES-6;699109302;GEO;40,5 W;Ku;Subida ↑;14373;14427;54,00;Vertical (V);21/11/2017;2028-06-03 00:00:00.000000;2013-06-03 00:00:00.000000;3126
NEW SKIES SATELLITES B.V.;SES-6;699109302;GEO;40,5 W;Ku;Subida ↑;14133;14187;54,00;Vertical (V);21/11/2017;2028-06-03 00:00:00.000000;2013-06-03 00:00:00.000000;3126
NEW SKIES SATELLITES B.V.;SES-6;699109302;GEO;40,5 W;Ku;Descida ↓;11903;11957;54,00;Vertical (V);21/11/2017;2028-06-03 00:00:00.000000;2013-06-03 00:00:00.000000;3126
NEW SKIES SATELLITES B.V.;SES-6;699109302;GEO;40,5 W;Ku;Subida ↑;13832;13868;36,00;Vertical (V);21/11/2017;2028-06-03 00:00:00.000000;2013-06-03 00:00:00.000000;3126
NEW SKIES SATELLITES B.V.;SES-6;699109302;GEO;40,5 W;Ku;Descida ↓;11462;11498;36,00;Vertical (V);21/11/2017;2028-06-03 00:00:00.000000;2013-06-03 00:00:00.000000;3126
NEW SKIES SATELLITES B.V.;SES-6;699109302;GEO;40,5 W;Ku;Descida ↓;12143;12197;54,00;Vertical (V);21/11/2017;2028-06-03 00:00:00.000000;2013-06-03 00:00:00.000000;3126
NEW SKIES SATELLITES B.V.;SES-6;699109302;GEO;40,5 W;Ku;Descida ↓;11963;12017;54,00;Horizontal (H);21/11/2017;2028-06-03 00:00:00.000000;2013-06-03 00:00:00.000000;3126
NEW SKIES SATELLITES B.V.;SES-6;699109302;GEO;40,5 W;Ku;Descida ↓;12083;12137;54,00;Vertical (V);21/11/2017;2028-06-03 00:00:00.000000;2013-06-03 00:00:00.000000;3126
NEW SKIES SATELLITES B.V.;SES-6;699109302;GEO;40,5 W;Ku;Subida ↑;14073;14127;54,00;Vertical (V);21/11/2017;2028-06-03 00:00:00.000000;2013-06-03 00:00:00.000000;3126
NEW SKIES SATELLITES B.V.;SES-6;699109302;GEO;40,5 W;Ku;Subida ↑;13952;13988;36,00;Vertical (V);21/11/2017;2028-06-03 00:00:00.000000;2013-06-03 00:00:00.000000;3126
NEW SKIES SATELLITES B.V.;SES-6;699109302;GEO;40,5 W;Ku;Descida ↓;11723;11777;54,00;Vertical (V);21/11/2017;2028-06-03 00:00:00.000000;2013-06-03 00:00:00.000000;3126
NEW SKIES SATELLITES B.V.;SES-6;699109302;GEO;40,5 W;Ku;Subida ↑;13752;13788;36,00;Vertical (V);21/11/2017;2028-06-03 00:00:00.000000;2013-06-03 00:00:00.000000;3126
NEW SKIES SATELLITES B.V.;SES-6;699109302;GEO;40,5 W;Ku;Subida ↑;14253;14307;54,00;Vertical (V);21/11/2017;2028-06-03 00:00:00.000000;2013-06-03 00:00:00.000000;3126
NEW SKIES SATELLITES B.V.;SES-6;699109302;GEO;40,5 W;Ku;Descida ↓;11622;11658;36,00;Vertical (V);21/11/2017;2028-06-03 00:00:00.000000;2013-06-03 00:00:00.000000;3126
NEW SKIES SATELLITES B.V.;SES-6;699109302;GEO;40,5 W;Ku;Subida ↑;14313;14367;54,00;Vertical (V);21/11/2017;2028-06-03 00:00:00.000000;2013-06-03 00:00:00.000000;3126
NEW SKIES SATELLITES B.V.;SES-6;699109302;GEO;40,5 W;C;Subida ↑;6222;6258;36,00;Circular à esquerda (CL);21/11/2017;2028-06-03 00:00:00.000000;2013-06-03 00:00:00.000000;3126
NEW SKIES SATELLITES B.V.;SES-6;699109302;GEO;40,5 W;C;Descida ↓;3665;3701;36,00;Circular à esquerda (CL);21/11/2017;2028-06-03 00:00:00.000000;2013-06-03 00:00:00.000000;3126
NEW SKIES SATELLITES B.V.;SES-6;699109302;GEO;40,5 W;C(AP30B);Descida ↓;4743;4797;54,00;Circular à esquerda (CL);21/11/2017;2028-06-03 00:00:00.000000;2013-12-19 00:00:00.000000;7684
NEW SKIES SATELLITES B.V.;SES-6;699109302;GEO;40,5 W;C;Descida ↓;3745;3781;36,00;Circular à esquerda (CL);21/11/2017;2028-06-03 00:00:00.000000;2013-06-03 00:00:00.000000;3126
NEW SKIES SATELLITES B.V.;SES-6;699109302;GEO;40,5 W;C;Descida ↓;3705;3741;36,00;Circular à direita (CR);21/11/2017;2028-06-03 00:00:00.000000;2013-06-03 00:00:00.000000;3126
NEW SKIES SATELLITES B.V.;SES-6;699109302;GEO;40,5 W;C;Descida ↓;3865;3901;36,00;Circular à direita (CR);21/11/2017;2028-06-03 00:00:00.000000;2013-06-03 00:00:00.000000;3126
NEW SKIES SATELLITES B.V.;SES-6;699109302;GEO;40,5 W;C;Descida ↓;3959;3993;34,00;Circular à esquerda (CL);21/11/2017;2028-06-03 00:00:00.000000;2013-06-03 00:00:00.000000;3126
NEW SKIES SATELLITES B.V.;SES-6;699109302;GEO;40,5 W;C(AP30B);Descida ↓;4623;4677;54,00;Circular à esquerda (CL);21/11/2017;2028-06-03 00:00:00.000000;2013-12-19 00:00:00.000000;7684
NEW SKIES SATELLITES B.V.;SES-6;699109302;GEO;40,5 W;C;Descida ↓;3745;3781;36,00;Circular à direita (CR);21/11/2017;2028-06-03 00:00:00.000000;2013-06-03 00:00:00.000000;3126
NEW SKIES SATELLITES B.V.;SES-6;699109302;GEO;40,5 W;C;Subida ↑;6184;6218;34,00;Circular à esquerda (CL);21/11/2017;2028-06-03 00:00:00.000000;2013-06-03 00:00:00.000000;3126
NEW SKIES SATELLITES B.V.;SES-6;699109302;GEO;40,5 W;Ku;Subida ↑;13792;13828;36,00;Horizontal (H);21/11/2017;2028-06-03 00:00:00.000000;2013-06-03 00:00:00.000000;3126
NEW SKIES SATELLITES B.V.;SES-6;699109302;GEO;40,5 W;C;Subida ↑;6848;6902;54,00;Circular à esquerda (CL);21/11/2017;2028-06-03 00:00:00.000000;2013-12-19 00:00:00.000000;7684
NEW SKIES SATELLITES B.V.;SES-6;699109302;GEO;40,5 W;Ku;Subida ↑;13872;13908;36,00;Horizontal (H);21/11/2017;2028-06-03 00:00:00.000000;2013-06-03 00:00:00.000000;3126
NEW SKIES SATELLITES B.V.;SES-6;699109302;GEO;40,5 W;C;Descida ↓;4117;4153;36,00;Circular à esquerda (CL);21/11/2017;2028-06-03 00:00:00.000000;2013-06-03 00:00:00.000000;3126
NEW SKIES SATELLITES B.V.;SES-6;699109302;GEO;40,5 W;C;Descida ↓;3905;3941;36,00;Circular à direita (CR);21/11/2017;2028-06-03 00:00:00.000000;2013-06-03 00:00:00.000000;3126
NEW SKIES SATELLITES B.V.;SES-6;699109302;GEO;40,5 W;C;Descida ↓;3997;4033;36,00;Circular à esquerda (CL);21/11/2017;2028-06-03 00:00:00.000000;2013-06-03 00:00:00.000000;3126
NEW SKIES SATELLITES B.V.;SES-6;699109302;GEO;40,5 W;C;Descida ↓;3825;3861;36,00;Circular à direita (CR);21/11/2017;2028-06-03 00:00:00.000000;2013-06-03 00:00:00.000000;3126
NEW SKIES SATELLITES B.V.;SES-6;699109302;GEO;40,5 W;C(AP30B);Descida ↓;4683;4737;54,00;Circular à direita (CR);21/11/2017;2028-06-03 00:00:00.000000;2013-12-19 00:00:00.000000;7684
NEW SKIES SATELLITES B.V.;SES-6;699109302;GEO;40,5 W;C;Descida ↓;4037;4073;36,00;Circular à direita (CR);21/11/2017;2028-06-03 00:00:00.000000;2013-06-03 00:00:00.000000;3126
NEW SKIES SATELLITES B.V.;SES-6;699109302;GEO;40,5 W;C;Subida ↑;6728;6782;54,00;Circular à direita (CR);21/11/2017;2028-06-03 00:00:00.000000;2013-12-19 00:00:00.000000;7684
NEW SKIES SATELLITES B.V.;SES-6;699109302;GEO;40,5 W;C;Subida ↑;5850;5886;36,00;Circular à direita (CR);21/11/2017;2028-06-03 00:00:00.000000;2013-06-03 00:00:00.000000;3126
NEW SKIES SATELLITES B.V.;SES-6;699109302;GEO;40,5 W;C;Descida ↓;3997;4033;36,00;Circular à direita (CR);21/11/2017;2028-06-03 00:00:00.000000;2013-06-03 00:00:00.000000;3126
NEW SKIES SATELLITES B.V.;SES-6;699109302;GEO;40,5 W;C;Descida ↓;4157;4198;41,00;Circular à direita (CR);21/11/2017;2028-06-03 00:00:00.000000;2013-06-03 00:00:00.000000;3126
NEW SKIES SATELLITES B.V.;SES-6;699109302;GEO;40,5 W;C(AP30B);Descida ↓;4503;4557;54,00;Circular à direita (CR);21/11/2017;2028-06-03 00:00:00.000000;2013-12-19 00:00:00.000000;7684
NEW SKIES SATELLITES B.V.;SES-6;699109302;GEO;40,5 W;C;Descida ↓;4077;4113;36,00;Circular à direita (CR);21/11/2017;2028-06-03 00:00:00.000000;2013-06-03 00:00:00.000000;3126
NEW SKIES SATELLITES B.V.;SES-6;699109302;GEO;40,5 W;C(AP30B);Descida ↓;4563;4617;54,00;Circular à direita (CR);21/11/2017;2028-06-03 00:00:00.000000;2013-12-19 00:00:00.000000;7684
NEW SKIES SATELLITES B.V.;SES-6;699109302;GEO;40,5 W;C;Descida ↓;3785;3821;36,00;Circular à esquerda (CL);21/11/2017;2028-06-03 00:00:00.000000;2013-06-03 00:00:00.000000;3126
NEW SKIES SATELLITES B.V.;SES-6;699109302;GEO;40,5 W;C;Subida ↑;6302;6338;36,00;Circular à direita (CR);21/11/2017;2028-06-03 00:00:00.000000;2013-06-03 00:00:00.000000;3126
NEW SKIES SATELLITES B.V.;SES-6;699109302;GEO;40,5 W;C;Descida ↓;3665;3701;36,00;Circular à direita (CR);21/11/2017;2028-06-03 00:00:00.000000;2013-06-03 00:00:00.000000;3126
NEW SKIES SATELLITES B.V.;SES-6;699109302;GEO;40,5 W;C;Subida ↑;6222;6258;36,00;Circular à direita (CR);21/11/2017;2028-06-03 00:00:00.000000;2013-06-03 00:00:00.000000;3126
NEW SKIES SATELLITES B.V.;SES-6;699109302;GEO;40,5 W;C;Descida ↓;4117;4153;36,00;Circular à direita (CR);21/11/2017;2028-06-03 00:00:00.000000;2013-06-03 00:00:00.000000;3126
NEW SKIES SATELLITES B.V.;SES-6;699109302;GEO;40,5 W;C;Descida ↓;3625;3661;36,00;Circular à direita (CR);21/11/2017;2028-06-03 00:00:00.000000;2013-06-03 00:00:00.000000;3126
NEW SKIES SATELLITES B.V.;SES-6;699109302;GEO;40,5 W;C(AP30B);Descida ↓;4623;4677;54,00;Circular à direita (CR);21/11/2017;2028-06-03 00:00:00.000000;2013-12-19 00:00:00.000000;7684
NEW SKIES SATELLITES B.V.;SES-6;699109302;GEO;40,5 W;C;Subida ↑;6908;6962;54,00;Circular à direita (CR);21/11/2017;2028-06-03 00:00:00.000000;2013-12-19 00:00:00.000000;7684
NEW SKIES SATELLITES B.V.;SES-6;699109302;GEO;40,5 W;C;Subida ↑;6342;6378;36,00;Circular à direita (CR);21/11/2017;2028-06-03 00:00:00.000000;2013-06-03 00:00:00.000000;3126
NEW SKIES SATELLITES B.V.;SES-6;699109302;GEO;40,5 W;C;Subida ↑;6262;6298;36,00;Circular à direita (CR);21/11/2017;2028-06-03 00:00:00.000000;2013-06-03 00:00:00.000000;3126
NEW SKIES SATELLITES B.V.;SES-6;699109302;GEO;40,5 W;Ku;Subida ↑;14313;14367;54,00;Horizontal (H);21/11/2017;2028-06-03 00:00:00.000000;2013-06-03 00:00:00.000000;3126
NEW SKIES SATELLITES B.V.;SES-6;699109302;GEO;40,5 W;Ku;Descida ↓;11542;11578;36,00;Horizontal (H);21/11/2017;2028-06-03 00:00:00.000000;2013-06-03 00:00:00.000000;3126
NEW SKIES SATELLITES B.V.;SES-6;699109302;GEO;40,5 W;Ku;Subida ↑;14193;14247;54,00;Horizontal (H);21/11/2017;2028-06-03 00:00:00.000000;2013-06-03 00:00:00.000000;3126
NEW SKIES SATELLITES B.V.;SES-6;699109302;GEO;40,5 W;Ku;Subida ↑;14073;14127;54,00;Horizontal (H);21/11/2017;2028-06-03 00:00:00.000000;2013-06-03 00:00:00.000000;3126
NEW SKIES SATELLITES B.V.;SES-6;699109302;GEO;40,5 W;Ku;Subida ↑;13912;13948;36,00;Horizontal (H);21/11/2017;2028-06-03 00:00:00.000000;2013-06-03 00:00:00.000000;3126
NEW SKIES SATELLITES B.V.;SES-6;699109302;GEO;40,5 W;Ku;Descida ↓;11582;11618;36,00;Horizontal (H);21/11/2017;2028-06-03 00:00:00.000000;2013-06-03 00:00:00.000000;3126
NEW SKIES SATELLITES B.V.;SES-6;699109302;GEO;40,5 W;C;Subida ↑;5930;5966;36,00;Circular à direita (CR);21/11/2017;2028-06-03 00:00:00.000000;2013-06-03 00:00:00.000000;3126
NEW SKIES SATELLITES B.V.;SES-6;699109302;GEO;40,5 W;Ku;Subida ↑;13832;13868;36,00;Horizontal (H);21/11/2017;2028-06-03 00:00:00.000000;2013-06-03 00:00:00.000000;3126
NEW SKIES SATELLITES B.V.;SES-6;699109302;GEO;40,5 W;Ku;Descida ↓;11622;11658;36,00;Horizontal (H);21/11/2017;2028-06-03 00:00:00.000000;2013-06-03 00:00:00.000000;3126
NEW SKIES SATELLITES B.V.;SES-6;699109302;GEO;40,5 W;C;Subida ↑;6010;6046;36,00;Circular à direita (CR);21/11/2017;2028-06-03 00:00:00.000000;2013-06-03 00:00:00.000000;3126
NEW SKIES SATELLITES B.V.;SES-6;699109302;GEO;40,5 W;C;Subida ↑;6050;6086;36,00;Circular à direita (CR);21/11/2017;2028-06-03 00:00:00.000000;2013-06-03 00:00:00.000000;3126
NEW SKIES SATELLITES B.V.;SES-6;699109302;GEO;40,5 W;C;Subida ↑;6090;6126;36,00;Circular à direita (CR);21/11/2017;2028-06-03 00:00:00.000000;2013-06-03 00:00:00.000000;3126
NEW SKIES SATELLITES B.V.;SES-6;699109302;GEO;40,5 W;C;Subida ↑;6968;7022;54,00;Circular à direita (CR);21/11/2017;2028-06-03 00:00:00.000000;2013-12-19 00:00:00.000000;7684
NEW SKIES SATELLITES B.V.;SES-6;699109302;GEO;40,5 W;C;Subida ↑;5890;5926;36,00;Circular à direita (CR);21/11/2017;2028-06-03 00:00:00.000000;2013-06-03 00:00:00.000000;3126
NEW SKIES SATELLITES B.V.;SES-6;699109302;GEO;40,5 W;C;Subida ↑;6184;6218;34,00;Circular à direita (CR);21/11/2017;2028-06-03 00:00:00.000000;2013-06-03 00:00:00.000000;3126
NEW SKIES SATELLITES B.V.;SES-6;699109302;GEO;40,5 W;C;Subida ↑;5970;6006;36,00;Circular à direita (CR);21/11/2017;2028-06-03 00:00:00.000000;2013-06-03 00:00:00.000000;3126
NEW SKIES SATELLITES B.V.;SES-6;699109302;GEO;40,5 W;C;Descida ↓;3959;3993;34,00;Circular à direita (CR);21/11/2017;2028-06-03 00:00:00.000000;2013-06-03 00:00:00.000000;3126
NEW SKIES SATELLITES B.V.;SES-6;699109302;GEO;40,5 W;C;Subida ↑;6130;6166;36,00;Circular à direita (CR);21/11/2017;2028-06-03 00:00:00.000000;2013-06-03 00:00:00.000000;3126
NEW SKIES SATELLITES B.V.;SES-6;699109302;GEO;40,5 W;C;Subida ↑;6382;6423;41,00;Circular à direita (CR);21/11/2017;2028-06-03 00:00:00.000000;2013-06-03 00:00:00.000000;3126
NEW SKIES SATELLITES B.V.;SES-6;699109302;GEO;40,5 W;C;Subida ↑;6848;6902;54,00;Circular à direita (CR);21/11/2017;2028-06-03 00:00:00.000000;2013-12-19 00:00:00.000000;7684
NEW SKIES SATELLITES B.V.;SES-6;699109302;GEO;40,5 W;C;Subida ↑;6262;6298;36,00;Circular à esquerda (CL);21/11/2017;2028-06-03 00:00:00.000000;2013-06-03 00:00:00.000000;3126
NEW SKIES SATELLITES B.V.;SES-6;699109302;GEO;40,5 W;C;Descida ↓;3825;3861;36,00;Circular à esquerda (CL);21/11/2017;2028-06-03 00:00:00.000000;2013-06-03 00:00:00.000000;3126
NEW SKIES SATELLITES B.V.;SES-6;699109302;GEO;40,5 W;Ku;Descida ↓;11662;11698;36,00;Horizontal (H);21/11/2017;2028-06-03 00:00:00.000000;2013-06-03 00:00:00.000000;3126
NEW SKIES SATELLITES B.V.;SES-6;699109302;GEO;40,5 W;C;Descida ↓;3865;3901;36,00;Circular à esquerda (CL);21/11/2017;2028-06-03 00:00:00.000000;2013-06-03 00:00:00.000000;3126
NEW SKIES SATELLITES B.V.;SES-6;699109302;GEO;40,5 W;C(AP30B);Descida ↓;4503;4557;54,00;Circular à esquerda (CL);21/11/2017;2028-06-03 00:00:00.000000;2013-12-19 00:00:00.000000;7684
NEW SKIES SATELLITES B.V.;SES-6;699109302;GEO;40,5 W;Ku;Subida ↑;14253;14307;54,00;Horizontal (H);21/11/2017;2028-06-03 00:00:00.000000;2013-06-03 00:00:00.000000;3126
NEW SKIES SATELLITES B.V.;SES-6;699109302;GEO;40,5 W;Ku;Subida ↑;14133;14187;54,00;Horizontal (H);21/11/2017;2028-06-03 00:00:00.000000;2013-06-03 00:00:00.000000;3126
NEW SKIES SATELLITES B.V.;SES-6;699109302;GEO;40,5 W;C(AP30B);Descida ↓;4683;4737;54,00;Circular à esquerda (CL);21/11/2017;2028-06-03 00:00:00.000000;2013-12-19 00:00:00.000000;7684
NEW SKIES SATELLITES B.V.;SES-6;699109302;GEO;40,5 W;C(AP30B);Descida ↓;4563;4617;54,00;Circular à esquerda (CL);21/11/2017;2028-06-03 00:00:00.000000;2013-12-19 00:00:00.000000;7684
NEW SKIES SATELLITES B.V.;SES-6;699109302;GEO;40,5 W;Ku;Descida ↓;11903;11957;54,00;Horizontal (H);21/11/2017;2028-06-03 00:00:00.000000;2013-06-03 00:00:00.000000;3126
NEW SKIES SATELLITES B.V.;SES-6;699109302;GEO;40,5 W;Ku;Subida ↑;14013;14067;54,00;Horizontal (H);21/11/2017;2028-06-03 00:00:00.000000;2013-06-03 00:00:00.000000;3126
NEW SKIES SATELLITES B.V.;SES-6;699109302;GEO;40,5 W;Ku;Descida ↓;11462;11498;36,00;Horizontal (H);21/11/2017;2028-06-03 00:00:00.000000;2013-06-03 00:00:00.000000;3126
NEW SKIES SATELLITES B.V.;SES-6;699109302;GEO;40,5 W;Ku;Descida ↓;11502;11538;36,00;Horizontal (H);21/11/2017;2028-06-03 00:00:00.000000;2013-06-03 00:00:00.000000;3126
NEW SKIES SATELLITES B.V.;SES-6;699109302;GEO;40,5 W;Ku;Subida ↑;13752;13788;36,00;Horizontal (H);21/11/2017;2028-06-03 00:00:00.000000;2013-06-03 00:00:00.000000;3126
NEW SKIES SATELLITES B.V.;SES-6;699109302;GEO;40,5 W;Ku;Descida ↓;11843;11897;54,00;Horizontal (H);21/11/2017;2028-06-03 00:00:00.000000;2013-06-03 00:00:00.000000;3126
NEW SKIES SATELLITES B.V.;SES-6;699109302;GEO;40,5 W;Ku;Subida ↑;13952;13988;36,00;Horizontal (H);21/11/2017;2028-06-03 00:00:00.000000;2013-06-03 00:00:00.000000;3126
NEW SKIES SATELLITES B.V.;SES-6;699109302;GEO;40,5 W;Ku;Descida ↓;11783;11837;54,00;Horizontal (H);21/11/2017;2028-06-03 00:00:00.000000;2013-06-03 00:00:00.000000;3126
NEW SKIES SATELLITES B.V.;SES-6;699109302;GEO;40,5 W;Ku;Descida ↓;11723;11777;54,00;Horizontal (H);21/11/2017;2028-06-03 00:00:00.000000;2013-06-03 00:00:00.000000;3126
NEW SKIES SATELLITES B.V.;SES-6;699109302;GEO;40,5 W;C;Subida ↑;5850;5886;36,00;Circular à esquerda (CL);21/11/2017;2028-06-03 00:00:00.000000;2013-06-03 00:00:00.000000;3126
NEW SKIES SATELLITES B.V.;SES-6;699109302;GEO;40,5 W;C;Descida ↓;3705;3741;36,00;Circular à esquerda (CL);21/11/2017;2028-06-03 00:00:00.000000;2013-06-03 00:00:00.000000;3126
NEW SKIES SATELLITES B.V.;SES-6;699109302;GEO;40,5 W;C;Subida ↑;6788;6842;54,00;Circular à direita (CR);21/11/2017;2028-06-03 00:00:00.000000;2013-12-19 00:00:00.000000;7684
NEW SKIES SATELLITES B.V.;SES-6;699109302;GEO;40,5 W;C;Subida ↑;6382;6423;41,00;Circular à esquerda (CL);21/11/2017;2028-06-03 00:00:00.000000;2013-06-03 00:00:00.000000;3126
NEW SKIES SATELLITES B.V.;SES-6;699109302;GEO;40,5 W;C;Descida ↓;3905;3941;36,00;Circular à esquerda (CL);21/11/2017;2028-06-03 00:00:00.000000;2013-06-03 00:00:00.000000;3126
NEW SKIES SATELLITES B.V.;SES-6;699109302;GEO;40,5 W;C;Subida ↑;6302;6338;36,00;Circular à esquerda (CL);21/11/2017;2028-06-03 00:00:00.000000;2013-06-03 00:00:00.000000;3126
NEW SKIES SATELLITES B.V.;SES-6;699109302;GEO;40,5 W;C(AP30B);Descida ↓;4743;4797;54,00;Circular à direita (CR);21/11/2017;2028-06-03 00:00:00.000000;2013-12-19 00:00:00.000000;7684
NEW SKIES SATELLITES B.V.;SES-6;699109302;GEO;40,5 W;C;Subida ↑;6010;6046;36,00;Circular à esquerda (CL);21/11/2017;2028-06-03 00:00:00.000000;2013-06-03 00:00:00.000000;3126
NEW SKIES SATELLITES B.V.;SES-6;699109302;GEO;40,5 W;C;Subida ↑;6342;6378;36,00;Circular à esquerda (CL);21/11/2017;2028-06-03 00:00:00.000000;2013-06-03 00:00:00.000000;3126
NEW SKIES SATELLITES B.V.;SES-6;699109302;GEO;40,5 W;Ku;Subida ↑;14433;14487;54,00;Vertical (V);21/11/2017;2028-06-03 00:00:00.000000;2013-06-03 00:00:00.000000;3126
NEW SKIES SATELLITES B.V.;SES-6;699109302;GEO;40,5 W;C;Subida ↑;6968;7022;54,00;Circular à esquerda (CL);21/11/2017;2028-06-03 00:00:00.000000;2013-12-19 00:00:00.000000;7684
NEW SKIES SATELLITES B.V.;SES-6;699109302;GEO;40,5 W;C;Subida ↑;6050;6086;36,00;Circular à esquerda (CL);21/11/2017;2028-06-03 00:00:00.000000;2013-06-03 00:00:00.000000;3126
NEW SKIES SATELLITES B.V.;SES-6;699109302;GEO;40,5 W;C;Subida ↑;6728;6782;54,00;Circular à esquerda (CL);21/11/2017;2028-06-03 00:00:00.000000;2013-12-19 00:00:00.000000;7684
NEW SKIES SATELLITES B.V.;SES-6;699109302;GEO;40,5 W;C;Subida ↑;6130;6166;36,00;Circular à esquerda (CL);21/11/2017;2028-06-03 00:00:00.000000;2013-06-03 00:00:00.000000;3126
NEW SKIES SATELLITES B.V.;SES-6;699109302;GEO;40,5 W;C;Subida ↑;6090;6126;36,00;Circular à esquerda (CL);21/11/2017;2028-06-03 00:00:00.000000;2013-06-03 00:00:00.000000;3126
NEW SKIES SATELLITES B.V.;SES-6;699109302;GEO;40,5 W;C;Descida ↓;4157;4198;41,00;Circular à esquerda (CL);21/11/2017;2028-06-03 00:00:00.000000;2013-06-03 00:00:00.000000;3126
NEW SKIES SATELLITES B.V.;SES-6;699109302;GEO;40,5 W;C;Descida ↓;3625;3661;36,00;Circular à esquerda (CL);21/11/2017;2028-06-03 00:00:00.000000;2013-06-03 00:00:00.000000;3126
NEW SKIES SATELLITES B.V.;SES-6;699109302;GEO;40,5 W;C;Descida ↓;4077;4113;36,00;Circular à esquerda (CL);21/11/2017;2028-06-03 00:00:00.000000;2013-06-03 00:00:00.000000;3126
NEW SKIES SATELLITES B.V.;SES-6;699109302;GEO;40,5 W;C;Subida ↑;5970;6006;36,00;Circular à esquerda (CL);21/11/2017;2028-06-03 00:00:00.000000;2013-06-03 00:00:00.000000;3126
NEW SKIES SATELLITES B.V.;SES-6;699109302;GEO;40,5 W;C;Descida ↓;3785;3821;36,00;Circular à direita (CR);21/11/2017;2028-06-03 00:00:00.000000;2013-06-03 00:00:00.000000;3126
NEW SKIES SATELLITES B.V.;SES-6;699109302;GEO;40,5 W;C;Descida ↓;4037;4073;36,00;Circular à esquerda (CL);21/11/2017;2028-06-03 00:00:00.000000;2013-06-03 00:00:00.000000;3126
NEW SKIES SATELLITES B.V.;SES-6;699109302;GEO;40,5 W;C;Subida ↑;5930;5966;36,00;Circular à esquerda (CL);21/11/2017;2028-06-03 00:00:00.000000;2013-06-03 00:00:00.000000;3126
NEW SKIES SATELLITES B.V.;SES-6;699109302;GEO;40,5 W;C;Subida ↑;5890;5926;36,00;Circular à esquerda (CL);21/11/2017;2028-06-03 00:00:00.000000;2013-06-03 00:00:00.000000;3126
NEW SKIES SATELLITES B.V.;SES-6;699109302;GEO;40,5 W;C;Subida ↑;6908;6962;54,00;Circular à esquerda (CL);21/11/2017;2028-06-03 00:00:00.000000;2013-12-19 00:00:00.000000;7684
NEW SKIES SATELLITES B.V.;SES-6;699109302;GEO;40,5 W;C;Subida ↑;6788;6842;54,00;Circular à esquerda (CL);21/11/2017;2028-06-03 00:00:00.000000;2013-12-19 00:00:00.000000;7684
NEW SKIES SATELLITES B.V.;SES-10;1005354356;GEO;67 W;Ku;Subida ↑;14133;14187;54,00;Vertical (V);06/10/2025;2038-09-26 00:00:00.000000;2025-09-10 00:00:00.000000;12436
NEW SKIES SATELLITES B.V.;SES-10;1005354356;GEO;67 W;Ku;Subida ↑;14132;14168;36,00;Horizontal (H);06/10/2025;2038-09-26 00:00:00.000000;2025-09-10 00:00:00.000000;12436
NEW SKIES SATELLITES B.V.;SES-10;1005354356;GEO;67 W;Ku;Descida ↓;12013;12067;54,00;Horizontal (H);06/10/2025;2038-09-26 00:00:00.000000;2025-09-10 00:00:00.000000;12436
NEW SKIES SATELLITES B.V.;SES-10;1005354356;GEO;67 W;Ku;Subida ↑;14012;14048;36,00;Horizontal (H);06/10/2025;2038-09-26 00:00:00.000000;2025-09-10 00:00:00.000000;12436
NEW SKIES SATELLITES B.V.;SES-10;1005354356;GEO;67 W;Ku;Descida ↓;11713;11767;54,00;Horizontal (H);06/10/2025;2038-09-26 00:00:00.000000;2025-09-10 00:00:00.000000;12436
NEW SKIES SATELLITES B.V.;SES-10;1005354356;GEO;67 W;Ku;Descida ↓;11893;11947;54,00;Horizontal (H);06/10/2025;2038-09-26 00:00:00.000000;2025-09-10 00:00:00.000000;12436
NEW SKIES SATELLITES B.V.;SES-10;1005354356;GEO;67 W;Ku;Descida ↓;11833;11887;54,00;Horizontal (H);06/10/2025;2038-09-26 00:00:00.000000;2025-09-10 00:00:00.000000;12436
NEW SKIES SATELLITES B.V.;SES-10;1005354356;GEO;67 W;Ku;Descida ↓;12133;12187;54,00;Horizontal (H);06/10/2025;2038-09-26 00:00:00.000000;2025-09-10 00:00:00.000000;12436
NEW SKIES SATELLITES B.V.;SES-10;1005354356;GEO;67 W;Ku;Descida ↓;11773;11827;54,00;Horizontal (H);06/10/2025;2038-09-26 00:00:00.000000;2025-09-10 00:00:00.000000;12436
NEW SKIES SATELLITES B.V.;SES-10;1005354356;GEO;67 W;Ku;Subida ↑;13842;13878;36,00;Horizontal (H);06/10/2025;2038-09-26 00:00:00.000000;2025-09-10 00:00:00.000000;12436
NEW SKIES SATELLITES B.V.;SES-10;1005354356;GEO;67 W;Ku;Subida ↑;14172;14208;36,00;Horizontal (H);06/10/2025;2038-09-26 00:00:00.000000;2025-09-10 00:00:00.000000;12436
NEW SKIES SATELLITES B.V.;SES-10;1005354356;GEO;67 W;Ku;Descida ↓;12073;12127;54,00;Horizontal (H);06/10/2025;2038-09-26 00:00:00.000000;2025-09-10 00:00:00.000000;12436
NEW SKIES SATELLITES B.V.;SES-10;1005354356;GEO;67 W;Ku;Subida ↑;13962;13998;36,00;Horizontal (H);06/10/2025;2038-09-26 00:00:00.000000;2025-09-10 00:00:00.000000;12436
NEW SKIES SATELLITES B.V.;SES-10;1005354356;GEO;67 W;Ku;Subida ↑;13882;13918;36,00;Horizontal (H);06/10/2025;2038-09-26 00:00:00.000000;2025-09-10 00:00:00.000000;12436
NEW SKIES SATELLITES B.V.;SES-10;1005354356;GEO;67 W;Ku;Subida ↑;14373;14427;54,00;Vertical (V);06/10/2025;2038-09-26 00:00:00.000000;2025-09-10 00:00:00.000000;12436
NEW SKIES SATELLITES B.V.;SES-10;1005354356;GEO;67 W;Ku;Subida ↑;14052;14088;36,00;Horizontal (H);06/10/2025;2038-09-26 00:00:00.000000;2025-09-10 00:00:00.000000;12436
NEW SKIES SATELLITES B.V.;SES-10;1005354356;GEO;67 W;Ku;Subida ↑;14193;14247;54,00;Vertical (V);06/10/2025;2038-09-26 00:00:00.000000;2025-09-10 00:00:00.000000;12436
NEW SKIES SATELLITES B.V.;SES-10;1005354356;GEO;67 W;Ku;Subida ↑;13802;13838;36,00;Horizontal (H);06/10/2025;2038-09-26 00:00:00.000000;2025-09-10 00:00:00.000000;12436
NEW SKIES SATELLITES B.V.;SES-10;1005354356;GEO;67 W;Ku;Subida ↑;14092;14128;36,00;Horizontal (H);06/10/2025;2038-09-26 00:00:00.000000;2025-09-10 00:00:00.000000;12436
NEW SKIES SATELLITES B.V.;SES-10;1005354356;GEO;67 W;Ku;Descida ↓;11953;12007;54,00;Horizontal (H);06/10/2025;2038-09-26 00:00:00.000000;2025-09-10 00:00:00.000000;12436
NEW SKIES SATELLITES B.V.;SES-10;1005354356;GEO;67 W;Ku;Subida ↑;13922;13958;36,00;Horizontal (H);06/10/2025;2038-09-26 00:00:00.000000;2025-09-10 00:00:00.000000;12436
NEW SKIES SATELLITES B.V.;SES-10;1005354356;GEO;67 W;Ku;Subida ↑;14212;14248;36,00;Horizontal (H);06/10/2025;2038-09-26 00:00:00.000000;2025-09-10 00:00:00.000000;12436
NEW SKIES SATELLITES B.V.;SES-10;1005354356;GEO;67 W;Ku;Descida ↓;11542;11578;36,00;Vertical (V);06/10/2025;2038-09-26 00:00:00.000000;2025-09-10 00:00:00.000000;12436
NEW SKIES SATELLITES B.V.;SES-10;1005354356;GEO;67 W;Ku;Descida ↓;11582;11618;36,00;Vertical (V);06/10/2025;2038-09-26 00:00:00.000000;2025-09-10 00:00:00.000000;12436
NEW SKIES SATELLITES B.V.;SES-10;1005354356;GEO;67 W;Ku;Descida ↓;11502;11538;36,00;Vertical (V);06/10/2025;2038-09-26 00:00:00.000000;2025-09-10 00:00:00.000000;12436
NEW SKIES SATELLITES B.V.;SES-10;1005354356;GEO;67 W;Ku;Subida ↑;13762;13798;36,00;Horizontal (H);06/10/2025;2038-09-26 00:00:00.000000;2025-09-10 00:00:00.000000;12436
NEW SKIES SATELLITES B.V.;SES-10;1005354356;GEO;67 W;Ku;Descida ↓;11912;11948;36,00;Vertical (V);06/10/2025;2038-09-26 00:00:00.000000;2025-09-10 00:00:00.000000;12436
NEW SKIES SATELLITES B.V.;SES-10;1005354356;GEO;67 W;Ku;Descida ↓;11662;11698;36,00;Vertical (V);06/10/2025;2038-09-26 00:00:00.000000;2025-09-10 00:00:00.000000;12436
NEW SKIES SATELLITES B.V.;SES-10;1005354356;GEO;67 W;Ku;Subida ↑;14433;14487;54,00;Vertical (V);06/10/2025;2038-09-26 00:00:00.000000;2025-09-10 00:00:00.000000;12436
NEW SKIES SATELLITES B.V.;SES-10;1005354356;GEO;67 W;Ku;Descida ↓;11622;11658;36,00;Vertical (V);06/10/2025;2038-09-26 00:00:00.000000;2025-09-10 00:00:00.000000;12436
NEW SKIES SATELLITES B.V.;SES-10;1005354356;GEO;67 W;Ku;Descida ↓;11832;11868;36,00;Vertical (V);06/10/2025;2038-09-26 00:00:00.000000;2025-09-10 00:00:00.000000;12436
NEW SKIES SATELLITES B.V.;SES-10;1005354356;GEO;67 W;Ku;Descida ↓;11462;11498;36,00;Vertical (V);06/10/2025;2038-09-26 00:00:00.000000;2025-09-10 00:00:00.000000;12436
NEW SKIES SATELLITES B.V.;SES-10;1005354356;GEO;67 W;Ku;Subida ↑;14313;14367;54,00;Vertical (V);06/10/2025;2038-09-26 00:00:00.000000;2025-09-10 00:00:00.000000;12436
NEW SKIES SATELLITES B.V.;SES-10;1005354356;GEO;67 W;Ku;Subida ↑;14253;14307;54,00;Vertical (V);06/10/2025;2038-09-26 00:00:00.000000;2025-09-10 00:00:00.000000;12436
NEW SKIES SATELLITES B.V.;SES-10;1005354356;GEO;67 W;Ku;Descida ↓;11792;11828;36,00;Vertical (V);06/10/2025;2038-09-26 00:00:00.000000;2025-09-10 00:00:00.000000;12436
NEW SKIES SATELLITES B.V.;SES-10;1005354356;GEO;67 W;Ku;Subida ↑;14013;14067;54,00;Vertical (V);06/10/2025;2038-09-26 00:00:00.000000;2025-09-10 00:00:00.000000;12436
NEW SKIES SATELLITES B.V.;SES-10;1005354356;GEO;67 W;Ku;Descida ↓;11752;11788;36,00;Vertical (V);06/10/2025;2038-09-26 00:00:00.000000;2025-09-10 00:00:00.000000;12436
NEW SKIES SATELLITES B.V.;SES-10;1005354356;GEO;67 W;Ku;Subida ↑;14073;14127;54,00;Vertical (V);06/10/2025;2038-09-26 00:00:00.000000;2025-09-10 00:00:00.000000;12436
NEW SKIES SATELLITES B.V.;SES-10;1005354356;GEO;67 W;Ku;Descida ↓;11872;11908;36,00;Vertical (V);06/10/2025;2038-09-26 00:00:00.000000;2025-09-10 00:00:00.000000;12436
NEW SKIES SATELLITES B.V.;SES-10;1005354356;GEO;67 W;Ku;Descida ↓;11712;11748;36,00;Vertical (V);06/10/2025;2038-09-26 00:00:00.000000;2025-09-10 00:00:00.000000;12436
OMNISPACE LLC;Sistema Omnispace F2 (ICO F2);1015968241;NGEO; ;S;Subida ↑;1995;2010;15,00;Circular à direita (CR);30/07/2024;N;2024-01-11 00:00:00.000000;251
OMNISPACE LLC;Sistema Omnispace F2 (ICO F2);1015968241;NGEO; ;S;Descida ↓;2185;2200;15,00;Circular à direita (CR);30/07/2024;N;2024-01-11 00:00:00.000000;251
ORBCOMM INC.;Sistema Orbcomm;1000138639;NGEO; ;VHF;Descida ↓;137,175;137,3275;0,00;Circular à direita (CR);06/03/2026;N;2025-04-02 00:00:00.000000;3808
ORBCOMM INC.;Sistema Orbcomm;1000138639;NGEO; ;VHF;Subida ↑;148;148,25;0,00;Circular à direita (CR);06/03/2026;N;2025-04-02 00:00:00.000000;3808
ORBCOMM INC.;Sistema Orbcomm;1000138639;NGEO; ;VHF;Descida ↓;137,375;137,4725;0,00;Circular à direita (CR);06/03/2026;N;2025-04-02 00:00:00.000000;3808
ORBCOMM INC.;Sistema Orbcomm;1000138639;NGEO; ;VHF;Descida ↓;137;137,025;0,00;Circular à direita (CR);06/03/2026;N;2025-04-02 00:00:00.000000;3808
ORBCOMM INC.;Sistema Orbcomm;1000138639;NGEO; ;VHF;Subida ↑;149,95;150,05;0,00;Circular à direita (CR);06/03/2026;N;2025-04-02 00:00:00.000000;3808
ORBCOMM INC.;Sistema Orbcomm;1000138639;NGEO; ;VHF;Descida ↓;137,175;137,3275;0,00;Circular à esquerda (CL);06/03/2026;N;2025-04-02 00:00:00.000000;3808
ORBCOMM INC.;Sistema Orbcomm;1000138639;NGEO; ;VHF;Subida ↑;148,75;149,9;1,00;Circular à direita (CR);06/03/2026;N;2025-04-02 00:00:00.000000;3808
ORBCOMM INC.;Sistema Orbcomm;1000138639;NGEO; ;VHF;Descida ↓;137;137,025;0,00;Circular à esquerda (CL);06/03/2026;N;2025-04-02 00:00:00.000000;3808
ORBCOMM INC.;Sistema Orbcomm;1000138639;NGEO; ;VHF;Descida ↓;137,65;137,8125;0,00;Circular à esquerda (CL);06/03/2026;N;2025-04-02 00:00:00.000000;3808
ORBCOMM INC.;Sistema Orbcomm;1000138639;NGEO; ;VHF;Descida ↓;137,375;137,4725;0,00;Circular à esquerda (CL);06/03/2026;N;2025-04-02 00:00:00.000000;3808
ORBCOMM INC.;Sistema Orbcomm;1000138639;NGEO; ;VHF;Descida ↓;137,65;137,8125;0,00;Circular à direita (CR);06/03/2026;N;2025-04-02 00:00:00.000000;3808
ORBCOMM INC.;Sistema Orbcomm;1000138639;NGEO; ;VHF;Descida ↓;137,535;137,585;0,00;Circular à esquerda (CL);06/03/2026;N;2025-04-02 00:00:00.000000;3808
ORBCOMM INC.;Sistema Orbcomm;1000138639;NGEO; ;VHF;Subida ↑;148;148,25;0,00;Circular à esquerda (CL);06/03/2026;N;2025-04-02 00:00:00.000000;3808
ORBCOMM INC.;Sistema Orbcomm;1000138639;NGEO; ;VHF;Subida ↑;149,95;150,05;0,00;Circular à esquerda (CL);06/03/2026;N;2025-04-02 00:00:00.000000;3808
ORBCOMM INC.;Sistema Orbcomm;1000138639;NGEO; ;VHF;Subida ↑;148,75;149,9;1,00;Circular à esquerda (CL);06/03/2026;N;2025-04-02 00:00:00.000000;3808
ORBCOMM INC.;Sistema Orbcomm;1000138639;NGEO; ;VHF;Descida ↓;137,535;137,585;0,00;Circular à direita (CR);06/03/2026;N;2025-04-02 00:00:00.000000;3808
ORBCOMM INC.;Sistema Orbcomm;1000138639;NGEO; ;VHF;Subida ↑;148,585;148,635;0,00;Circular à esquerda (CL);06/03/2026;N;2025-04-02 00:00:00.000000;3808
ORBCOMM INC.;Sistema Orbcomm;1000138639;NGEO; ;VHF;Subida ↑;148,585;148,635;0,00;Circular à direita (CR);06/03/2026;N;2025-04-02 00:00:00.000000;3808
RUSSIAN SATELLITE COMMUNICATIONS COMPANY (RSCC);Express AM8;1011616251;GEO;14 W;C;Subida ↑;6430;6470;40,00;Circular à esquerda (CL);13/10/2022;N;2022-08-31 00:00:00.000000;12408
RUSSIAN SATELLITE COMMUNICATIONS COMPANY (RSCC);Express AM8;1011616251;GEO;14 W;C;Subida ↑;6330;6370;40,00;Circular à esquerda (CL);13/10/2022;N;2022-08-31 00:00:00.000000;12408
RUSSIAN SATELLITE COMMUNICATIONS COMPANY (RSCC);Express AM8;1011616251;GEO;14 W;C;Descida ↓;4055;4095;40,00;Circular à esquerda (CL);13/10/2022;N;2022-08-31 00:00:00.000000;12408
RUSSIAN SATELLITE COMMUNICATIONS COMPANY (RSCC);Express AM8;1011616251;GEO;14 W;C;Subida ↑;6180;6220;40,00;Circular à direita (CR);13/10/2022;N;2022-08-31 00:00:00.000000;12408
RUSSIAN SATELLITE COMMUNICATIONS COMPANY (RSCC);Express AM8;1011616251;GEO;14 W;C;Subida ↑;6280;6320;40,00;Circular à direita (CR);13/10/2022;N;2022-08-31 00:00:00.000000;12408
RUSSIAN SATELLITE COMMUNICATIONS COMPANY (RSCC);Express AM8;1011616251;GEO;14 W;C;Descida ↓;3955;3995;40,00;Circular à direita (CR);13/10/2022;N;2022-08-31 00:00:00.000000;12408
RUSSIAN SATELLITE COMMUNICATIONS COMPANY (RSCC);Express AM8;1011616251;GEO;14 W;C;Descida ↓;4105;4145;40,00;Circular à direita (CR);13/10/2022;N;2022-08-31 00:00:00.000000;12408
RUSSIAN SATELLITE COMMUNICATIONS COMPANY (RSCC);Express AM8;1011616251;GEO;14 W;C;Descida ↓;4155;4195;40,00;Circular à direita (CR);13/10/2022;N;2022-08-31 00:00:00.000000;12408
RUSSIAN SATELLITE COMMUNICATIONS COMPANY (RSCC);Express AM8;1011616251;GEO;14 W;C;Subida ↑;6380;6420;40,00;Circular à direita (CR);13/10/2022;N;2022-08-31 00:00:00.000000;12408
RUSSIAN SATELLITE COMMUNICATIONS COMPANY (RSCC);Express AM8;1011616251;GEO;14 W;C;Descida ↓;3855;3895;40,00;Circular à direita (CR);13/10/2022;N;2022-08-31 00:00:00.000000;12408
RUSSIAN SATELLITE COMMUNICATIONS COMPANY (RSCC);Express AM8;1011616251;GEO;14 W;C;Subida ↑;6430;6470;40,00;Circular à direita (CR);13/10/2022;N;2022-08-31 00:00:00.000000;12408
RUSSIAN SATELLITE COMMUNICATIONS COMPANY (RSCC);Express AM8;1011616251;GEO;14 W;C;Subida ↑;6230;6270;40,00;Circular à esquerda (CL);13/10/2022;N;2022-08-31 00:00:00.000000;12408
RUSSIAN SATELLITE COMMUNICATIONS COMPANY (RSCC);Express AM8;1011616251;GEO;14 W;C;Descida ↓;4005;4045;40,00;Circular à direita (CR);13/10/2022;N;2022-08-31 00:00:00.000000;12408
RUSSIAN SATELLITE COMMUNICATIONS COMPANY (RSCC);Express AM8;1011616251;GEO;14 W;C;Descida ↓;4005;4045;40,00;Circular à esquerda (CL);13/10/2022;N;2022-08-31 00:00:00.000000;12408
RUSSIAN SATELLITE COMMUNICATIONS COMPANY (RSCC);Express AM8;1011616251;GEO;14 W;C;Subida ↑;6180;6220;40,00;Circular à esquerda (CL);13/10/2022;N;2022-08-31 00:00:00.000000;12408
RUSSIAN SATELLITE COMMUNICATIONS COMPANY (RSCC);Express AM8;1011616251;GEO;14 W;C;Descida ↓;3905;3945;40,00;Circular à direita (CR);13/10/2022;N;2022-08-31 00:00:00.000000;12408
RUSSIAN SATELLITE COMMUNICATIONS COMPANY (RSCC);Express AM8;1011616251;GEO;14 W;Ku;Descida ↓;11536,15;11572,15;36,00;Vertical (V);13/10/2022;N;2022-08-31 00:00:00.000000;12408
RUSSIAN SATELLITE COMMUNICATIONS COMPANY (RSCC);Express AM8;1011616251;GEO;14 W;Ku;Descida ↓;11452,75;11488,75;36,00;Vertical (V);13/10/2022;N;2022-08-31 00:00:00.000000;12408
RUSSIAN SATELLITE COMMUNICATIONS COMPANY (RSCC);Express AM8;1011616251;GEO;14 W;C;Subida ↑;6280;6320;40,00;Circular à esquerda (CL);13/10/2022;N;2022-08-31 00:00:00.000000;12408
RUSSIAN SATELLITE COMMUNICATIONS COMPANY (RSCC);Express AM8;1011616251;GEO;14 W;C;Descida ↓;4055;4095;40,00;Circular à direita (CR);13/10/2022;N;2022-08-31 00:00:00.000000;12408
RUSSIAN SATELLITE COMMUNICATIONS COMPANY (RSCC);Express AM8;1011616251;GEO;14 W;Ku;Subida ↑;14377,85;14413,85;36,00;Horizontal (H);13/10/2022;N;2022-08-31 00:00:00.000000;12408
RUSSIAN SATELLITE COMMUNICATIONS COMPANY (RSCC);Express AM8;1011616251;GEO;14 W;C;Subida ↑;6480;6520;40,00;Circular à esquerda (CL);13/10/2022;N;2022-08-31 00:00:00.000000;12408
RUSSIAN SATELLITE COMMUNICATIONS COMPANY (RSCC);Express AM8;1011616251;GEO;14 W;Ku;Subida ↑;14294,45;14330,45;36,00;Horizontal (H);13/10/2022;N;2022-08-31 00:00:00.000000;12408
RUSSIAN SATELLITE COMMUNICATIONS COMPANY (RSCC);Express AM8;1011616251;GEO;14 W;C;Subida ↑;6380;6420;40,00;Circular à esquerda (CL);13/10/2022;N;2022-08-31 00:00:00.000000;12408
RUSSIAN SATELLITE COMMUNICATIONS COMPANY (RSCC);Express AM8;1011616251;GEO;14 W;C;Descida ↓;4105;4145;40,00;Circular à esquerda (CL);13/10/2022;N;2022-08-31 00:00:00.000000;12408
RUSSIAN SATELLITE COMMUNICATIONS COMPANY (RSCC);Express AM8;1011616251;GEO;14 W;C;Descida ↓;3955;3995;40,00;Circular à esquerda (CL);13/10/2022;N;2022-08-31 00:00:00.000000;12408
RUSSIAN SATELLITE COMMUNICATIONS COMPANY (RSCC);Express AM8;1011616251;GEO;14 W;Ku;Subida ↑;14336,15;14372,15;36,00;Horizontal (H);13/10/2022;N;2022-08-31 00:00:00.000000;12408
RUSSIAN SATELLITE COMMUNICATIONS COMPANY (RSCC);Express AM8;1011616251;GEO;14 W;C;Descida ↓;3855;3895;40,00;Circular à esquerda (CL);13/10/2022;N;2022-08-31 00:00:00.000000;12408
RUSSIAN SATELLITE COMMUNICATIONS COMPANY (RSCC);Express AM8;1011616251;GEO;14 W;C;Subida ↑;6330;6370;40,00;Circular à direita (CR);13/10/2022;N;2022-08-31 00:00:00.000000;12408
RUSSIAN SATELLITE COMMUNICATIONS COMPANY (RSCC);Express AM8;1011616251;GEO;14 W;Ku;Descida ↓;11577,85;11613,85;36,00;Vertical (V);13/10/2022;N;2022-08-31 00:00:00.000000;12408
SATELIO IOT SERVICES S.L.;Sistema Sateliot;1017628111;NGEO; ;S;Subida ↑;1994;1996;2,00;Circular à direita (CR);N;N;2025-01-29 00:00:00.000000;1445
SATELIO IOT SERVICES S.L.;Sistema Sateliot;1017628111;NGEO; ;S;Descida ↓;2184;2186;2,00;Circular à direita (CR);N;N;2025-01-29 00:00:00.000000;1445
SES ASTRA S.A.;SES-17;1013234330;GEO;67 W;Ka;Subida ↑;29505;29735;230,00;Circular à esquerda (CL);05/06/2023;N;2021-02-01 00:00:00.000000;695
SES ASTRA S.A.;SES-17;1013234330;GEO;67 W;Ka;Subida ↑;29760;29990;230,00;Circular à esquerda (CL);05/06/2023;N;2021-02-01 00:00:00.000000;695
SES ASTRA S.A.;SES-17;1013234330;GEO;67 W;Ka;Descida ↓;19950;20200;250,00;Circular à direita (CR);05/06/2023;N;2021-02-01 00:00:00.000000;695
SES ASTRA S.A.;SES-17;1013234330;GEO;67 W;Ka;Descida ↓;17800;19700;1900,00;Circular à direita (CR);05/06/2023;N;2021-02-01 00:00:00.000000;695
SES ASTRA S.A.;SES-17;1013234330;GEO;67 W;Ka;Subida ↑;29300;29400;100,00;Circular à esquerda (CL);05/06/2023;N;2021-02-01 00:00:00.000000;695
SES ASTRA S.A.;SES-17;1013234330;GEO;67 W;Ka;Subida ↑;27500;28600;1100,00;Circular à esquerda (CL);05/06/2023;N;2021-02-01 00:00:00.000000;695
SES ASTRA S.A.;SES-17;1013234330;GEO;67 W;Ka;Descida ↓;19350;19400;50,00;Circular à esquerda (CL);05/06/2023;N;2021-02-01 00:00:00.000000;695
SES ASTRA S.A.;SES-17;1013234330;GEO;67 W;Ka;Descida ↓;19700;19950;250,00;Circular à direita (CR);05/06/2023;N;2021-02-01 00:00:00.000000;695
SES ASTRA S.A.;SES-17;1013234330;GEO;67 W;Ka;Descida ↓;19700;19950;250,00;Circular à esquerda (CL);05/06/2023;N;2021-02-01 00:00:00.000000;695
SES ASTRA S.A.;SES-17;1013234330;GEO;67 W;Ka;Subida ↑;29100;30000;900,00;Circular à direita (CR);05/06/2023;N;2021-02-01 00:00:00.000000;695
SES ASTRA S.A.;SES-17;1013234330;GEO;67 W;Ka;Subida ↑;29125;29725;600,00;Circular à direita (CR);05/06/2023;N;2021-02-01 00:00:00.000000;695
SES ASTRA S.A.;SES-17;1013234330;GEO;67 W;Ka;Descida ↓;19400;19550;150,00;Circular à direita (CR);05/06/2023;N;2021-02-01 00:00:00.000000;695
SES ASTRA S.A.;SES-17;1013234330;GEO;67 W;Ka;Subida ↑;27000;27500;500,00;Circular à esquerda (CL);05/06/2023;N;2023-06-01 00:00:00.000000;6586
SES ASTRA S.A.;SES-17;1013234330;GEO;67 W;Ka;Subida ↑;27500;30000;2500,00;Circular à esquerda (CL);05/06/2023;N;2021-02-01 00:00:00.000000;695
SES ASTRA S.A.;SES-17;1013234330;GEO;67 W;Ka;Descida ↓;17800;18600;800,00;Circular à esquerda (CL);05/06/2023;N;2021-02-01 00:00:00.000000;695
SES ASTRA S.A.;SES-17;1013234330;GEO;67 W;Ka;Descida ↓;17800;18600;800,00;Circular à direita (CR);05/06/2023;N;2021-02-01 00:00:00.000000;695
SES ASTRA S.A.;SES-17;1013234330;GEO;67 W;Ka;Descida ↓;17800;19700;1900,00;Circular à esquerda (CL);05/06/2023;N;2021-02-01 00:00:00.000000;695
SES ASTRA S.A.;SES-17;1013234330;GEO;67 W;Ka;Subida ↑;29400;29500;100,00;Circular à esquerda (CL);05/06/2023;N;2021-02-01 00:00:00.000000;695
SES ASTRA S.A.;SES-17;1013234330;GEO;67 W;Ka;Descida ↓;19550;19700;150,00;Circular à direita (CR);05/06/2023;N;2021-02-01 00:00:00.000000;695
SES ASTRA S.A.;SES-17;1013234330;GEO;67 W;Ka;Subida ↑;27500;28600;1100,00;Circular à direita (CR);05/06/2023;N;2021-02-01 00:00:00.000000;695
SES ASTRA S.A.;SES-17;1013234330;GEO;67 W;Ka;Descida ↓;18600;19300;700,00;Circular à esquerda (CL);05/06/2023;N;2021-02-01 00:00:00.000000;695
SES ASTRA S.A.;SES-17;1013234330;GEO;67 W;Ka;Subida ↑;29300;29400;100,00;Circular à direita (CR);05/06/2023;N;2021-02-01 00:00:00.000000;695
SES ASTRA S.A.;SES-17;1013234330;GEO;67 W;Ka;Descida ↓;17300;20200;2900,00;Circular à esquerda (CL);05/06/2023;N;2021-02-01 00:00:00.000000;695
SES ASTRA S.A.;SES-17;1013234330;GEO;67 W;Ka;Descida ↓;17300;20200;2900,00;Circular à direita (CR);05/06/2023;N;2021-02-01 00:00:00.000000;695
SES ASTRA S.A.;SES-17;1013234330;GEO;67 W;Ka;Descida ↓;19950;20200;250,00;Circular à esquerda (CL);05/06/2023;N;2021-02-01 00:00:00.000000;695
SES ASTRA S.A.;SES-17;1013234330;GEO;67 W;Ka;Descida ↓;19400;19550;150,00;Circular à esquerda (CL);05/06/2023;N;2021-02-01 00:00:00.000000;695
SES ASTRA S.A.;SES-17;1013234330;GEO;67 W;Ka;Descida ↓;19300;19350;50,00;Circular à direita (CR);05/06/2023;N;2021-02-01 00:00:00.000000;695
SES ASTRA S.A.;SES-17;1013234330;GEO;67 W;Ka;Subida ↑;29400;29500;100,00;Circular à direita (CR);05/06/2023;N;2021-02-01 00:00:00.000000;695
SES ASTRA S.A.;SES-17;1013234330;GEO;67 W;Ka;Subida ↑;29505;29735;230,00;Circular à direita (CR);05/06/2023;N;2021-02-01 00:00:00.000000;695
SES ASTRA S.A.;SES-17;1013234330;GEO;67 W;Ka;Descida ↓;19400;20200;800,00;Circular à direita (CR);05/06/2023;N;2021-02-01 00:00:00.000000;695
SES ASTRA S.A.;SES-17;1013234330;GEO;67 W;Ka;Subida ↑;29760;29990;230,00;Circular à direita (CR);05/06/2023;N;2021-02-01 00:00:00.000000;695
SES ASTRA S.A.;SES-17;1013234330;GEO;67 W;Ka;Descida ↓;19300;19350;50,00;Circular à esquerda (CL);05/06/2023;N;2021-02-01 00:00:00.000000;695
SES ASTRA S.A.;SES-17;1013234330;GEO;67 W;Ka;Subida ↑;29100;30000;900,00;Circular à esquerda (CL);05/06/2023;N;2021-02-01 00:00:00.000000;695
SES ASTRA S.A.;SES-17;1013234330;GEO;67 W;Ka;Descida ↓;19550;19700;150,00;Circular à esquerda (CL);05/06/2023;N;2021-02-01 00:00:00.000000;695
SES ASTRA S.A.;SES-17;1013234330;GEO;67 W;Ka;Subida ↑;27500;30000;2500,00;Circular à direita (CR);05/06/2023;N;2021-02-01 00:00:00.000000;695
SES ASTRA S.A.;SES-17;1013234330;GEO;67 W;Ka;Descida ↓;18600;19300;700,00;Circular à direita (CR);05/06/2023;N;2021-02-01 00:00:00.000000;695
SES ASTRA S.A.;SES-17;1013234330;GEO;67 W;Ka;Descida ↓;19400;20200;800,00;Circular à esquerda (CL);05/06/2023;N;2021-02-01 00:00:00.000000;695
SES ASTRA S.A.;SES-17;1013234330;GEO;67 W;Ka;Subida ↑;29125;29725;600,00;Circular à esquerda (CL);05/06/2023;N;2021-02-01 00:00:00.000000;695
SES ASTRA S.A.;SES-17;1013234330;GEO;67 W;Ka;Descida ↓;19350;19400;50,00;Circular à direita (CR);05/06/2023;N;2021-02-01 00:00:00.000000;695
SES ASTRA S.A.;SES-17;1013234330;GEO;67 W;Ka;Subida ↑;27000;27500;500,00;Circular à direita (CR);05/06/2023;N;2023-06-01 00:00:00.000000;6586
SES DTH DO BRASIL LTDA;SES-14;1007214624;GEO;47,5 W;Ka;Subida ↑;28755,5;28925,5;170,00;Circular à esquerda (CL);03/09/2018;2029-08-13 00:00:00.000000;2014-08-06 00:00:00.000000;6915
SES DTH DO BRASIL LTDA;SES-14;1007214624;GEO;47,5 W;Ku;Subida ↑;14259;14331;72,00;Vertical (V);03/09/2018;2029-08-13 00:00:00.000000;2014-08-06 00:00:00.000000;6915
SES DTH DO BRASIL LTDA;SES-14;1007214624;GEO;47,5 W;Ku;Descida ↓;11959;12031;72,00;Vertical (V);03/09/2018;2029-08-13 00:00:00.000000;2014-08-06 00:00:00.000000;6915
SES DTH DO BRASIL LTDA;SES-14;1007214624;GEO;47,5 W;Ka;Subida ↑;28255,5;28309,5;54,00;Circular à esquerda (CL);03/09/2018;2029-08-13 00:00:00.000000;2014-08-06 00:00:00.000000;6915
SES DTH DO BRASIL LTDA;SES-14;1007214624;GEO;47,5 W;Ka;Descida ↓;18555,5;18609,5;54,00;Circular à esquerda (CL);03/09/2018;2029-08-13 00:00:00.000000;2014-08-06 00:00:00.000000;6915
SES DTH DO BRASIL LTDA;SES-14;1007214624;GEO;47,5 W;Ku;Subida ↑;14257;14293;36,00;Vertical (V);03/09/2018;2029-08-13 00:00:00.000000;2014-08-06 00:00:00.000000;6915
SES DTH DO BRASIL LTDA;SES-14;1007214624;GEO;47,5 W;Ka;Descida ↓;18805,5;18859,5;54,00;Circular à esquerda (CL);03/09/2018;2029-08-13 00:00:00.000000;2014-08-06 00:00:00.000000;6915
SES DTH DO BRASIL LTDA;SES-14;1007214624;GEO;47,5 W;C;Descida ↓;3707;3779;72,00;Circular à esquerda (CL);03/09/2018;2029-08-13 00:00:00.000000;2014-08-06 00:00:00.000000;6915
SES DTH DO BRASIL LTDA;SES-14;1007214624;GEO;47,5 W;Ka;Subida ↑;28755,5;28869,5;114,00;Circular à esquerda (CL);03/09/2018;2029-08-13 00:00:00.000000;2014-08-06 00:00:00.000000;6915
SES DTH DO BRASIL LTDA;SES-14;1007214624;GEO;47,5 W;C;Subida ↑;5932;6004;72,00;Circular à esquerda (CL);03/09/2018;2029-08-13 00:00:00.000000;2014-08-06 00:00:00.000000;6915
SES DTH DO BRASIL LTDA;SES-14;1007214624;GEO;47,5 W;Ka;Subida ↑;28381,5;28495,5;114,00;Circular à esquerda (CL);03/09/2018;2029-08-13 00:00:00.000000;2014-08-06 00:00:00.000000;6915
SES DTH DO BRASIL LTDA;SES-14;1007214624;GEO;47,5 W;Ka;Descida ↓;19357,5;19409,5;52,00;Circular à esquerda (CL);03/09/2018;2029-08-13 00:00:00.000000;2014-08-06 00:00:00.000000;6915
SES DTH DO BRASIL LTDA;SES-14;1007214624;GEO;47,5 W;Ka;Descida ↓;19231,5;19285,5;54,00;Circular à esquerda (CL);03/09/2018;2029-08-13 00:00:00.000000;2014-08-06 00:00:00.000000;6915
SES DTH DO BRASIL LTDA;SES-14;1007214624;GEO;47,5 W;Ka;Descida ↓;18931,5;18985,5;54,00;Circular à esquerda (CL);03/09/2018;2029-08-13 00:00:00.000000;2014-08-06 00:00:00.000000;6915
SES DTH DO BRASIL LTDA;SES-14;1007214624;GEO;47,5 W;Ka;Descida ↓;19291,5;19345,5;54,00;Circular à esquerda (CL);03/09/2018;2029-08-13 00:00:00.000000;2014-08-06 00:00:00.000000;6915
SES DTH DO BRASIL LTDA;SES-14;1007214624;GEO;47,5 W;Ka;Descida ↓;18741,5;18795,5;54,00;Circular à esquerda (CL);03/09/2018;2029-08-13 00:00:00.000000;2014-08-06 00:00:00.000000;6915
SES DTH DO BRASIL LTDA;SES-14;1007214624;GEO;47,5 W;Ku;Descida ↓;11957;11993;36,00;Vertical (V);03/09/2018;2029-08-13 00:00:00.000000;2014-08-06 00:00:00.000000;6915
SES DTH DO BRASIL LTDA;SES-14;1007214624;GEO;47,5 W;C;Descida ↓;3825;3861;36,00;Circular à esquerda (CL);03/09/2018;2029-08-13 00:00:00.000000;2014-08-06 00:00:00.000000;6915
SES DTH DO BRASIL LTDA;SES-14;1007214624;GEO;47,5 W;Ku;Descida ↓;11891,5;11945,5;54,00;Vertical (V);03/09/2018;2029-08-13 00:00:00.000000;2014-08-06 00:00:00.000000;6915
SES DTH DO BRASIL LTDA;SES-14;1007214624;GEO;47,5 W;Ka;Subida ↑;28691,5;28745,5;54,00;Circular à esquerda (CL);03/09/2018;2029-08-13 00:00:00.000000;2014-08-06 00:00:00.000000;6915
SES DTH DO BRASIL LTDA;SES-14;1007214624;GEO;47,5 W;C;Subida ↑;6050;6086;36,00;Circular à esquerda (CL);03/09/2018;2029-08-13 00:00:00.000000;2014-08-06 00:00:00.000000;6915
SES DTH DO BRASIL LTDA;SES-14;1007214624;GEO;47,5 W;Ka;Descida ↓;19415,5;19469,5;54,00;Circular à esquerda (CL);03/09/2018;2029-08-13 00:00:00.000000;2014-08-06 00:00:00.000000;6915
SES DTH DO BRASIL LTDA;SES-14;1007214624;GEO;47,5 W;Ka;Descida ↓;19481,5;19535,5;54,00;Circular à esquerda (CL);03/09/2018;2029-08-13 00:00:00.000000;2014-08-06 00:00:00.000000;6915
SES DTH DO BRASIL LTDA;SES-14;1007214624;GEO;47,5 W;C;Subida ↑;6010;6046;36,00;Circular à esquerda (CL);03/09/2018;2029-08-13 00:00:00.000000;2014-08-06 00:00:00.000000;6915
SES DTH DO BRASIL LTDA;SES-14;1007214624;GEO;47,5 W;C;Subida ↑;6302;6338;36,00;Circular à esquerda (CL);03/09/2018;2029-08-13 00:00:00.000000;2014-08-06 00:00:00.000000;6915
SES DTH DO BRASIL LTDA;SES-14;1007214624;GEO;47,5 W;C;Descida ↓;3785;3821;36,00;Circular à esquerda (CL);03/09/2018;2029-08-13 00:00:00.000000;2014-08-06 00:00:00.000000;6915
SES DTH DO BRASIL LTDA;SES-14;1007214624;GEO;47,5 W;C;Descida ↓;3865;3901;36,00;Circular à esquerda (CL);03/09/2018;2029-08-13 00:00:00.000000;2014-08-06 00:00:00.000000;6915
SES DTH DO BRASIL LTDA;SES-14;1007214624;GEO;47,5 W;Ka;Descida ↓;18615,5;18669,5;54,00;Circular à esquerda (CL);03/09/2018;2029-08-13 00:00:00.000000;2014-08-06 00:00:00.000000;6915
SES DTH DO BRASIL LTDA;SES-14;1007214624;GEO;47,5 W;Ka;Subida ↑;28005,5;28059,5;54,00;Circular à esquerda (CL);03/09/2018;2029-08-13 00:00:00.000000;2014-08-06 00:00:00.000000;6915
SES DTH DO BRASIL LTDA;SES-14;1007214624;GEO;47,5 W;Ka;Subida ↑;28005,5;28175,5;170,00;Circular à esquerda (CL);03/09/2018;2029-08-13 00:00:00.000000;2014-08-06 00:00:00.000000;6915
SES DTH DO BRASIL LTDA;SES-14;1007214624;GEO;47,5 W;C;Descida ↓;3905;3941;36,00;Circular à esquerda (CL);03/09/2018;2029-08-13 00:00:00.000000;2014-08-06 00:00:00.000000;6915
SES DTH DO BRASIL LTDA;SES-14;1007214624;GEO;47,5 W;Ku;Descida ↓;11705,5;11875,5;170,00;Vertical (V);03/09/2018;2029-08-13 00:00:00.000000;2014-08-06 00:00:00.000000;6915
SES DTH DO BRASIL LTDA;SES-14;1007214624;GEO;47,5 W;Ka;Subida ↑;28505,5;28619,5;114,00;Circular à esquerda (CL);03/09/2018;2029-08-13 00:00:00.000000;2014-08-06 00:00:00.000000;6915
SES DTH DO BRASIL LTDA;SES-14;1007214624;GEO;47,5 W;Ka;Subida ↑;28255,5;28369,5;114,00;Circular à esquerda (CL);03/09/2018;2029-08-13 00:00:00.000000;2014-08-06 00:00:00.000000;6915
SES DTH DO BRASIL LTDA;SES-14;1007214624;GEO;47,5 W;Ka;Subida ↑;28131,5;28245,5;114,00;Circular à esquerda (CL);03/09/2018;2029-08-13 00:00:00.000000;2014-08-06 00:00:00.000000;6915
SES DTH DO BRASIL LTDA;SES-14;1007214624;GEO;47,5 W;Ka;Subida ↑;29191,5;29245,5;54,00;Circular à esquerda (CL);03/09/2018;2029-08-13 00:00:00.000000;2014-08-06 00:00:00.000000;6915
SES DTH DO BRASIL LTDA;SES-14;1007214624;GEO;47,5 W;C;Subida ↑;6262;6298;36,00;Circular à esquerda (CL);03/09/2018;2029-08-13 00:00:00.000000;2014-08-06 00:00:00.000000;6915
SES DTH DO BRASIL LTDA;SES-14;1007214624;GEO;47,5 W;C;Subida ↑;6184;6258;74,00;Circular à esquerda (CL);03/09/2018;2029-08-13 00:00:00.000000;2014-08-06 00:00:00.000000;6915
SES DTH DO BRASIL LTDA;SES-14;1007214624;GEO;47,5 W;C;Subida ↑;6130;6166;36,00;Circular à esquerda (CL);03/09/2018;2029-08-13 00:00:00.000000;2014-08-06 00:00:00.000000;6915
SES DTH DO BRASIL LTDA;SES-14;1007214624;GEO;47,5 W;C;Subida ↑;5852;5924;72,00;Circular à esquerda (CL);03/09/2018;2029-08-13 00:00:00.000000;2014-08-06 00:00:00.000000;6915
SES DTH DO BRASIL LTDA;SES-14;1007214624;GEO;47,5 W;C;Descida ↓;3959;4033;74,00;Circular à esquerda (CL);03/09/2018;2029-08-13 00:00:00.000000;2014-08-06 00:00:00.000000;6915
SES DTH DO BRASIL LTDA;SES-14;1007214624;GEO;47,5 W;C;Descida ↓;4037;4073;36,00;Circular à esquerda (CL);03/09/2018;2029-08-13 00:00:00.000000;2014-08-06 00:00:00.000000;6915
SES DTH DO BRASIL LTDA;SES-14;1007214624;GEO;47,5 W;C;Descida ↓;4077;4113;36,00;Circular à esquerda (CL);03/09/2018;2029-08-13 00:00:00.000000;2014-08-06 00:00:00.000000;6915
SES DTH DO BRASIL LTDA;SES-14;1007214624;GEO;47,5 W;Ka;Subida ↑;28881,5;28995,5;114,00;Circular à esquerda (CL);03/09/2018;2029-08-13 00:00:00.000000;2014-08-06 00:00:00.000000;6915
SES DTH DO BRASIL LTDA;SES-14;1007214624;GEO;47,5 W;C;Subida ↑;6090;6126;36,00;Circular à esquerda (CL);03/09/2018;2029-08-13 00:00:00.000000;2014-08-06 00:00:00.000000;6915
SES DTH DO BRASIL LTDA;SES-14;1007214624;GEO;47,5 W;Ku;Subida ↑;14417;14453;36,00;Vertical (V);03/09/2018;2029-08-13 00:00:00.000000;2014-08-06 00:00:00.000000;6915
SES DTH DO BRASIL LTDA;SES-14;1007214624;GEO;47,5 W;C;Subida ↑;6342;6421;79,00;Circular à esquerda (CL);03/09/2018;2029-08-13 00:00:00.000000;2014-08-06 00:00:00.000000;6915
SES DTH DO BRASIL LTDA;SES-14;1007214624;GEO;47,5 W;Ku;Descida ↓;11775,5;11945,5;170,00;Vertical (V);03/09/2018;2029-08-13 00:00:00.000000;2014-08-06 00:00:00.000000;6915
SES DTH DO BRASIL LTDA;SES-14;1007214624;GEO;47,5 W;Ku;Subida ↑;14337;14373;36,00;Vertical (V);03/09/2018;2029-08-13 00:00:00.000000;2014-08-06 00:00:00.000000;6915
SES DTH DO BRASIL LTDA;SES-14;1007214624;GEO;47,5 W;Ka;Descida ↓;18807,5;18859,5;52,00;Circular à esquerda (CL);03/09/2018;2029-08-13 00:00:00.000000;2014-08-06 00:00:00.000000;6915
SES DTH DO BRASIL LTDA;SES-14;1007214624;GEO;47,5 W;Ku;Descida ↓;10952,85;10953,15;0,00;Vertical (V);03/09/2018;2029-08-13 00:00:00.000000;2014-08-06 00:00:00.000000;6915
SES DTH DO BRASIL LTDA;SES-14;1007214624;GEO;47,5 W;Ku;Descida ↓;12037;12073;36,00;Vertical (V);03/09/2018;2029-08-13 00:00:00.000000;2014-08-06 00:00:00.000000;6915
SES DTH DO BRASIL LTDA;SES-14;1007214624;GEO;47,5 W;C;Descida ↓;4197;4199;2,00;Vertical (V);03/09/2018;2029-08-13 00:00:00.000000;2014-08-06 00:00:00.000000;6915
SES DTH DO BRASIL LTDA;SES-14;1007214624;GEO;47,5 W;Ku;Descida ↓;11997;12033;36,00;Vertical (V);03/09/2018;2029-08-13 00:00:00.000000;2014-08-06 00:00:00.000000;6915
SES DTH DO BRASIL LTDA;SES-14;1007214624;GEO;47,5 W;Ku;Subida ↑;14001,6;14002,4;1,00;Vertical (V);03/09/2018;2029-08-13 00:00:00.000000;2014-08-06 00:00:00.000000;6915
SES DTH DO BRASIL LTDA;SES-14;1007214624;GEO;47,5 W;Ka;Subida ↑;29255,5;29309,5;54,00;Circular à esquerda (CL);03/09/2018;2029-08-13 00:00:00.000000;2014-08-06 00:00:00.000000;6915
SES DTH DO BRASIL LTDA;SES-14;1007214624;GEO;47,5 W;Ka;Descida ↓;20198;20200;2,00;Circular à esquerda (CL);03/09/2018;2029-08-13 00:00:00.000000;2014-08-06 00:00:00.000000;6915
SES DTH DO BRASIL LTDA;SES-14;1007214624;GEO;47,5 W;C;Descida ↓;3627;3699;72,00;Circular à esquerda (CL);03/09/2018;2029-08-13 00:00:00.000000;2014-08-06 00:00:00.000000;6915
SES DTH DO BRASIL LTDA;SES-14;1007214624;GEO;47,5 W;Ka;Descida ↓;19105,5;19159,5;54,00;Circular à esquerda (CL);03/09/2018;2029-08-13 00:00:00.000000;2014-08-06 00:00:00.000000;6915
SES DTH DO BRASIL LTDA;SES-14;1007214624;GEO;47,5 W;Ku;Subida ↑;14297;14333;36,00;Vertical (V);03/09/2018;2029-08-13 00:00:00.000000;2014-08-06 00:00:00.000000;6915
SES DTH DO BRASIL LTDA;SES-14;1007214624;GEO;47,5 W;Ku;Descida ↓;12039;12111;72,00;Vertical (V);03/09/2018;2029-08-13 00:00:00.000000;2014-08-06 00:00:00.000000;6915
SES DTH DO BRASIL LTDA;SES-14;1007214624;GEO;47,5 W;Ka;Subida ↑;29005,5;29119,5;114,00;Circular à esquerda (CL);03/09/2018;2029-08-13 00:00:00.000000;2014-08-06 00:00:00.000000;6915
SES DTH DO BRASIL LTDA;SES-14;1007214624;GEO;47,5 W;Ka;Descida ↓;18991,5;19045,5;54,00;Circular à esquerda (CL);03/09/2018;2029-08-13 00:00:00.000000;2014-08-06 00:00:00.000000;6915
SES DTH DO BRASIL LTDA;SES-14;1007214624;GEO;47,5 W;Ku;Subida ↑;14339;14411;72,00;Vertical (V);03/09/2018;2029-08-13 00:00:00.000000;2014-08-06 00:00:00.000000;6915
SES DTH DO BRASIL LTDA;SES-14;1007214624;GEO;47,5 W;Ku;Descida ↓;11831,5;11945,5;114,00;Vertical (V);03/09/2018;2029-08-13 00:00:00.000000;2014-08-06 00:00:00.000000;6915
SES DTH DO BRASIL LTDA;SES-14;1007214624;GEO;47,5 W;C;Descida ↓;4117;4196;79,00;Circular à esquerda (CL);03/09/2018;2029-08-13 00:00:00.000000;2014-08-06 00:00:00.000000;6915
SES DTH DO BRASIL LTDA;SES-14;1007214624;GEO;47,5 W;Ka;Subida ↑;29381,5;29495,5;114,00;Circular à esquerda (CL);03/09/2018;2029-08-13 00:00:00.000000;2014-08-06 00:00:00.000000;6915
SES DTH DO BRASIL LTDA;SES-14;1007214624;GEO;47,5 W;Ka;Descida ↓;18681,5;18735,5;54,00;Circular à esquerda (CL);03/09/2018;2029-08-13 00:00:00.000000;2014-08-06 00:00:00.000000;6915
SES DTH DO BRASIL LTDA;SES-14;1007214624;GEO;47,5 W;Ka;Descida ↓;19165,5;19219,5;54,00;Circular à esquerda (CL);03/09/2018;2029-08-13 00:00:00.000000;2014-08-06 00:00:00.000000;6915
SES DTH DO BRASIL LTDA;SES-14;1007214624;GEO;47,5 W;Ka;Subida ↑;29255,5;29369,5;114,00;Circular à direita (CR);03/09/2018;2029-08-13 00:00:00.000000;2014-08-06 00:00:00.000000;6915
SES DTH DO BRASIL LTDA;SES-14;1007214624;GEO;47,5 W;Ku;Descida ↓;10955,5;11069,5;114,00;Horizontal (H);03/09/2018;2029-08-13 00:00:00.000000;2014-08-06 00:00:00.000000;6915
SES DTH DO BRASIL LTDA;SES-14;1007214624;GEO;47,5 W;Ku;Descida ↓;12117;12153;36,00;Horizontal (H);03/09/2018;2029-08-13 00:00:00.000000;2014-08-06 00:00:00.000000;6915
SES DTH DO BRASIL LTDA;SES-14;1007214624;GEO;47,5 W;Ku;Subida ↑;14417;14453;36,00;Horizontal (H);03/09/2018;2029-08-13 00:00:00.000000;2014-08-06 00:00:00.000000;6915
SES DTH DO BRASIL LTDA;SES-14;1007214624;GEO;47,5 W;C;Subida ↑;6342;6421;79,00;Circular à direita (CR);03/09/2018;2029-08-13 00:00:00.000000;2014-08-06 00:00:00.000000;6915
SES DTH DO BRASIL LTDA;SES-14;1007214624;GEO;47,5 W;C;Subida ↑;6302;6338;36,00;Circular à direita (CR);03/09/2018;2029-08-13 00:00:00.000000;2014-08-06 00:00:00.000000;6915
SES DTH DO BRASIL LTDA;SES-14;1007214624;GEO;47,5 W;Ku;Descida ↓;12197,85;12198,15;0,00;Horizontal (H);03/09/2018;2029-08-13 00:00:00.000000;2014-08-06 00:00:00.000000;6915
SES DTH DO BRASIL LTDA;SES-14;1007214624;GEO;47,5 W;C;Descida ↓;3785;3821;36,00;Circular à direita (CR);03/09/2018;2029-08-13 00:00:00.000000;2014-08-06 00:00:00.000000;6915
SES DTH DO BRASIL LTDA;SES-14;1007214624;GEO;47,5 W;Ku;Subida ↑;14191,5;14245,5;54,00;Horizontal (H);03/09/2018;2029-08-13 00:00:00.000000;2014-08-06 00:00:00.000000;6915
SES DTH DO BRASIL LTDA;SES-14;1007214624;GEO;47,5 W;Ka;Descida ↓;19357,5;19409,5;52,00;Circular à direita (CR);03/09/2018;2029-08-13 00:00:00.000000;2014-08-06 00:00:00.000000;6915
SES DTH DO BRASIL LTDA;SES-14;1007214624;GEO;47,5 W;Ku;Descida ↓;11081,5;11195,5;114,00;Vertical (V);03/09/2018;2029-08-13 00:00:00.000000;2014-08-06 00:00:00.000000;6915
SES DTH DO BRASIL LTDA;SES-14;1007214624;GEO;47,5 W;Ku;Descida ↓;10955,5;11125,5;170,00;Horizontal (H);03/09/2018;2029-08-13 00:00:00.000000;2014-08-06 00:00:00.000000;6915
SES DTH DO BRASIL LTDA;SES-14;1007214624;GEO;47,5 W;C;Subida ↑;6090;6126;36,00;Circular à direita (CR);03/09/2018;2029-08-13 00:00:00.000000;2014-08-06 00:00:00.000000;6915
SES DTH DO BRASIL LTDA;SES-14;1007214624;GEO;47,5 W;Ku;Subida ↑;14131,5;14185,5;54,00;Horizontal (H);03/09/2018;2029-08-13 00:00:00.000000;2014-08-06 00:00:00.000000;6915
SES DTH DO BRASIL LTDA;SES-14;1007214624;GEO;47,5 W;Ku;Descida ↓;11997;12033;36,00;Horizontal (H);03/09/2018;2029-08-13 00:00:00.000000;2014-08-06 00:00:00.000000;6915
SES DTH DO BRASIL LTDA;SES-14;1007214624;GEO;47,5 W;Ku;Subida ↑;14065,5;14119,5;54,00;Horizontal (H);03/09/2018;2029-08-13 00:00:00.000000;2014-08-06 00:00:00.000000;6915
SES DTH DO BRASIL LTDA;SES-14;1007214624;GEO;47,5 W;Ku;Subida ↑;14339;14411;72,00;Horizontal (H);03/09/2018;2029-08-13 00:00:00.000000;2014-08-06 00:00:00.000000;6915
SES DTH DO BRASIL LTDA;SES-14;1007214624;GEO;47,5 W;Ku;Descida ↓;12077;12113;36,00;Horizontal (H);03/09/2018;2029-08-13 00:00:00.000000;2014-08-06 00:00:00.000000;6915
SES DTH DO BRASIL LTDA;SES-14;1007214624;GEO;47,5 W;Ku;Descida ↓;12157;12193;36,00;Horizontal (H);03/09/2018;2029-08-13 00:00:00.000000;2014-08-06 00:00:00.000000;6915
SES DTH DO BRASIL LTDA;SES-14;1007214624;GEO;47,5 W;Ka;Descida ↓;19481,5;19535,5;54,00;Circular à direita (CR);03/09/2018;2029-08-13 00:00:00.000000;2014-08-06 00:00:00.000000;6915
SES DTH DO BRASIL LTDA;SES-14;1007214624;GEO;47,5 W;Ku;Descida ↓;12119;12191;72,00;Horizontal (H);03/09/2018;2029-08-13 00:00:00.000000;2014-08-06 00:00:00.000000;6915
SES DTH DO BRASIL LTDA;SES-14;1007214624;GEO;47,5 W;Ku;Descida ↓;11831,5;11945,5;114,00;Horizontal (H);03/09/2018;2029-08-13 00:00:00.000000;2014-08-06 00:00:00.000000;6915
SES DTH DO BRASIL LTDA;SES-14;1007214624;GEO;47,5 W;Ku;Subida ↑;14007,5;14059,5;52,00;Horizontal (H);03/09/2018;2029-08-13 00:00:00.000000;2014-08-06 00:00:00.000000;6915
SES DTH DO BRASIL LTDA;SES-14;1007214624;GEO;47,5 W;Ku;Subida ↑;14131,5;14185,5;54,00;Vertical (V);03/09/2018;2029-08-13 00:00:00.000000;2014-08-06 00:00:00.000000;6915
SES DTH DO BRASIL LTDA;SES-14;1007214624;GEO;47,5 W;Ku;Subida ↑;14005,5;14059,5;54,00;Horizontal (H);03/09/2018;2029-08-13 00:00:00.000000;2014-08-06 00:00:00.000000;6915
SES DTH DO BRASIL LTDA;SES-14;1007214624;GEO;47,5 W;Ku;Subida ↑;14065,5;14119,5;54,00;Vertical (V);03/09/2018;2029-08-13 00:00:00.000000;2014-08-06 00:00:00.000000;6915
SES DTH DO BRASIL LTDA;SES-14;1007214624;GEO;47,5 W;Ku;Subida ↑;14377;14413;36,00;Vertical (V);03/09/2018;2029-08-13 00:00:00.000000;2014-08-06 00:00:00.000000;6915
SES DTH DO BRASIL LTDA;SES-14;1007214624;GEO;47,5 W;Ku;Subida ↑;14457;14493;36,00;Horizontal (H);03/09/2018;2029-08-13 00:00:00.000000;2014-08-06 00:00:00.000000;6915
SES DTH DO BRASIL LTDA;SES-14;1007214624;GEO;47,5 W;Ku;Descida ↓;11705,5;11819,5;114,00;Horizontal (H);03/09/2018;2029-08-13 00:00:00.000000;2014-08-06 00:00:00.000000;6915
SES DTH DO BRASIL LTDA;SES-14;1007214624;GEO;47,5 W;Ku;Descida ↓;11959;12031;72,00;Horizontal (H);03/09/2018;2029-08-13 00:00:00.000000;2014-08-06 00:00:00.000000;6915
SES DTH DO BRASIL LTDA;SES-14;1007214624;GEO;47,5 W;Ku;Descida ↓;11705,5;11819,5;114,00;Vertical (V);03/09/2018;2029-08-13 00:00:00.000000;2014-08-06 00:00:00.000000;6915
SES DTH DO BRASIL LTDA;SES-14;1007214624;GEO;47,5 W;Ku;Descida ↓;11957;11993;36,00;Horizontal (H);03/09/2018;2029-08-13 00:00:00.000000;2014-08-06 00:00:00.000000;6915
SES DTH DO BRASIL LTDA;SES-14;1007214624;GEO;47,5 W;Ku;Descida ↓;11081,5;11195,5;114,00;Horizontal (H);03/09/2018;2029-08-13 00:00:00.000000;2014-08-06 00:00:00.000000;6915
SES DTH DO BRASIL LTDA;SES-14;1007214624;GEO;47,5 W;Ku;Subida ↑;14007,5;14059,5;52,00;Vertical (V);03/09/2018;2029-08-13 00:00:00.000000;2014-08-06 00:00:00.000000;6915
SES DTH DO BRASIL LTDA;SES-14;1007214624;GEO;47,5 W;Ku;Subida ↑;14419;14491;72,00;Vertical (V);03/09/2018;2029-08-13 00:00:00.000000;2014-08-06 00:00:00.000000;6915
SES DTH DO BRASIL LTDA;SES-14;1007214624;GEO;47,5 W;Ku;Descida ↓;11705,5;11759,5;54,00;Horizontal (H);03/09/2018;2029-08-13 00:00:00.000000;2014-08-06 00:00:00.000000;6915
SES DTH DO BRASIL LTDA;SES-14;1007214624;GEO;47,5 W;Ku;Descida ↓;12119;12191;72,00;Vertical (V);03/09/2018;2029-08-13 00:00:00.000000;2014-08-06 00:00:00.000000;6915
SES DTH DO BRASIL LTDA;SES-14;1007214624;GEO;47,5 W;Ka;Descida ↓;19291,5;19345,5;54,00;Circular à direita (CR);03/09/2018;2029-08-13 00:00:00.000000;2014-08-06 00:00:00.000000;6915
SES DTH DO BRASIL LTDA;SES-14;1007214624;GEO;47,5 W;Ka;Descida ↓;19415,5;19469,5;54,00;Circular à direita (CR);03/09/2018;2029-08-13 00:00:00.000000;2014-08-06 00:00:00.000000;6915
SES DTH DO BRASIL LTDA;SES-14;1007214624;GEO;47,5 W;Ku;Descida ↓;12077;12113;36,00;Vertical (V);03/09/2018;2029-08-13 00:00:00.000000;2014-08-06 00:00:00.000000;6915
SES DTH DO BRASIL LTDA;SES-14;1007214624;GEO;47,5 W;Ku;Subida ↑;14419;14491;72,00;Horizontal (H);03/09/2018;2029-08-13 00:00:00.000000;2014-08-06 00:00:00.000000;6915
SES DTH DO BRASIL LTDA;SES-14;1007214624;GEO;47,5 W;Ku;Subida ↑;14377;14413;36,00;Horizontal (H);03/09/2018;2029-08-13 00:00:00.000000;2014-08-06 00:00:00.000000;6915
SES DTH DO BRASIL LTDA;SES-14;1007214624;GEO;47,5 W;C;Descida ↓;3865;3901;36,00;Circular à direita (CR);03/09/2018;2029-08-13 00:00:00.000000;2014-08-06 00:00:00.000000;6915
SES DTH DO BRASIL LTDA;SES-14;1007214624;GEO;47,5 W;Ku;Descida ↓;12117;12153;36,00;Vertical (V);03/09/2018;2029-08-13 00:00:00.000000;2014-08-06 00:00:00.000000;6915
SES DTH DO BRASIL LTDA;SES-14;1007214624;GEO;47,5 W;Ku;Descida ↓;12039;12111;72,00;Horizontal (H);03/09/2018;2029-08-13 00:00:00.000000;2014-08-06 00:00:00.000000;6915
SES DTH DO BRASIL LTDA;SES-14;1007214624;GEO;47,5 W;Ku;Subida ↑;14257;14293;36,00;Horizontal (H);03/09/2018;2029-08-13 00:00:00.000000;2014-08-06 00:00:00.000000;6915
SES DTH DO BRASIL LTDA;SES-14;1007214624;GEO;47,5 W;C;Subida ↑;6010;6046;36,00;Circular à direita (CR);03/09/2018;2029-08-13 00:00:00.000000;2014-08-06 00:00:00.000000;6915
SES DTH DO BRASIL LTDA;SES-14;1007214624;GEO;47,5 W;C;Subida ↑;5932;6004;72,00;Circular à direita (CR);03/09/2018;2029-08-13 00:00:00.000000;2014-08-06 00:00:00.000000;6915
SES DTH DO BRASIL LTDA;SES-14;1007214624;GEO;47,5 W;C;Descida ↓;4117;4196;79,00;Circular à direita (CR);03/09/2018;2029-08-13 00:00:00.000000;2014-08-06 00:00:00.000000;6915
SES DTH DO BRASIL LTDA;SES-14;1007214624;GEO;47,5 W;Ku;Descida ↓;11891,5;11945,5;54,00;Horizontal (H);03/09/2018;2029-08-13 00:00:00.000000;2014-08-06 00:00:00.000000;6915
SES DTH DO BRASIL LTDA;SES-14;1007214624;GEO;47,5 W;C;Descida ↓;3707;3779;72,00;Circular à direita (CR);03/09/2018;2029-08-13 00:00:00.000000;2014-08-06 00:00:00.000000;6915
SES DTH DO BRASIL LTDA;SES-14;1007214624;GEO;47,5 W;C;Subida ↑;5852;5924;72,00;Circular à direita (CR);03/09/2018;2029-08-13 00:00:00.000000;2014-08-06 00:00:00.000000;6915
SES DTH DO BRASIL LTDA;SES-14;1007214624;GEO;47,5 W;Ku;Descida ↓;12037;12073;36,00;Horizontal (H);03/09/2018;2029-08-13 00:00:00.000000;2014-08-06 00:00:00.000000;6915
SES DTH DO BRASIL LTDA;SES-14;1007214624;GEO;47,5 W;Ka;Subida ↑;28255,5;28425,5;170,00;Circular à direita (CR);03/09/2018;2029-08-13 00:00:00.000000;2014-08-06 00:00:00.000000;6915
SES DTH DO BRASIL LTDA;SES-14;1007214624;GEO;47,5 W;Ku;Subida ↑;14259;14331;72,00;Horizontal (H);03/09/2018;2029-08-13 00:00:00.000000;2014-08-06 00:00:00.000000;6915
SES DTH DO BRASIL LTDA;SES-14;1007214624;GEO;47,5 W;C;Descida ↓;4077;4113;36,00;Circular à direita (CR);03/09/2018;2029-08-13 00:00:00.000000;2014-08-06 00:00:00.000000;6915
SES DTH DO BRASIL LTDA;SES-14;1007214624;GEO;47,5 W;Ka;Subida ↑;29325,5;29495,5;170,00;Circular à direita (CR);03/09/2018;2029-08-13 00:00:00.000000;2014-08-06 00:00:00.000000;6915
SES DTH DO BRASIL LTDA;SES-14;1007214624;GEO;47,5 W;Ka;Subida ↑;28505,5;28675,5;170,00;Circular à direita (CR);03/09/2018;2029-08-13 00:00:00.000000;2014-08-06 00:00:00.000000;6915
SES DTH DO BRASIL LTDA;SES-14;1007214624;GEO;47,5 W;Ka;Subida ↑;28825,5;28995,5;170,00;Circular à direita (CR);03/09/2018;2029-08-13 00:00:00.000000;2014-08-06 00:00:00.000000;6915
SES DTH DO BRASIL LTDA;SES-14;1007214624;GEO;47,5 W;C;Descida ↓;3825;3861;36,00;Circular à direita (CR);03/09/2018;2029-08-13 00:00:00.000000;2014-08-06 00:00:00.000000;6915
SES DTH DO BRASIL LTDA;SES-14;1007214624;GEO;47,5 W;Ku;Subida ↑;14297;14333;36,00;Horizontal (H);03/09/2018;2029-08-13 00:00:00.000000;2014-08-06 00:00:00.000000;6915
SES DTH DO BRASIL LTDA;SES-14;1007214624;GEO;47,5 W;Ka;Subida ↑;29075,5;29245,5;170,00;Circular à direita (CR);03/09/2018;2029-08-13 00:00:00.000000;2014-08-06 00:00:00.000000;6915
SES DTH DO BRASIL LTDA;SES-14;1007214624;GEO;47,5 W;C;Descida ↓;3905;3941;36,00;Circular à direita (CR);03/09/2018;2029-08-13 00:00:00.000000;2014-08-06 00:00:00.000000;6915
SES DTH DO BRASIL LTDA;SES-14;1007214624;GEO;47,5 W;C;Descida ↓;3627;3699;72,00;Circular à direita (CR);03/09/2018;2029-08-13 00:00:00.000000;2014-08-06 00:00:00.000000;6915
SES DTH DO BRASIL LTDA;SES-14;1007214624;GEO;47,5 W;C;Subida ↑;6050;6086;36,00;Circular à direita (CR);03/09/2018;2029-08-13 00:00:00.000000;2014-08-06 00:00:00.000000;6915
SES DTH DO BRASIL LTDA;SES-14;1007214624;GEO;47,5 W;Ka;Subida ↑;28631,5;28745,5;114,00;Circular à direita (CR);03/09/2018;2029-08-13 00:00:00.000000;2014-08-06 00:00:00.000000;6915
SES DTH DO BRASIL LTDA;SES-14;1007214624;GEO;47,5 W;Ku;Descida ↓;10955,5;11009,5;54,00;Vertical (V);03/09/2018;2029-08-13 00:00:00.000000;2014-08-06 00:00:00.000000;6915
SES DTH DO BRASIL LTDA;SES-14;1007214624;GEO;47,5 W;Ku;Descida ↓;11775,5;11945,5;170,00;Horizontal (H);03/09/2018;2029-08-13 00:00:00.000000;2014-08-06 00:00:00.000000;6915
SES DTH DO BRASIL LTDA;SES-14;1007214624;GEO;47,5 W;Ku;Subida ↑;14191,5;14245,5;54,00;Vertical (V);03/09/2018;2029-08-13 00:00:00.000000;2014-08-06 00:00:00.000000;6915
SES DTH DO BRASIL LTDA;SES-14;1007214624;GEO;47,5 W;C;Descida ↓;3959;4033;74,00;Circular à direita (CR);03/09/2018;2029-08-13 00:00:00.000000;2014-08-06 00:00:00.000000;6915
SES DTH DO BRASIL LTDA;SES-14;1007214624;GEO;47,5 W;Ku;Subida ↑;14337;14373;36,00;Horizontal (H);03/09/2018;2029-08-13 00:00:00.000000;2014-08-06 00:00:00.000000;6915
SES DTH DO BRASIL LTDA;SES-14;1007214624;GEO;47,5 W;Ku;Descida ↓;11141,5;11195,5;54,00;Horizontal (H);03/09/2018;2029-08-13 00:00:00.000000;2014-08-06 00:00:00.000000;6915
SES DTH DO BRASIL LTDA;SES-14;1007214624;GEO;47,5 W;Ka;Descida ↓;19105,5;19159,5;54,00;Circular à direita (CR);03/09/2018;2029-08-13 00:00:00.000000;2014-08-06 00:00:00.000000;6915
SES DTH DO BRASIL LTDA;SES-14;1007214624;GEO;47,5 W;Ku;Subida ↑;14457;14493;36,00;Vertical (V);03/09/2018;2029-08-13 00:00:00.000000;2014-08-06 00:00:00.000000;6915
SES DTH DO BRASIL LTDA;SES-14;1007214624;GEO;47,5 W;Ku;Subida ↑;14496,6;14498,4;2,00;Horizontal (H);03/09/2018;2029-08-13 00:00:00.000000;2014-08-06 00:00:00.000000;6915
SES DTH DO BRASIL LTDA;SES-14;1007214624;GEO;47,5 W;Ku;Descida ↓;10955,5;11125,5;170,00;Vertical (V);03/09/2018;2029-08-13 00:00:00.000000;2014-08-06 00:00:00.000000;6915
SES DTH DO BRASIL LTDA;SES-14;1007214624;GEO;47,5 W;Ku;Subida ↑;14005,5;14059,5;54,00;Vertical (V);03/09/2018;2029-08-13 00:00:00.000000;2014-08-06 00:00:00.000000;6915
SES DTH DO BRASIL LTDA;SES-14;1007214624;GEO;47,5 W;Ka;Subida ↑;28005,5;28175,5;170,00;Circular à direita (CR);03/09/2018;2029-08-13 00:00:00.000000;2014-08-06 00:00:00.000000;6915
SES DTH DO BRASIL LTDA;SES-14;1007214624;GEO;47,5 W;C;Subida ↑;6262;6298;36,00;Circular à direita (CR);03/09/2018;2029-08-13 00:00:00.000000;2014-08-06 00:00:00.000000;6915
SES DTH DO BRASIL LTDA;SES-14;1007214624;GEO;47,5 W;C;Subida ↑;6130;6166;36,00;Circular à direita (CR);03/09/2018;2029-08-13 00:00:00.000000;2014-08-06 00:00:00.000000;6915
SES DTH DO BRASIL LTDA;SES-14;1007214624;GEO;47,5 W;C;Descida ↓;4037;4073;36,00;Circular à direita (CR);03/09/2018;2029-08-13 00:00:00.000000;2014-08-06 00:00:00.000000;6915
SES DTH DO BRASIL LTDA;SES-14;1007214624;GEO;47,5 W;Ka;Subida ↑;29381,5;29495,5;114,00;Circular à direita (CR);03/09/2018;2029-08-13 00:00:00.000000;2014-08-06 00:00:00.000000;6915
SES DTH DO BRASIL LTDA;SES-14;1007214624;GEO;47,5 W;Ku;Descida ↓;12157;12193;36,00;Vertical (V);03/09/2018;2029-08-13 00:00:00.000000;2014-08-06 00:00:00.000000;6915
SES DTH DO BRASIL LTDA;SES-14;1007214624;GEO;47,5 W;C;Subida ↑;6184;6258;74,00;Circular à direita (CR);03/09/2018;2029-08-13 00:00:00.000000;2014-08-06 00:00:00.000000;6915
SES DTH DO BRASIL LTDA;SES-14;1007214624;GEO;47,5 W;Ka;Descida ↓;19231,5;19285,5;54,00;Circular à direita (CR);03/09/2018;2029-08-13 00:00:00.000000;2014-08-06 00:00:00.000000;6915
SHANGHAI SPACESAIL TECHNOLOGIES CO. LTD.;Sistema SpaceSail;1017529121;NGEO; ;Q/V;Subida ↑;48200;48450;250,00;Circular à esquerda (CL);09/06/2026;N;2026-04-10 00:00:00.000000;5204
SHANGHAI SPACESAIL TECHNOLOGIES CO. LTD.;Sistema SpaceSail;1017529121;NGEO; ;Q/V;Descida ↓;37750;37875;125,00;Circular à direita (CR);09/06/2026;N;2026-04-10 00:00:00.000000;5204
SHANGHAI SPACESAIL TECHNOLOGIES CO. LTD.;Sistema SpaceSail;1017529121;NGEO; ;Q/V;Subida ↑;48450;48700;250,00;Circular à esquerda (CL);09/06/2026;N;2026-04-10 00:00:00.000000;5204
SHANGHAI SPACESAIL TECHNOLOGIES CO. LTD.;Sistema SpaceSail;1017529121;NGEO; ;Q/V;Descida ↓;37875;38000;125,00;Circular à direita (CR);09/06/2026;N;2026-04-10 00:00:00.000000;5204
SHANGHAI SPACESAIL TECHNOLOGIES CO. LTD.;Sistema SpaceSail;1017529121;NGEO; ;Q/V;Descida ↓;37500;37625;125,00;Circular à direita (CR);09/06/2026;N;2026-04-10 00:00:00.000000;5204
SHANGHAI SPACESAIL TECHNOLOGIES CO. LTD.;Sistema SpaceSail;1017529121;NGEO; ;Q/V;Descida ↓;37625;37750;125,00;Circular à direita (CR);09/06/2026;N;2026-04-10 00:00:00.000000;5204
SHANGHAI SPACESAIL TECHNOLOGIES CO. LTD.;Sistema SpaceSail;1017529121;NGEO; ;Ku;Descida ↓;11450;11700;250,00;Circular à direita (CR);09/06/2026;N;2026-04-10 00:00:00.000000;5204
SHANGHAI SPACESAIL TECHNOLOGIES CO. LTD.;Sistema SpaceSail;1017529121;NGEO; ;Ku;Descida ↓;12200;12450;250,00;Circular à direita (CR);09/06/2026;N;2026-04-10 00:00:00.000000;5204
SHANGHAI SPACESAIL TECHNOLOGIES CO. LTD.;Sistema SpaceSail;1017529121;NGEO; ;Ku;Subida ↑;14125;14250;125,00;Circular à esquerda (CL);09/06/2026;N;2026-04-10 00:00:00.000000;5204
SHANGHAI SPACESAIL TECHNOLOGIES CO. LTD.;Sistema SpaceSail;1017529121;NGEO; ;Q/V;Subida ↑;47450;47700;250,00;Circular à esquerda (CL);09/06/2026;N;2026-04-10 00:00:00.000000;5204
SHANGHAI SPACESAIL TECHNOLOGIES CO. LTD.;Sistema SpaceSail;1017529121;NGEO; ;Ku;Descida ↓;11700;11950;250,00;Circular à direita (CR);09/06/2026;N;2026-04-10 00:00:00.000000;5204
SHANGHAI SPACESAIL TECHNOLOGIES CO. LTD.;Sistema SpaceSail;1017529121;NGEO; ;Ku;Descida ↓;10700;10950;250,00;Circular à direita (CR);09/06/2026;N;2026-04-10 00:00:00.000000;5204
SHANGHAI SPACESAIL TECHNOLOGIES CO. LTD.;Sistema SpaceSail;1017529121;NGEO; ;Q/V;Subida ↑;48700;48950;250,00;Circular à esquerda (CL);09/06/2026;N;2026-04-10 00:00:00.000000;5204
SHANGHAI SPACESAIL TECHNOLOGIES CO. LTD.;Sistema SpaceSail;1017529121;NGEO; ;Ku;Descida ↓;12450;12700;250,00;Circular à direita (CR);09/06/2026;N;2026-04-10 00:00:00.000000;5204
SHANGHAI SPACESAIL TECHNOLOGIES CO. LTD.;Sistema SpaceSail;1017529121;NGEO; ;Q/V;Subida ↑;47950;48200;250,00;Circular à esquerda (CL);09/06/2026;N;2026-04-10 00:00:00.000000;5204
SHANGHAI SPACESAIL TECHNOLOGIES CO. LTD.;Sistema SpaceSail;1017529121;NGEO; ;Ku;Descida ↓;10950;11200;250,00;Circular à direita (CR);09/06/2026;N;2026-04-10 00:00:00.000000;5204
SHANGHAI SPACESAIL TECHNOLOGIES CO. LTD.;Sistema SpaceSail;1017529121;NGEO; ;Ku;Subida ↑;14250;14375;125,00;Circular à esquerda (CL);09/06/2026;N;2026-04-10 00:00:00.000000;5204
SHANGHAI SPACESAIL TECHNOLOGIES CO. LTD.;Sistema SpaceSail;1017529121;NGEO; ;Ku;Subida ↑;14000;14125;125,00;Circular à esquerda (CL);09/06/2026;N;2026-04-10 00:00:00.000000;5204
SHANGHAI SPACESAIL TECHNOLOGIES CO. LTD.;Sistema SpaceSail;1017529121;NGEO; ;Q/V;Subida ↑;47700;47950;250,00;Circular à esquerda (CL);09/06/2026;N;2026-04-10 00:00:00.000000;5204
SHANGHAI SPACESAIL TECHNOLOGIES CO. LTD.;Sistema SpaceSail;1017529121;NGEO; ;Ku;Subida ↑;14375;14500;125,00;Circular à esquerda (CL);09/06/2026;N;2026-04-10 00:00:00.000000;5204
SHANGHAI SPACESAIL TECHNOLOGIES CO. LTD.;Sistema SpaceSail;1017529121;NGEO; ;Ku;Descida ↓;11950;12200;250,00;Circular à direita (CR);09/06/2026;N;2026-04-10 00:00:00.000000;5204
SHANGHAI SPACESAIL TECHNOLOGIES CO. LTD.;Sistema SpaceSail;1017529121;NGEO; ;Ku;Descida ↓;11200;11450;250,00;Circular à direita (CR);09/06/2026;N;2026-04-10 00:00:00.000000;5204
SHANGHAI SPACESAIL TECHNOLOGIES CO. LTD.;Sistema SpaceSail;1017529121;NGEO; ;Q/V;Subida ↑;47200;47450;250,00;Circular à esquerda (CL);09/06/2026;N;2026-04-10 00:00:00.000000;5204
SHANGHAI SPACESAIL TECHNOLOGIES CO. LTD.;Sistema SpaceSail;1017529121;NGEO; ;Q/V;Subida ↑;48950;49200;250,00;Circular à esquerda (CL);09/06/2026;N;2026-04-10 00:00:00.000000;5204
SKYNET SATELLITE CORPORATION;Telstar 12V;1002894317;GEO;15 W;Ku;Descida ↓;11080;11134;54,00;Horizontal (H);11/06/2024;2031-01-05 00:00:00.000000;2024-03-27 00:00:00.000000;3634
SKYNET SATELLITE CORPORATION;Telstar 12V;1002894317;GEO;15 W;Ku;Subida ↑;13818;13872;54,00;Horizontal (H);11/06/2024;2031-01-05 00:00:00.000000;2024-03-27 00:00:00.000000;3634
SKYNET SATELLITE CORPORATION;Telstar 12V;1002894317;GEO;15 W;Ku;Subida ↑;14440;14494;54,00;Vertical (V);11/06/2024;2031-01-05 00:00:00.000000;2024-03-27 00:00:00.000000;3634
SKYNET SATELLITE CORPORATION;Telstar 12V;1002894317;GEO;15 W;Ku;Subida ↑;13880;13934;54,00;Horizontal (H);11/06/2024;2031-01-05 00:00:00.000000;2024-03-27 00:00:00.000000;3634
SKYNET SATELLITE CORPORATION;Telstar 12V;1002894317;GEO;15 W;Ku;Descida ↓;12078;12132;54,00;Horizontal (H);11/06/2024;2031-01-05 00:00:00.000000;2024-03-27 00:00:00.000000;3634
SKYNET SATELLITE CORPORATION;Telstar 12V;1002894317;GEO;15 W;Ku;Descida ↓;11768;11822;54,00;Horizontal (H);11/06/2024;2031-01-05 00:00:00.000000;2024-03-27 00:00:00.000000;3634
SKYNET SATELLITE CORPORATION;Telstar 12V;1002894317;GEO;15 W;Ku;Descida ↓;11954;12008;54,00;Horizontal (H);11/06/2024;2031-01-05 00:00:00.000000;2024-03-27 00:00:00.000000;3634
SKYNET SATELLITE CORPORATION;Telstar 12V;1002894317;GEO;15 W;Ku;Subida ↑;13756;13810;54,00;Horizontal (H);11/06/2024;2031-01-05 00:00:00.000000;2024-03-27 00:00:00.000000;3634
SKYNET SATELLITE CORPORATION;Telstar 12V;1002894317;GEO;15 W;Ku;Descida ↓;11142;11196;54,00;Horizontal (H);11/06/2024;2031-01-05 00:00:00.000000;2024-03-27 00:00:00.000000;3634
SKYNET SATELLITE CORPORATION;Telstar 12V;1002894317;GEO;15 W;Ku;Descida ↓;11892;11946;54,00;Horizontal (H);11/06/2024;2031-01-05 00:00:00.000000;2024-03-27 00:00:00.000000;3634
SKYNET SATELLITE CORPORATION;Telstar 12V;1002894317;GEO;15 W;Ku;Subida ↑;14192;14246;54,00;Vertical (V);11/06/2024;2031-01-05 00:00:00.000000;2024-03-27 00:00:00.000000;3634
SKYNET SATELLITE CORPORATION;Telstar 12V;1002894317;GEO;15 W;Ku;Descida ↓;12140;12194;54,00;Horizontal (H);11/06/2024;2031-01-05 00:00:00.000000;2024-03-27 00:00:00.000000;3634
SKYNET SATELLITE CORPORATION;Telstar 12V;1002894317;GEO;15 W;Ku;Descida ↓;11706;11760;54,00;Horizontal (H);11/06/2024;2031-01-05 00:00:00.000000;2024-03-27 00:00:00.000000;3634
SKYNET SATELLITE CORPORATION;Telstar 12V;1002894317;GEO;15 W;Ku;Subida ↑;13942;13996;54,00;Horizontal (H);11/06/2024;2031-01-05 00:00:00.000000;2024-03-27 00:00:00.000000;3634
SKYNET SATELLITE CORPORATION;Telstar 12V;1002894317;GEO;15 W;Ku;Descida ↓;11018;11072;54,00;Horizontal (H);11/06/2024;2031-01-05 00:00:00.000000;2024-03-27 00:00:00.000000;3634
SKYNET SATELLITE CORPORATION;Telstar 12V;1002894317;GEO;15 W;Ku;Descida ↓;11830;11884;54,00;Horizontal (H);11/06/2024;2031-01-05 00:00:00.000000;2024-03-27 00:00:00.000000;3634
SKYNET SATELLITE CORPORATION;Telstar 12V;1002894317;GEO;15 W;Ku;Subida ↑;14006;14060;54,00;Vertical (V);11/06/2024;2031-01-05 00:00:00.000000;2024-03-27 00:00:00.000000;3634
SKYNET SATELLITE CORPORATION;Telstar 12V;1002894317;GEO;15 W;Ku;Subida ↑;14068;14122;54,00;Vertical (V);11/06/2024;2031-01-05 00:00:00.000000;2024-03-27 00:00:00.000000;3634
TELESAT BRASIL CAPACIDADE DE SATÉLITES LTDA;Telstar 19 Vantage;1007130676;GEO;63 W;Ka;Subida ↑;29275;29975;700,00;Circular à esquerda (CL);27/12/2023;N;2016-02-24 00:00:00.000000;50472
SKYNET SATELLITE CORPORATION;Telstar 12V;1002894317;GEO;15 W;Ku;Subida ↑;14378;14432;54,00;Vertical (V);11/06/2024;2031-01-05 00:00:00.000000;2024-03-27 00:00:00.000000;3634
TELESAT BRASIL CAPACIDADE DE SATÉLITES LTDA;Telstar 19 Vantage;1007130676;GEO;63 W;Ku;Descida ↓;11908;11944;36,00;Horizontal (H);27/12/2023;N;2023-11-17 00:00:00.000000;16127
SKYNET SATELLITE CORPORATION;Telstar 12V;1002894317;GEO;15 W;Ku;Subida ↑;13880;13934;54,00;Vertical (V);11/06/2024;2031-01-05 00:00:00.000000;2024-03-27 00:00:00.000000;3634
SKYNET SATELLITE CORPORATION;Telstar 12V;1002894317;GEO;15 W;Ku;Subida ↑;13756;13810;54,00;Vertical (V);11/06/2024;2031-01-05 00:00:00.000000;2024-03-27 00:00:00.000000;3634
SKYNET SATELLITE CORPORATION;Telstar 12V;1002894317;GEO;15 W;Ku;Subida ↑;14254;14308;54,00;Vertical (V);11/06/2024;2031-01-05 00:00:00.000000;2024-03-27 00:00:00.000000;3634
SKYNET SATELLITE CORPORATION;Telstar 12V;1002894317;GEO;15 W;Ku;Descida ↓;11142;11196;54,00;Vertical (V);11/06/2024;2031-01-05 00:00:00.000000;2024-03-27 00:00:00.000000;3634
TELESAT BRASIL CAPACIDADE DE SATÉLITES LTDA;Telstar 19 Vantage;1007130676;GEO;63 W;Ka;Subida ↑;28625;29075;450,00;Circular à esquerda (CL);27/12/2023;N;2016-02-24 00:00:00.000000;50472
TELESAT BRASIL CAPACIDADE DE SATÉLITES LTDA;Telstar 19 Vantage;1007130676;GEO;63 W;Ku;Descida ↓;11742;11778;36,00;Horizontal (H);27/12/2023;N;2023-11-17 00:00:00.000000;16127
SKYNET SATELLITE CORPORATION;Telstar 12V;1002894317;GEO;15 W;Ku;Descida ↓;11080;11134;54,00;Vertical (V);11/06/2024;2031-01-05 00:00:00.000000;2024-03-27 00:00:00.000000;3634
SKYNET SATELLITE CORPORATION;Telstar 12V;1002894317;GEO;15 W;Ku;Descida ↓;10956;11010;54,00;Vertical (V);11/06/2024;2031-01-05 00:00:00.000000;2024-03-27 00:00:00.000000;3634
SKYNET SATELLITE CORPORATION;Telstar 12V;1002894317;GEO;15 W;Ku;Subida ↑;13818;13872;54,00;Vertical (V);11/06/2024;2031-01-05 00:00:00.000000;2024-03-27 00:00:00.000000;3634
SKYNET SATELLITE CORPORATION;Telstar 12V;1002894317;GEO;15 W;Ku;Subida ↑;14316;14370;54,00;Vertical (V);11/06/2024;2031-01-05 00:00:00.000000;2024-03-27 00:00:00.000000;3634
SKYNET SATELLITE CORPORATION;Telstar 12V;1002894317;GEO;15 W;Ku;Subida ↑;14130;14184;54,00;Vertical (V);11/06/2024;2031-01-05 00:00:00.000000;2024-03-27 00:00:00.000000;3634
SKYNET SATELLITE CORPORATION;Telstar 12V;1002894317;GEO;15 W;Ku;Subida ↑;13942;13996;54,00;Vertical (V);11/06/2024;2031-01-05 00:00:00.000000;2024-03-27 00:00:00.000000;3634
SKYNET SATELLITE CORPORATION;Telstar 12V;1002894317;GEO;15 W;Ku;Descida ↓;12016;12070;54,00;Horizontal (H);11/06/2024;2031-01-05 00:00:00.000000;2024-03-27 00:00:00.000000;3634
SKYNET SATELLITE CORPORATION;Telstar 12V;1002894317;GEO;15 W;Ku;Descida ↓;10956;11010;54,00;Horizontal (H);11/06/2024;2031-01-05 00:00:00.000000;2024-03-27 00:00:00.000000;3634
SPACE EXPLORATION HOLDINGS, LLC;Sistema Starlink;1012808979;NGEO; ;Ka;Subida ↑;28600;29100;500,00;Circular à esquerda (CL);14/04/2025;N;2025-04-11 00:00:00.000000;4139
SPACE EXPLORATION HOLDINGS, LLC;Sistema Starlink;1012808979;NGEO; ;E;Subida ↑;81000;86000;5000,00;Circular à direita (CR);14/04/2025;N;2025-04-11 00:00:00.000000;4139
SPACE EXPLORATION HOLDINGS, LLC;Sistema Starlink;1012808979;NGEO; ;Ku;Subida ↑;14000;14500;500,00;Circular à direita (CR);14/04/2025;N;2025-04-11 00:00:00.000000;4139
SPACE EXPLORATION HOLDINGS, LLC;Sistema Starlink;1012808979;NGEO; ;Ka;Subida ↑;29500;30000;500,00;Circular à direita (CR);14/04/2025;N;2025-04-11 00:00:00.000000;4139
SPACE EXPLORATION HOLDINGS, LLC;Sistema Starlink;1012808979;NGEO; ;E;Descida ↓;71000;76000;5000,00;Circular à direita (CR);14/04/2025;N;2025-04-11 00:00:00.000000;4139
SPACE EXPLORATION HOLDINGS, LLC;Sistema Starlink;1012808979;NGEO; ;E;Subida ↑;81000;86000;5000,00;Circular à esquerda (CL);14/04/2025;N;2025-04-11 00:00:00.000000;4139
SPACE EXPLORATION HOLDINGS, LLC;Sistema Starlink;1012808979;NGEO; ;Ku;Descida ↓;10700;12700;2000,00;Circular à direita (CR);14/04/2025;N;2025-04-11 00:00:00.000000;4139
SPACE EXPLORATION HOLDINGS, LLC;Sistema Starlink;1012808979;NGEO; ;E;Descida ↓;71000;76000;5000,00;Circular à esquerda (CL);14/04/2025;N;2025-04-11 00:00:00.000000;4139
SPACE EXPLORATION HOLDINGS, LLC;Sistema Starlink;1012808979;NGEO; ;Ka;Descida ↓;17800;18600;800,00;Circular à esquerda (CL);14/04/2025;N;2025-04-11 00:00:00.000000;4139
SPACE EXPLORATION HOLDINGS, LLC;Sistema Starlink;1012808979;NGEO; ;Ku;Subida ↑;14000;14500;500,00;Circular à esquerda (CL);14/04/2025;N;2025-04-11 00:00:00.000000;4139
SPACE EXPLORATION HOLDINGS, LLC;Sistema Starlink;1012808979;NGEO; ;Ka;Subida ↑;29500;30000;500,00;Circular à esquerda (CL);14/04/2025;N;2025-04-11 00:00:00.000000;4139
SPACE EXPLORATION HOLDINGS, LLC;Sistema Starlink;1012808979;NGEO; ;Ka;Subida ↑;28600;29100;500,00;Circular à direita (CR);14/04/2025;N;2025-04-11 00:00:00.000000;4139
SPACE EXPLORATION HOLDINGS, LLC;Sistema Starlink;1012808979;NGEO; ;Ka;Subida ↑;27500;28600;1100,00;Circular à esquerda (CL);14/04/2025;N;2025-04-11 00:00:00.000000;4139
SPACE EXPLORATION HOLDINGS, LLC;Sistema Starlink;1012808979;NGEO; ;Ka;Subida ↑;27500;28600;1100,00;Circular à direita (CR);14/04/2025;N;2025-04-11 00:00:00.000000;4139
SPACE EXPLORATION HOLDINGS, LLC;Sistema Starlink;1012808979;NGEO; ;Ka;Descida ↓;17800;18600;800,00;Circular à direita (CR);14/04/2025;N;2025-04-11 00:00:00.000000;4139
SPACE EXPLORATION HOLDINGS, LLC;Sistema Starlink;1012808979;NGEO; ;Ka;Descida ↓;18800;19300;500,00;Circular à direita (CR);14/04/2025;N;2025-04-11 00:00:00.000000;4139
SPACE EXPLORATION HOLDINGS, LLC;Sistema Starlink;1012808979;NGEO; ;Ku;Descida ↓;10700;12700;2000,00;Circular à esquerda (CL);14/04/2025;N;2025-04-11 00:00:00.000000;4139
SPACE EXPLORATION HOLDINGS, LLC;Sistema Starlink;1012808979;NGEO; ;Ka;Descida ↓;18800;19300;500,00;Circular à esquerda (CL);14/04/2025;N;2025-04-11 00:00:00.000000;4139
STAR ONE S.A.;STARONE C4;1001910696;GEO;70 W;Ku(AP30/30A);Descida ↓;12402;12438;36,00;Horizontal (H);21/10/2020;2027-03-28 00:00:00.000000;2012-02-24 00:00:00.000000;1073
STAR ONE S.A.;STARONE C4;1001910696;GEO;70 W;Ku(AP30/30A);Descida ↓;12362;12398;36,00;Horizontal (H);21/10/2020;2027-03-28 00:00:00.000000;2012-02-24 00:00:00.000000;1073
STAR ONE S.A.;STARONE C4;1001910696;GEO;70 W;Ku;Descida ↓;11782;11818;36,00;Vertical (V);21/10/2020;2027-03-28 00:00:00.000000;2003-09-24 00:00:00.000000;39094
STAR ONE S.A.;STARONE C4;1001910696;GEO;70 W;Ku;Descida ↓;11116;11152;36,00;Horizontal (H);21/10/2020;2027-03-28 00:00:00.000000;2003-09-24 00:00:00.000000;39094
STAR ONE S.A.;STARONE C4;1001910696;GEO;70 W;Ku(AP30/30A);Descida ↓;12562;12598;36,00;Horizontal (H);21/10/2020;2027-03-28 00:00:00.000000;2012-02-24 00:00:00.000000;1073
STAR ONE S.A.;STARONE C4;1001910696;GEO;70 W;Ku(AP30/30A);Descida ↓;12242;12278;36,00;Horizontal (H);21/10/2020;2027-03-28 00:00:00.000000;2012-02-24 00:00:00.000000;1073
STAR ONE S.A.;STARONE C4;1001910696;GEO;70 W;Ku(AP30/30A);Descida ↓;12322;12358;36,00;Horizontal (H);21/10/2020;2027-03-28 00:00:00.000000;2012-02-24 00:00:00.000000;1073
STAR ONE S.A.;STARONE C4;1001910696;GEO;70 W;Ku(AP30/30A);Subida ↑;17442;17478;36,00;Horizontal (H);21/10/2020;2027-03-28 00:00:00.000000;2012-02-24 00:00:00.000000;1073
STAR ONE S.A.;STARONE C4;1001910696;GEO;70 W;Ku(AP30/30A);Descida ↓;12202;12238;36,00;Horizontal (H);21/10/2020;2027-03-28 00:00:00.000000;2012-02-24 00:00:00.000000;1073
STAR ONE S.A.;STARONE C4;1001910696;GEO;70 W;Ku(AP30/30A);Subida ↑;17322;17358;36,00;Horizontal (H);21/10/2020;2027-03-28 00:00:00.000000;2012-02-24 00:00:00.000000;1073
STAR ONE S.A.;STARONE C4;1001910696;GEO;70 W;Ku;Subida ↑;13957;13993;36,00;Horizontal (H);21/10/2020;2027-03-28 00:00:00.000000;2003-09-24 00:00:00.000000;39094
STAR ONE S.A.;STARONE C4;1001910696;GEO;70 W;Ku;Subida ↑;14202;14238;36,00;Horizontal (H);21/10/2020;2027-03-28 00:00:00.000000;2003-09-24 00:00:00.000000;39094
STAR ONE S.A.;STARONE C4;1001910696;GEO;70 W;Ku;Subida ↑;14062;14098;36,00;Vertical (V);21/10/2020;2027-03-28 00:00:00.000000;2003-09-24 00:00:00.000000;39094
STAR ONE S.A.;STARONE C4;1001910696;GEO;70 W;Ku;Subida ↑;14142;14178;36,00;Vertical (V);21/10/2020;2027-03-28 00:00:00.000000;2003-09-24 00:00:00.000000;39094
STAR ONE S.A.;STARONE C4;1001910696;GEO;70 W;Ku;Descida ↓;12042;12078;36,00;Horizontal (H);21/10/2020;2027-03-28 00:00:00.000000;2003-09-24 00:00:00.000000;39094
STAR ONE S.A.;STARONE C4;1001910696;GEO;70 W;Ku;Subida ↑;14242;14278;36,00;Horizontal (H);21/10/2020;2027-03-28 00:00:00.000000;2003-09-24 00:00:00.000000;39094
STAR ONE S.A.;STARONE C4;1001910696;GEO;70 W;Ku;Subida ↑;14022;14058;36,00;Vertical (V);21/10/2020;2027-03-28 00:00:00.000000;2003-09-24 00:00:00.000000;39094
STAR ONE S.A.;STARONE C4;1001910696;GEO;70 W;Ku;Descida ↓;11802;11838;36,00;Horizontal (H);21/10/2020;2027-03-28 00:00:00.000000;2003-09-24 00:00:00.000000;39094
STAR ONE S.A.;STARONE C4;1001910696;GEO;70 W;Ku;Subida ↑;14042;14078;36,00;Horizontal (H);21/10/2020;2027-03-28 00:00:00.000000;2003-09-24 00:00:00.000000;39094
STAR ONE S.A.;STARONE C4;1001910696;GEO;70 W;Ku;Descida ↓;11112;11148;36,00;Vertical (V);21/10/2020;2027-03-28 00:00:00.000000;2003-09-24 00:00:00.000000;39094
STAR ONE S.A.;STARONE C4;1001910696;GEO;70 W;Ku;Descida ↓;11842;11878;36,00;Horizontal (H);21/10/2020;2027-03-28 00:00:00.000000;2003-09-24 00:00:00.000000;39094
STAR ONE S.A.;STARONE C4;1001910696;GEO;70 W;Ku(AP30/30A);Descida ↓;12342;12378;36,00;Vertical (V);21/10/2020;2027-03-28 00:00:00.000000;2012-02-24 00:00:00.000000;1073
STAR ONE S.A.;STARONE C4;1001910696;GEO;70 W;Ku;Subida ↑;13961;13997;36,00;Vertical (V);21/10/2020;2027-03-28 00:00:00.000000;2003-09-24 00:00:00.000000;39094
STAR ONE S.A.;STARONE C4;1001910696;GEO;70 W;Ku(AP30/30A);Subida ↑;17422;17458;36,00;Vertical (V);21/10/2020;2027-03-28 00:00:00.000000;2012-02-24 00:00:00.000000;1073
STAR ONE S.A.;STARONE C4;1001910696;GEO;70 W;Ku;Subida ↑;14282;14318;36,00;Horizontal (H);21/10/2020;2027-03-28 00:00:00.000000;2003-09-24 00:00:00.000000;39094
STAR ONE S.A.;STARONE C4;1001910696;GEO;70 W;Ku;Subida ↑;14322;14358;36,00;Horizontal (H);21/10/2020;2027-03-28 00:00:00.000000;2003-09-24 00:00:00.000000;39094
STAR ONE S.A.;STARONE C4;1001910696;GEO;70 W;Ku;Subida ↑;13917;13953;36,00;Horizontal (H);21/10/2020;2027-03-28 00:00:00.000000;2003-09-24 00:00:00.000000;39094
STAR ONE S.A.;STARONE C4;1001910696;GEO;70 W;Ku;Subida ↑;14082;14118;36,00;Horizontal (H);21/10/2020;2027-03-28 00:00:00.000000;2003-09-24 00:00:00.000000;39094
STAR ONE S.A.;STARONE C4;1001910696;GEO;70 W;Ku;Subida ↑;14362;14398;36,00;Horizontal (H);21/10/2020;2027-03-28 00:00:00.000000;2003-09-24 00:00:00.000000;39094
STAR ONE S.A.;STARONE C4;1001910696;GEO;70 W;Ku(AP30/30A);Descida ↓;12522;12558;36,00;Horizontal (H);21/10/2020;2027-03-28 00:00:00.000000;2012-02-24 00:00:00.000000;1073
STAR ONE S.A.;STARONE C4;1001910696;GEO;70 W;Ku;Subida ↑;14002;14038;36,00;Horizontal (H);21/10/2020;2027-03-28 00:00:00.000000;2003-09-24 00:00:00.000000;39094
STAR ONE S.A.;STARONE C4;1001910696;GEO;70 W;Ku;Descida ↓;10952;10988;36,00;Vertical (V);21/10/2020;2027-03-28 00:00:00.000000;2003-09-24 00:00:00.000000;39094
STAR ONE S.A.;STARONE C4;1001910696;GEO;70 W;Ku(AP30/30A);Subida ↑;17362;17398;36,00;Horizontal (H);21/10/2020;2027-03-28 00:00:00.000000;2012-02-24 00:00:00.000000;1073
STAR ONE S.A.;STARONE C4;1001910696;GEO;70 W;Ku;Subida ↑;13761;13797;36,00;Vertical (V);21/10/2020;2027-03-28 00:00:00.000000;2003-09-24 00:00:00.000000;39094
STAR ONE S.A.;STARONE C4;1001910696;GEO;70 W;Ku;Descida ↓;11156;11192;36,00;Horizontal (H);21/10/2020;2027-03-28 00:00:00.000000;2003-09-24 00:00:00.000000;39094
STAR ONE S.A.;STARONE C4;1001910696;GEO;70 W;Ku(AP30/30A);Subida ↑;17462;17498;36,00;Vertical (V);21/10/2020;2027-03-28 00:00:00.000000;2012-02-24 00:00:00.000000;1073
STAR ONE S.A.;STARONE C4;1001910696;GEO;70 W;Ku;Descida ↓;12082;12118;36,00;Horizontal (H);21/10/2020;2027-03-28 00:00:00.000000;2003-09-24 00:00:00.000000;39094
STAR ONE S.A.;STARONE C4;1001910696;GEO;70 W;Ku;Descida ↓;11702;11738;36,00;Vertical (V);21/10/2020;2027-03-28 00:00:00.000000;2003-09-24 00:00:00.000000;39094
STAR ONE S.A.;STARONE C4;1001910696;GEO;70 W;Ku(AP30/30A);Descida ↓;12442;12478;36,00;Horizontal (H);21/10/2020;2027-03-28 00:00:00.000000;2012-02-24 00:00:00.000000;1073
STAR ONE S.A.;STARONE C4;1001910696;GEO;70 W;Ku(AP30/30A);Subida ↑;17642;17678;36,00;Horizontal (H);21/10/2020;2027-03-28 00:00:00.000000;2012-02-24 00:00:00.000000;1073
STAR ONE S.A.;STARONE C4;1001910696;GEO;70 W;Ku(AP30/30A);Descida ↓;12622;12658;36,00;Vertical (V);21/10/2020;2027-03-28 00:00:00.000000;2012-02-24 00:00:00.000000;1073
STAR ONE S.A.;STARONE C4;1001910696;GEO;70 W;Ku(AP30/30A);Subida ↑;17682;17718;36,00;Horizontal (H);21/10/2020;2027-03-28 00:00:00.000000;2012-02-24 00:00:00.000000;1073
STAR ONE S.A.;STARONE C4;1001910696;GEO;70 W;Ku(AP30/30A);Subida ↑;17382;17418;36,00;Vertical (V);21/10/2020;2027-03-28 00:00:00.000000;2012-02-24 00:00:00.000000;1073
STAR ONE S.A.;STARONE C4;1001910696;GEO;70 W;Ku;Descida ↓;11742;11778;36,00;Vertical (V);21/10/2020;2027-03-28 00:00:00.000000;2003-09-24 00:00:00.000000;39094
STAR ONE S.A.;STARONE C4;1001910696;GEO;70 W;Ku;Subida ↑;14102;14138;36,00;Vertical (V);21/10/2020;2027-03-28 00:00:00.000000;2003-09-24 00:00:00.000000;39094
STAR ONE S.A.;STARONE C4;1001910696;GEO;70 W;Ku(AP30/30A);Subida ↑;17302;17338;36,00;Vertical (V);21/10/2020;2027-03-28 00:00:00.000000;2012-02-24 00:00:00.000000;1073
STAR ONE S.A.;STARONE C4;1001910696;GEO;70 W;Ku(AP30/30A);Descida ↓;12482;12518;36,00;Horizontal (H);21/10/2020;2027-03-28 00:00:00.000000;2012-02-24 00:00:00.000000;1073
STAR ONE S.A.;STARONE C4;1001910696;GEO;70 W;Ku;Descida ↓;11036;11072;36,00;Horizontal (H);21/10/2020;2027-03-28 00:00:00.000000;2003-09-24 00:00:00.000000;39094
STAR ONE S.A.;STARONE C4;1001910696;GEO;70 W;Ku(AP30/30A);Descida ↓;12282;12318;36,00;Horizontal (H);21/10/2020;2027-03-28 00:00:00.000000;2012-02-24 00:00:00.000000;1073
STAR ONE S.A.;STARONE C4;1001910696;GEO;70 W;Ku(AP30/30A);Subida ↑;17602;17638;36,00;Horizontal (H);21/10/2020;2027-03-28 00:00:00.000000;2012-02-24 00:00:00.000000;1073
STAR ONE S.A.;STARONE C4;1001910696;GEO;70 W;Ku(AP30/30A);Descida ↓;12382;12418;36,00;Vertical (V);21/10/2020;2027-03-28 00:00:00.000000;2012-02-24 00:00:00.000000;1073
STAR ONE S.A.;STARONE C4;1001910696;GEO;70 W;Ku(AP30/30A);Subida ↑;17502;17538;36,00;Vertical (V);21/10/2020;2027-03-28 00:00:00.000000;2012-02-24 00:00:00.000000;1073
STAR ONE S.A.;STARONE C4;1001910696;GEO;70 W;Ku(AP30/30A);Subida ↑;17342;17378;36,00;Vertical (V);21/10/2020;2027-03-28 00:00:00.000000;2012-02-24 00:00:00.000000;1073
STAR ONE S.A.;STARONE C4;1001910696;GEO;70 W;Ku(AP30/30A);Descida ↓;12302;12338;36,00;Vertical (V);21/10/2020;2027-03-28 00:00:00.000000;2012-02-24 00:00:00.000000;1073
STAR ONE S.A.;STARONE C4;1001910696;GEO;70 W;Ku;Descida ↓;10992;11028;36,00;Vertical (V);21/10/2020;2027-03-28 00:00:00.000000;2003-09-24 00:00:00.000000;39094
STAR ONE S.A.;STARONE C4;1001910696;GEO;70 W;Ku;Descida ↓;12162;12198;36,00;Horizontal (H);21/10/2020;2027-03-28 00:00:00.000000;2003-09-24 00:00:00.000000;39094
STAR ONE S.A.;STARONE C4;1001910696;GEO;70 W;Ku;Subida ↑;13801;13837;36,00;Vertical (V);21/10/2020;2027-03-28 00:00:00.000000;2003-09-24 00:00:00.000000;39094
STAR ONE S.A.;STARONE C4;1001910696;GEO;70 W;Ku;Descida ↓;11152;11188;36,00;Vertical (V);21/10/2020;2027-03-28 00:00:00.000000;2003-09-24 00:00:00.000000;39094
STAR ONE S.A.;STARONE C4;1001910696;GEO;70 W;Ku;Subida ↑;13837;13873;36,00;Horizontal (H);21/10/2020;2027-03-28 00:00:00.000000;2003-09-24 00:00:00.000000;39094
STAR ONE S.A.;STARONE C4;1001910696;GEO;70 W;Ku(AP30/30A);Subida ↑;17562;17598;36,00;Horizontal (H);21/10/2020;2027-03-28 00:00:00.000000;2012-02-24 00:00:00.000000;1073
STAR ONE S.A.;STARONE C4;1001910696;GEO;70 W;Ku;Subida ↑;14402;14438;36,00;Horizontal (H);21/10/2020;2027-03-28 00:00:00.000000;2003-09-24 00:00:00.000000;39094
STAR ONE S.A.;STARONE C4;1001910696;GEO;70 W;Ku(AP30/30A);Subida ↑;17522;17558;36,00;Horizontal (H);21/10/2020;2027-03-28 00:00:00.000000;2012-02-24 00:00:00.000000;1073
STAR ONE S.A.;STARONE C4;1001910696;GEO;70 W;Ku;Subida ↑;14442;14478;36,00;Horizontal (H);21/10/2020;2027-03-28 00:00:00.000000;2003-09-24 00:00:00.000000;39094
STAR ONE S.A.;STARONE C4;1001910696;GEO;70 W;Ku;Descida ↓;12122;12158;36,00;Horizontal (H);21/10/2020;2027-03-28 00:00:00.000000;2003-09-24 00:00:00.000000;39094
STAR ONE S.A.;STARONE C4;1001910696;GEO;70 W;Ku;Subida ↑;13797;13833;36,00;Horizontal (H);21/10/2020;2027-03-28 00:00:00.000000;2003-09-24 00:00:00.000000;39094
STAR ONE S.A.;STARONE C4;1001910696;GEO;70 W;Ku(AP30/30A);Descida ↓;12222;12258;36,00;Vertical (V);21/10/2020;2027-03-28 00:00:00.000000;2012-02-24 00:00:00.000000;1073
STAR ONE S.A.;STARONE C4;1001910696;GEO;70 W;Ku(AP30/30A);Descida ↓;12602;12638;36,00;Horizontal (H);21/10/2020;2027-03-28 00:00:00.000000;2012-02-24 00:00:00.000000;1073
STAR ONE S.A.;STARONE C4;1001910696;GEO;70 W;Ku(AP30/30A);Subida ↑;17582;17618;36,00;Vertical (V);21/10/2020;2027-03-28 00:00:00.000000;2012-02-24 00:00:00.000000;1073
STAR ONE S.A.;STARONE C4;1001910696;GEO;70 W;Ku(AP30/30A);Subida ↑;17402;17438;36,00;Horizontal (H);21/10/2020;2027-03-28 00:00:00.000000;2012-02-24 00:00:00.000000;1073
STAR ONE S.A.;STARONE C4;1001910696;GEO;70 W;Ku(AP30/30A);Descida ↓;12662;12698;36,00;Vertical (V);21/10/2020;2027-03-28 00:00:00.000000;2012-02-24 00:00:00.000000;1073
STAR ONE S.A.;STARONE C4;1001910696;GEO;70 W;Ku;Subida ↑;14382;14418;36,00;Vertical (V);21/10/2020;2027-03-28 00:00:00.000000;2003-09-24 00:00:00.000000;39094
STAR ONE S.A.;STARONE C4;1001910696;GEO;70 W;Ku;Descida ↓;11076;11112;36,00;Horizontal (H);21/10/2020;2027-03-28 00:00:00.000000;2003-09-24 00:00:00.000000;39094
STAR ONE S.A.;STARONE C4;1001910696;GEO;70 W;Ku(AP30/30A);Descida ↓;12582;12618;36,00;Vertical (V);21/10/2020;2027-03-28 00:00:00.000000;2012-02-24 00:00:00.000000;1073
STAR ONE S.A.;STARONE C4;1001910696;GEO;70 W;Ku(AP30/30A);Subida ↑;17722;17758;36,00;Horizontal (H);21/10/2020;2027-03-28 00:00:00.000000;2012-02-24 00:00:00.000000;1073
STAR ONE S.A.;STARONE C4;1001910696;GEO;70 W;Ku;Subida ↑;13757;13793;36,00;Horizontal (H);21/10/2020;2027-03-28 00:00:00.000000;2003-09-24 00:00:00.000000;39094
STAR ONE S.A.;STARONE C4;1001910696;GEO;70 W;Ku;Subida ↑;14302;14338;36,00;Vertical (V);21/10/2020;2027-03-28 00:00:00.000000;2003-09-24 00:00:00.000000;39094
STAR ONE S.A.;STARONE C4;1001910696;GEO;70 W;Ku(AP30/30A);Descida ↓;12642;12678;36,00;Horizontal (H);21/10/2020;2027-03-28 00:00:00.000000;2012-02-24 00:00:00.000000;1073
STAR ONE S.A.;STARONE C4;1001910696;GEO;70 W;Ku(AP30/30A);Descida ↓;12422;12458;36,00;Vertical (V);21/10/2020;2027-03-28 00:00:00.000000;2012-02-24 00:00:00.000000;1073
STAR ONE S.A.;STARONE C4;1001910696;GEO;70 W;Ku(AP30/30A);Subida ↑;17762;17798;36,00;Horizontal (H);21/10/2020;2027-03-28 00:00:00.000000;2012-02-24 00:00:00.000000;1073
STAR ONE S.A.;STARONE C4;1001910696;GEO;70 W;Ku;Descida ↓;10956;10992;36,00;Horizontal (H);21/10/2020;2027-03-28 00:00:00.000000;2003-09-24 00:00:00.000000;39094
STAR ONE S.A.;STARONE C4;1001910696;GEO;70 W;Ku;Subida ↑;14122;14158;36,00;Horizontal (H);21/10/2020;2027-03-28 00:00:00.000000;2003-09-24 00:00:00.000000;39094
STAR ONE S.A.;STARONE C4;1001910696;GEO;70 W;Ku;Descida ↓;10996;11032;36,00;Horizontal (H);21/10/2020;2027-03-28 00:00:00.000000;2003-09-24 00:00:00.000000;39094
STAR ONE S.A.;STARONE C4;1001910696;GEO;70 W;Ku(AP30/30A);Subida ↑;17662;17698;36,00;Vertical (V);21/10/2020;2027-03-28 00:00:00.000000;2012-02-24 00:00:00.000000;1073
STAR ONE S.A.;STARONE C4;1001910696;GEO;70 W;Ku;Subida ↑;14342;14378;36,00;Vertical (V);21/10/2020;2027-03-28 00:00:00.000000;2003-09-24 00:00:00.000000;39094
STAR ONE S.A.;STARONE C4;1001910696;GEO;70 W;Ku(AP30/30A);Subida ↑;17542;17578;36,00;Vertical (V);21/10/2020;2027-03-28 00:00:00.000000;2012-02-24 00:00:00.000000;1073
STAR ONE S.A.;STARONE C4;1001910696;GEO;70 W;Ku;Descida ↓;12102;12138;36,00;Vertical (V);21/10/2020;2027-03-28 00:00:00.000000;2003-09-24 00:00:00.000000;39094
STAR ONE S.A.;STARONE C4;1001910696;GEO;70 W;Ku;Descida ↓;11902;11938;36,00;Vertical (V);21/10/2020;2027-03-28 00:00:00.000000;2003-09-24 00:00:00.000000;39094
STAR ONE S.A.;STARONE C4;1001910696;GEO;70 W;Ku(AP30/30A);Descida ↓;12462;12498;36,00;Vertical (V);21/10/2020;2027-03-28 00:00:00.000000;2012-02-24 00:00:00.000000;1073
STAR ONE S.A.;STARONE C4;1001910696;GEO;70 W;Ku;Descida ↓;11942;11978;36,00;Vertical (V);21/10/2020;2027-03-28 00:00:00.000000;2003-09-24 00:00:00.000000;39094
STAR ONE S.A.;STARONE C4;1001910696;GEO;70 W;Ku;Subida ↑;13881;13917;36,00;Vertical (V);21/10/2020;2027-03-28 00:00:00.000000;2003-09-24 00:00:00.000000;39094
STAR ONE S.A.;STARONE C4;1001910696;GEO;70 W;Ku;Subida ↑;14222;14258;36,00;Vertical (V);21/10/2020;2027-03-28 00:00:00.000000;2003-09-24 00:00:00.000000;39094
STAR ONE S.A.;STARONE C4;1001910696;GEO;70 W;Ku;Subida ↑;14262;14298;36,00;Vertical (V);21/10/2020;2027-03-28 00:00:00.000000;2003-09-24 00:00:00.000000;39094
STAR ONE S.A.;STARONE C4;1001910696;GEO;70 W;Ku(AP30/30A);Subida ↑;17742;17778;36,00;Vertical (V);21/10/2020;2027-03-28 00:00:00.000000;2012-02-24 00:00:00.000000;1073
STAR ONE S.A.;STARONE C4;1001910696;GEO;70 W;Ku;Subida ↑;13841;13877;36,00;Vertical (V);21/10/2020;2027-03-28 00:00:00.000000;2003-09-24 00:00:00.000000;39094
STAR ONE S.A.;STARONE C4;1001910696;GEO;70 W;Ku;Descida ↓;12142;12178;36,00;Vertical (V);21/10/2020;2027-03-28 00:00:00.000000;2003-09-24 00:00:00.000000;39094
STAR ONE S.A.;STARONE C4;1001910696;GEO;70 W;Ku;Subida ↑;14182;14218;36,00;Vertical (V);21/10/2020;2027-03-28 00:00:00.000000;2003-09-24 00:00:00.000000;39094
STAR ONE S.A.;STARONE C4;1001910696;GEO;70 W;Ku;Descida ↓;11862;11898;36,00;Vertical (V);21/10/2020;2027-03-28 00:00:00.000000;2003-09-24 00:00:00.000000;39094
STAR ONE S.A.;STARONE C4;1001910696;GEO;70 W;Ku;Descida ↓;11032;11068;36,00;Vertical (V);21/10/2020;2027-03-28 00:00:00.000000;2003-09-24 00:00:00.000000;39094
STAR ONE S.A.;STARONE C4;1001910696;GEO;70 W;Ku(AP30/30A);Descida ↓;12262;12298;36,00;Vertical (V);21/10/2020;2027-03-28 00:00:00.000000;2012-02-24 00:00:00.000000;1073
STAR ONE S.A.;STARONE C4;1001910696;GEO;70 W;Ku;Descida ↓;12062;12098;36,00;Vertical (V);21/10/2020;2027-03-28 00:00:00.000000;2003-09-24 00:00:00.000000;39094
STAR ONE S.A.;STARONE C4;1001910696;GEO;70 W;Ku;Subida ↑;13921;13957;36,00;Vertical (V);21/10/2020;2027-03-28 00:00:00.000000;2003-09-24 00:00:00.000000;39094
STAR ONE S.A.;STARONE C4;1001910696;GEO;70 W;Ku;Descida ↓;11072;11108;36,00;Vertical (V);21/10/2020;2027-03-28 00:00:00.000000;2003-09-24 00:00:00.000000;39094
STAR ONE S.A.;STARONE C4;1001910696;GEO;70 W;Ku(AP30/30A);Subida ↑;17622;17658;36,00;Vertical (V);21/10/2020;2027-03-28 00:00:00.000000;2012-02-24 00:00:00.000000;1073
STAR ONE S.A.;STARONE C4;1001910696;GEO;70 W;Ku;Descida ↓;12022;12058;36,00;Vertical (V);21/10/2020;2027-03-28 00:00:00.000000;2003-09-24 00:00:00.000000;39094
STAR ONE S.A.;STARONE C4;1001910696;GEO;70 W;Ku;Subida ↑;14422;14458;36,00;Vertical (V);21/10/2020;2027-03-28 00:00:00.000000;2003-09-24 00:00:00.000000;39094
STAR ONE S.A.;STARONE C4;1001910696;GEO;70 W;Ku(AP30/30A);Subida ↑;17702;17738;36,00;Vertical (V);21/10/2020;2027-03-28 00:00:00.000000;2012-02-24 00:00:00.000000;1073
STAR ONE S.A.;STARONE C4;1001910696;GEO;70 W;Ku;Subida ↑;14162;14198;36,00;Horizontal (H);21/10/2020;2027-03-28 00:00:00.000000;2003-09-24 00:00:00.000000;39094
STAR ONE S.A.;STARONE C4;1001910696;GEO;70 W;Ku;Descida ↓;12002;12038;36,00;Horizontal (H);21/10/2020;2027-03-28 00:00:00.000000;2003-09-24 00:00:00.000000;39094
STAR ONE S.A.;STARONE C4;1001910696;GEO;70 W;Ku;Descida ↓;11922;11958;36,00;Horizontal (H);21/10/2020;2027-03-28 00:00:00.000000;2003-09-24 00:00:00.000000;39094
STAR ONE S.A.;STARONE C4;1001910696;GEO;70 W;Ku(AP30/30A);Subida ↑;17482;17518;36,00;Horizontal (H);21/10/2020;2027-03-28 00:00:00.000000;2012-02-24 00:00:00.000000;1073
STAR ONE S.A.;STARONE C4;1001910696;GEO;70 W;Ku(AP30/30A);Descida ↓;12502;12538;36,00;Vertical (V);21/10/2020;2027-03-28 00:00:00.000000;2012-02-24 00:00:00.000000;1073
STAR ONE S.A.;STARONE C4;1001910696;GEO;70 W;Ku;Descida ↓;11762;11798;36,00;Horizontal (H);21/10/2020;2027-03-28 00:00:00.000000;2003-09-24 00:00:00.000000;39094
STAR ONE S.A.;STARONE C4;1001910696;GEO;70 W;Ku;Descida ↓;11722;11758;36,00;Horizontal (H);21/10/2020;2027-03-28 00:00:00.000000;2003-09-24 00:00:00.000000;39094
STAR ONE S.A.;STARONE C4;1001910696;GEO;70 W;Ku;Descida ↓;11882;11918;36,00;Horizontal (H);21/10/2020;2027-03-28 00:00:00.000000;2003-09-24 00:00:00.000000;39094
STAR ONE S.A.;STARONE C4;1001910696;GEO;70 W;Ku;Descida ↓;11962;11998;36,00;Horizontal (H);21/10/2020;2027-03-28 00:00:00.000000;2003-09-24 00:00:00.000000;39094
STAR ONE S.A.;STARONE C4;1001910696;GEO;70 W;Ku(AP30/30A);Descida ↓;12542;12578;36,00;Vertical (V);21/10/2020;2027-03-28 00:00:00.000000;2012-02-24 00:00:00.000000;1073
STAR ONE S.A.;STARONE C4;1001910696;GEO;70 W;Ku;Descida ↓;11822;11858;36,00;Vertical (V);21/10/2020;2027-03-28 00:00:00.000000;2003-09-24 00:00:00.000000;39094
STAR ONE S.A.;STARONE C4;1001910696;GEO;70 W;Ku;Descida ↓;11982;12018;36,00;Vertical (V);21/10/2020;2027-03-28 00:00:00.000000;2003-09-24 00:00:00.000000;39094
STAR ONE S.A.;STARONE C4;1001910696;GEO;70 W;Ku;Subida ↑;14462;14498;36,00;Vertical (V);21/10/2020;2027-03-28 00:00:00.000000;2003-09-24 00:00:00.000000;39094
STAR ONE S.A.;STARONE C4;1001910696;GEO;70 W;Ku;Subida ↑;13877;13913;36,00;Horizontal (H);21/10/2020;2027-03-28 00:00:00.000000;2003-09-24 00:00:00.000000;39094
STAR ONE S.A.;STARONE D1;1003732086;GEO;84 W;Ku;Subida ↑;14442;14478;36,00;Horizontal (H);07/11/2025;N;2012-01-04 00:00:00.000000;66
STAR ONE S.A.;STARONE D1;1003732086;GEO;84 W;Ku;Subida ↑;14322;14358;36,00;Horizontal (H);07/11/2025;N;2012-01-04 00:00:00.000000;66
STAR ONE S.A.;STARONE D1;1003732086;GEO;84 W;Ku;Subida ↑;14302;14338;36,00;Vertical (V);07/11/2025;N;2012-01-04 00:00:00.000000;66
STAR ONE S.A.;STARONE D1;1003732086;GEO;84 W;Ku;Subida ↑;14262;14298;36,00;Vertical (V);07/11/2025;N;2012-01-04 00:00:00.000000;66
STAR ONE S.A.;STARONE D1;1003732086;GEO;84 W;C;Descida ↓;3762;3798;36,00;Vertical (V);07/11/2025;N;2025-11-03 00:00:00.000000;16387
STAR ONE S.A.;STARONE D1;1003732086;GEO;84 W;C;Descida ↓;3962;3998;36,00;Vertical (V);07/11/2025;N;2025-11-03 00:00:00.000000;16387
STAR ONE S.A.;STARONE D1;1003732086;GEO;84 W;Ka;Subida ↑;29805;29995;190,00;Circular à direita (CR);07/11/2025;N;2012-01-04 00:00:00.000000;66
STAR ONE S.A.;STARONE D1;1003732086;GEO;84 W;Ku;Subida ↑;13921;13957;36,00;Vertical (V);07/11/2025;N;2012-01-04 00:00:00.000000;66
STAR ONE S.A.;STARONE D1;1003732086;GEO;84 W;C;Subida ↑;6167;6203;36,00;Vertical (V);07/11/2025;N;2025-11-03 00:00:00.000000;16387
STAR ONE S.A.;STARONE D1;1003732086;GEO;84 W;Ku;Subida ↑;13801;13837;36,00;Vertical (V);07/11/2025;N;2012-01-04 00:00:00.000000;66
STAR ONE S.A.;STARONE D1;1003732086;GEO;84 W;Ku;Subida ↑;13881;13917;36,00;Vertical (V);07/11/2025;N;2012-01-04 00:00:00.000000;66
STAR ONE S.A.;STARONE D1;1003732086;GEO;84 W;Ka;Descida ↓;19180;19370;190,00;Circular à direita (CR);07/11/2025;N;2012-01-04 00:00:00.000000;66
STAR ONE S.A.;STARONE D1;1003732086;GEO;84 W;Ku;Descida ↓;11882;11918;36,00;Horizontal (H);07/11/2025;N;2012-01-04 00:00:00.000000;66
STAR ONE S.A.;STARONE D1;1003732086;GEO;84 W;C;Subida ↑;6187;6223;36,00;Horizontal (H);07/11/2025;N;2025-11-03 00:00:00.000000;16387
STAR ONE S.A.;STARONE D1;1003732086;GEO;84 W;Ku;Descida ↓;11762;11798;36,00;Horizontal (H);07/11/2025;N;2012-01-04 00:00:00.000000;66
STAR ONE S.A.;STARONE D1;1003732086;GEO;84 W;Ku;Descida ↓;12042;12078;36,00;Horizontal (H);07/11/2025;N;2012-01-04 00:00:00.000000;66
STAR ONE S.A.;STARONE D1;1003732086;GEO;84 W;C;Descida ↓;3802;3838;36,00;Vertical (V);07/11/2025;N;2025-11-03 00:00:00.000000;16387
STAR ONE S.A.;STARONE D1;1003732086;GEO;84 W;Ka;Descida ↓;19430;19620;190,00;Circular à direita (CR);07/11/2025;N;2012-01-04 00:00:00.000000;66
STAR ONE S.A.;STARONE D1;1003732086;GEO;84 W;Ka;Descida ↓;18680;18870;190,00;Circular à direita (CR);07/11/2025;N;2012-01-04 00:00:00.000000;66
STAR ONE S.A.;STARONE D1;1003732086;GEO;84 W;C;Descida ↓;4122;4158;36,00;Vertical (V);07/11/2025;N;2025-11-03 00:00:00.000000;16387
STAR ONE S.A.;STARONE D1;1003732086;GEO;84 W;Ka;Descida ↓;18930;19120;190,00;Circular à direita (CR);07/11/2025;N;2012-01-04 00:00:00.000000;66
STAR ONE S.A.;STARONE D1;1003732086;GEO;84 W;C;Subida ↑;6227;6263;36,00;Horizontal (H);07/11/2025;N;2025-11-03 00:00:00.000000;16387
STAR ONE S.A.;STARONE D1;1003732086;GEO;84 W;Ka;Subida ↑;27760;28240;480,00;Circular à direita (CR);07/11/2025;N;2012-01-04 00:00:00.000000;66
STAR ONE S.A.;STARONE D1;1003732086;GEO;84 W;Ku;Descida ↓;12022;12058;36,00;Vertical (V);07/11/2025;N;2012-01-04 00:00:00.000000;66
STAR ONE S.A.;STARONE D1;1003732086;GEO;84 W;Ku;Descida ↓;11862;11898;36,00;Vertical (V);07/11/2025;N;2012-01-04 00:00:00.000000;66
STAR ONE S.A.;STARONE D1;1003732086;GEO;84 W;Ku;Descida ↓;10992;11028;36,00;Vertical (V);07/11/2025;N;2012-01-04 00:00:00.000000;66
STAR ONE S.A.;STARONE D1;1003732086;GEO;84 W;Ku;Descida ↓;12142;12178;36,00;Vertical (V);07/11/2025;N;2012-01-04 00:00:00.000000;66
STAR ONE S.A.;STARONE D1;1003732086;GEO;84 W;Ku;Subida ↑;14462;14498;36,00;Vertical (V);07/11/2025;N;2012-01-04 00:00:00.000000;66
STAR ONE S.A.;STARONE D1;1003732086;GEO;84 W;Ka;Descida ↓;19710;20190;480,00;Circular à direita (CR);07/11/2025;N;2012-01-04 00:00:00.000000;66
STAR ONE S.A.;STARONE D1;1003732086;GEO;84 W;Ku;Descida ↓;11152;11188;36,00;Vertical (V);07/11/2025;N;2012-01-04 00:00:00.000000;66
STAR ONE S.A.;STARONE D1;1003732086;GEO;84 W;Ku;Descida ↓;11076;11112;36,00;Horizontal (H);07/11/2025;N;2012-01-04 00:00:00.000000;66
STAR ONE S.A.;STARONE D1;1003732086;GEO;84 W;Ku;Subida ↑;14022;14058;36,00;Vertical (V);07/11/2025;N;2012-01-04 00:00:00.000000;66
STAR ONE S.A.;STARONE D1;1003732086;GEO;84 W;Ku;Descida ↓;11032;11068;36,00;Vertical (V);07/11/2025;N;2012-01-04 00:00:00.000000;66
STAR ONE S.A.;STARONE D1;1003732086;GEO;84 W;Ku;Descida ↓;11982;12018;36,00;Vertical (V);07/11/2025;N;2012-01-04 00:00:00.000000;66
STAR ONE S.A.;STARONE D1;1003732086;GEO;84 W;Ka;Subida ↑;27210;27690;480,00;Circular à direita (CR);07/11/2025;N;2012-01-04 00:00:00.000000;66
STAR ONE S.A.;STARONE D1;1003732086;GEO;84 W;Ku;Descida ↓;11942;11978;36,00;Vertical (V);07/11/2025;N;2012-01-04 00:00:00.000000;66
STAR ONE S.A.;STARONE D1;1003732086;GEO;84 W;C;Descida ↓;3722;3758;36,00;Vertical (V);07/11/2025;N;2025-11-03 00:00:00.000000;16387
STAR ONE S.A.;STARONE D1;1003732086;GEO;84 W;Ku;Subida ↑;13841;13877;36,00;Vertical (V);07/11/2025;N;2012-01-04 00:00:00.000000;66
STAR ONE S.A.;STARONE D1;1003732086;GEO;84 W;Ku;Descida ↓;11072;11108;36,00;Vertical (V);07/11/2025;N;2012-01-04 00:00:00.000000;66
STAR ONE S.A.;STARONE D1;1003732086;GEO;84 W;Ku;Descida ↓;11902;11938;36,00;Vertical (V);07/11/2025;N;2012-01-04 00:00:00.000000;66
STAR ONE S.A.;STARONE D1;1003732086;GEO;84 W;C;Subida ↑;5927;5963;36,00;Vertical (V);07/11/2025;N;2025-11-03 00:00:00.000000;16387
STAR ONE S.A.;STARONE D1;1003732086;GEO;84 W;C;Descida ↓;3922;3958;36,00;Vertical (V);07/11/2025;N;2025-11-03 00:00:00.000000;16387
STAR ONE S.A.;STARONE D1;1003732086;GEO;84 W;Ka;Subida ↑;28310;28790;480,00;Circular à direita (CR);07/11/2025;N;2012-01-04 00:00:00.000000;66
STAR ONE S.A.;STARONE D1;1003732086;GEO;84 W;Ku;Descida ↓;10952;10988;36,00;Vertical (V);07/11/2025;N;2012-01-04 00:00:00.000000;66
STAR ONE S.A.;STARONE D1;1003732086;GEO;84 W;C;Subida ↑;6307;6343;36,00;Horizontal (H);07/11/2025;N;2025-11-03 00:00:00.000000;16387
STAR ONE S.A.;STARONE D1;1003732086;GEO;84 W;C;Descida ↓;3842;3878;36,00;Vertical (V);07/11/2025;N;2025-11-03 00:00:00.000000;16387
STAR ONE S.A.;STARONE D1;1003732086;GEO;84 W;Ku;Subida ↑;14142;14178;36,00;Vertical (V);07/11/2025;N;2012-01-04 00:00:00.000000;66
STAR ONE S.A.;STARONE D1;1003732086;GEO;84 W;Ku;Subida ↑;14062;14098;36,00;Vertical (V);07/11/2025;N;2012-01-04 00:00:00.000000;66
STAR ONE S.A.;STARONE D1;1003732086;GEO;84 W;Ku;Descida ↓;11782;11818;36,00;Vertical (V);07/11/2025;N;2012-01-04 00:00:00.000000;66
STAR ONE S.A.;STARONE D1;1003732086;GEO;84 W;C;Descida ↓;4042;4078;36,00;Vertical (V);07/11/2025;N;2025-11-03 00:00:00.000000;16387
STAR ONE S.A.;STARONE D1;1003732086;GEO;84 W;Ku;Subida ↑;13761;13797;36,00;Vertical (V);07/11/2025;N;2012-01-04 00:00:00.000000;66
STAR ONE S.A.;STARONE D1;1003732086;GEO;84 W;Ku;Descida ↓;12002;12038;36,00;Vertical (V);07/11/2025;N;2025-11-03 00:00:00.000000;16387
STAR ONE S.A.;STARONE D1;1003732086;GEO;84 W;Ku;Descida ↓;11822;11858;36,00;Vertical (V);07/11/2025;N;2012-01-04 00:00:00.000000;66
STAR ONE S.A.;STARONE D1;1003732086;GEO;84 W;C;Subida ↑;6047;6083;36,00;Vertical (V);07/11/2025;N;2025-11-03 00:00:00.000000;16387
STAR ONE S.A.;STARONE D1;1003732086;GEO;84 W;C;Subida ↑;6087;6123;36,00;Vertical (V);07/11/2025;N;2025-11-03 00:00:00.000000;16387
STAR ONE S.A.;STARONE D1;1003732086;GEO;84 W;C;Subida ↑;6127;6163;36,00;Vertical (V);07/11/2025;N;2025-11-03 00:00:00.000000;16387
STAR ONE S.A.;STARONE D1;1003732086;GEO;84 W;Ku;Subida ↑;13961;13997;36,00;Vertical (V);07/11/2025;N;2012-01-04 00:00:00.000000;66
STAR ONE S.A.;STARONE D1;1003732086;GEO;84 W;C;Subida ↑;6367;6403;36,00;Vertical (V);07/11/2025;N;2025-11-03 00:00:00.000000;16387
STAR ONE S.A.;STARONE D1;1003732086;GEO;84 W;C;Subida ↑;6247;6283;36,00;Vertical (V);07/11/2025;N;2025-11-03 00:00:00.000000;16387
STAR ONE S.A.;STARONE D1;1003732086;GEO;84 W;Ku;Descida ↓;11702;11738;36,00;Vertical (V);07/11/2025;N;2012-01-04 00:00:00.000000;66
STAR ONE S.A.;STARONE D1;1003732086;GEO;84 W;C;Subida ↑;6327;6363;36,00;Vertical (V);07/11/2025;N;2025-11-03 00:00:00.000000;16387
STAR ONE S.A.;STARONE D1;1003732086;GEO;84 W;C;Subida ↑;6287;6323;36,00;Vertical (V);07/11/2025;N;2025-11-03 00:00:00.000000;16387
STAR ONE S.A.;STARONE D1;1003732086;GEO;84 W;Ku;Descida ↓;11742;11778;36,00;Vertical (V);07/11/2025;N;2012-01-04 00:00:00.000000;66
STAR ONE S.A.;STARONE D1;1003732086;GEO;84 W;C;Descida ↓;4162;4198;36,00;Vertical (V);07/11/2025;N;2025-11-03 00:00:00.000000;16387
STAR ONE S.A.;STARONE D1;1003732086;GEO;84 W;Ku;Subida ↑;14182;14218;36,00;Vertical (V);07/11/2025;N;2012-01-04 00:00:00.000000;66
STAR ONE S.A.;STARONE D1;1003732086;GEO;84 W;C;Subida ↑;6207;6243;36,00;Vertical (V);07/11/2025;N;2025-11-03 00:00:00.000000;16387
STAR ONE S.A.;STARONE D1;1003732086;GEO;84 W;Ka;Descida ↓;19430;19620;190,00;Circular à esquerda (CL);07/11/2025;N;2012-01-04 00:00:00.000000;66
STAR ONE S.A.;STARONE D1;1003732086;GEO;84 W;Ku;Descida ↓;11116;11152;36,00;Horizontal (H);07/11/2025;N;2012-01-04 00:00:00.000000;66
STAR ONE S.A.;STARONE D1;1003732086;GEO;84 W;C;Subida ↑;5987;6023;36,00;Horizontal (H);07/11/2025;N;2025-11-03 00:00:00.000000;16387
STAR ONE S.A.;STARONE D1;1003732086;GEO;84 W;Ku;Descida ↓;11156;11192;36,00;Horizontal (H);07/11/2025;N;2012-01-04 00:00:00.000000;66
STAR ONE S.A.;STARONE D1;1003732086;GEO;84 W;Ku;Descida ↓;11842;11878;36,00;Horizontal (H);07/11/2025;N;2012-01-04 00:00:00.000000;66
STAR ONE S.A.;STARONE D1;1003732086;GEO;84 W;Ku;Descida ↓;11802;11838;36,00;Horizontal (H);07/11/2025;N;2012-01-04 00:00:00.000000;66
STAR ONE S.A.;STARONE D1;1003732086;GEO;84 W;Ku;Subida ↑;14102;14138;36,00;Vertical (V);07/11/2025;N;2012-01-04 00:00:00.000000;66
STAR ONE S.A.;STARONE D1;1003732086;GEO;84 W;Ku;Descida ↓;12122;12158;36,00;Horizontal (H);07/11/2025;N;2012-01-04 00:00:00.000000;66
STAR ONE S.A.;STARONE D1;1003732086;GEO;84 W;Ku;Descida ↓;11722;11758;36,00;Horizontal (H);07/11/2025;N;2012-01-04 00:00:00.000000;66
STAR ONE S.A.;STARONE D1;1003732086;GEO;84 W;C;Subida ↑;6067;6103;36,00;Horizontal (H);07/11/2025;N;2025-11-03 00:00:00.000000;16387
STAR ONE S.A.;STARONE D1;1003732086;GEO;84 W;C;Subida ↑;6027;6063;36,00;Horizontal (H);07/11/2025;N;2025-11-03 00:00:00.000000;16387
STAR ONE S.A.;STARONE D1;1003732086;GEO;84 W;Ku;Descida ↓;12082;12118;36,00;Horizontal (H);07/11/2025;N;2012-01-04 00:00:00.000000;66
STAR ONE S.A.;STARONE D1;1003732086;GEO;84 W;Ka;Subida ↑;29555;29745;190,00;Circular à direita (CR);07/11/2025;N;2012-01-04 00:00:00.000000;66
STAR ONE S.A.;STARONE D1;1003732086;GEO;84 W;Ka;Subida ↑;28860;29340;480,00;Circular à direita (CR);07/11/2025;N;2012-01-04 00:00:00.000000;66
STAR ONE S.A.;STARONE D1;1003732086;GEO;84 W;Ku;Subida ↑;14342;14378;36,00;Vertical (V);07/11/2025;N;2012-01-04 00:00:00.000000;66
STAR ONE S.A.;STARONE D1;1003732086;GEO;84 W;C;Descida ↓;4002;4038;36,00;Vertical (V);07/11/2025;N;2025-11-03 00:00:00.000000;16387
STAR ONE S.A.;STARONE D1;1003732086;GEO;84 W;C;Subida ↑;5947;5983;36,00;Horizontal (H);07/11/2025;N;2025-11-03 00:00:00.000000;16387
STAR ONE S.A.;STARONE D1;1003732086;GEO;84 W;C;Subida ↑;5907;5943;36,00;Horizontal (H);07/11/2025;N;2025-11-03 00:00:00.000000;16387
STAR ONE S.A.;STARONE D1;1003732086;GEO;84 W;Ku;Descida ↓;11112;11148;36,00;Vertical (V);07/11/2025;N;2012-01-04 00:00:00.000000;66
STAR ONE S.A.;STARONE D1;1003732086;GEO;84 W;Ku;Subida ↑;14222;14258;36,00;Vertical (V);07/11/2025;N;2012-01-04 00:00:00.000000;66
STAR ONE S.A.;STARONE D1;1003732086;GEO;84 W;Ku;Subida ↑;14282;14318;36,00;Horizontal (H);07/11/2025;N;2012-01-04 00:00:00.000000;66
STAR ONE S.A.;STARONE D1;1003732086;GEO;84 W;Ku;Descida ↓;11922;11958;36,00;Horizontal (H);07/11/2025;N;2012-01-04 00:00:00.000000;66
STAR ONE S.A.;STARONE D1;1003732086;GEO;84 W;C;Descida ↓;3882;3918;36,00;Vertical (V);07/11/2025;N;2025-11-03 00:00:00.000000;16387
STAR ONE S.A.;STARONE D1;1003732086;GEO;84 W;C;Descida ↓;4082;4118;36,00;Vertical (V);07/11/2025;N;2025-11-03 00:00:00.000000;16387
STAR ONE S.A.;STARONE D1;1003732086;GEO;84 W;C;Descida ↓;3822;3858;36,00;Horizontal (H);07/11/2025;N;2025-11-03 00:00:00.000000;16387
STAR ONE S.A.;STARONE D1;1003732086;GEO;84 W;Ku;Subida ↑;14362;14398;36,00;Horizontal (H);07/11/2025;N;2012-01-04 00:00:00.000000;66
STAR ONE S.A.;STARONE D1;1003732086;GEO;84 W;Ku;Subida ↑;14162;14198;36,00;Horizontal (H);07/11/2025;N;2012-01-04 00:00:00.000000;66
STAR ONE S.A.;STARONE D1;1003732086;GEO;84 W;Ku;Subida ↑;14122;14158;36,00;Horizontal (H);07/11/2025;N;2012-01-04 00:00:00.000000;66
STAR ONE S.A.;STARONE D1;1003732086;GEO;84 W;C;Subida ↑;6267;6303;36,00;Horizontal (H);07/11/2025;N;2025-11-03 00:00:00.000000;16387
STAR ONE S.A.;STARONE D1;1003732086;GEO;84 W;Ku;Subida ↑;13957;13993;36,00;Horizontal (H);07/11/2025;N;2012-01-04 00:00:00.000000;66
STAR ONE S.A.;STARONE D1;1003732086;GEO;84 W;Ku;Subida ↑;14242;14278;36,00;Horizontal (H);07/11/2025;N;2012-01-04 00:00:00.000000;66
STAR ONE S.A.;STARONE D1;1003732086;GEO;84 W;Ku;Subida ↑;14042;14078;36,00;Horizontal (H);07/11/2025;N;2012-01-04 00:00:00.000000;66
STAR ONE S.A.;STARONE D1;1003732086;GEO;84 W;C;Descida ↓;4062;4098;36,00;Horizontal (H);07/11/2025;N;2025-11-03 00:00:00.000000;16387
STAR ONE S.A.;STARONE D1;1003732086;GEO;84 W;C;Descida ↓;3862;3898;36,00;Horizontal (H);07/11/2025;N;2025-11-03 00:00:00.000000;16387
STAR ONE S.A.;STARONE D1;1003732086;GEO;84 W;Ku;Descida ↓;11036;11072;36,00;Horizontal (H);07/11/2025;N;2012-01-04 00:00:00.000000;66
STAR ONE S.A.;STARONE D1;1003732086;GEO;84 W;C;Descida ↓;3742;3778;36,00;Horizontal (H);07/11/2025;N;2025-11-03 00:00:00.000000;16387
STAR ONE S.A.;STARONE D1;1003732086;GEO;84 W;Ku;Subida ↑;13837;13873;36,00;Horizontal (H);07/11/2025;N;2012-01-04 00:00:00.000000;66
STAR ONE S.A.;STARONE D1;1003732086;GEO;84 W;Ku;Subida ↑;14082;14118;36,00;Horizontal (H);07/11/2025;N;2012-01-04 00:00:00.000000;66
STAR ONE S.A.;STARONE D1;1003732086;GEO;84 W;C;Subida ↑;6147;6183;36,00;Horizontal (H);07/11/2025;N;2025-11-03 00:00:00.000000;16387
STAR ONE S.A.;STARONE D1;1003732086;GEO;84 W;C;Descida ↓;4102;4138;36,00;Horizontal (H);07/11/2025;N;2025-11-03 00:00:00.000000;16387
STAR ONE S.A.;STARONE D1;1003732086;GEO;84 W;Ku;Subida ↑;14422;14458;36,00;Vertical (V);07/11/2025;N;2012-01-04 00:00:00.000000;66
STAR ONE S.A.;STARONE D1;1003732086;GEO;84 W;C;Subida ↑;5867;5903;36,00;Horizontal (H);07/11/2025;N;2025-11-03 00:00:00.000000;16387
STAR ONE S.A.;STARONE D1;1003732086;GEO;84 W;Ku;Descida ↓;10956;10992;36,00;Horizontal (H);07/11/2025;N;2012-01-04 00:00:00.000000;66
STAR ONE S.A.;STARONE D1;1003732086;GEO;84 W;Ku;Subida ↑;13797;13833;36,00;Horizontal (H);07/11/2025;N;2012-01-04 00:00:00.000000;66
STAR ONE S.A.;STARONE D1;1003732086;GEO;84 W;Ku;Descida ↓;12162;12198;36,00;Horizontal (H);07/11/2025;N;2012-01-04 00:00:00.000000;66
STAR ONE S.A.;STARONE D1;1003732086;GEO;84 W;C;Descida ↓;4022;4058;36,00;Horizontal (H);07/11/2025;N;2025-11-03 00:00:00.000000;16387
STAR ONE S.A.;STARONE D1;1003732086;GEO;84 W;Ku;Subida ↑;13757;13793;36,00;Horizontal (H);07/11/2025;N;2012-01-04 00:00:00.000000;66
STAR ONE S.A.;STARONE D1;1003732086;GEO;84 W;C;Descida ↓;3782;3818;36,00;Horizontal (H);07/11/2025;N;2025-11-03 00:00:00.000000;16387
STAR ONE S.A.;STARONE D1;1003732086;GEO;84 W;Ka;Subida ↑;28860;29340;480,00;Circular à esquerda (CL);07/11/2025;N;2012-01-04 00:00:00.000000;66
STAR ONE S.A.;STARONE D1;1003732086;GEO;84 W;Ka;Descida ↓;18680;18870;190,00;Circular à esquerda (CL);07/11/2025;N;2012-01-04 00:00:00.000000;66
STAR ONE S.A.;STARONE D1;1003732086;GEO;84 W;Ku;Subida ↑;14002;14038;36,00;Horizontal (H);07/11/2025;N;2012-01-04 00:00:00.000000;66
STAR ONE S.A.;STARONE D1;1003732086;GEO;84 W;Ka;Subida ↑;29555;29745;190,00;Circular à esquerda (CL);07/11/2025;N;2012-01-04 00:00:00.000000;66
STAR ONE S.A.;STARONE D1;1003732086;GEO;84 W;Ka;Descida ↓;19180;19370;190,00;Circular à esquerda (CL);07/11/2025;N;2012-01-04 00:00:00.000000;66
STAR ONE S.A.;STARONE D1;1003732086;GEO;84 W;Ku;Subida ↑;14402;14438;36,00;Horizontal (H);07/11/2025;N;2012-01-04 00:00:00.000000;66
STAR ONE S.A.;STARONE D1;1003732086;GEO;84 W;Ka;Descida ↓;18930;19120;190,00;Circular à esquerda (CL);07/11/2025;N;2012-01-04 00:00:00.000000;66
STAR ONE S.A.;STARONE D1;1003732086;GEO;84 W;C;Descida ↓;3720;3738;18,00;Horizontal (H);07/11/2025;N;2025-11-03 00:00:00.000000;16387
STAR ONE S.A.;STARONE D1;1003732086;GEO;84 W;Ku;Descida ↓;11962;11998;36,00;Horizontal (H);07/11/2025;N;2012-01-04 00:00:00.000000;66
STAR ONE S.A.;STARONE D1;1003732086;GEO;84 W;Ka;Subida ↑;29805;29995;190,00;Circular à esquerda (CL);07/11/2025;N;2012-01-04 00:00:00.000000;66
STAR ONE S.A.;STARONE D1;1003732086;GEO;84 W;C;Subida ↑;5850;5883;33,00;Vertical (V);07/11/2025;N;2025-11-03 00:00:00.000000;16387
STAR ONE S.A.;STARONE D1;1003732086;GEO;84 W;Ku;Subida ↑;13877;13913;36,00;Horizontal (H);07/11/2025;N;2012-01-04 00:00:00.000000;66
STAR ONE S.A.;STARONE D1;1003732086;GEO;84 W;C;Descida ↓;3982;4018;36,00;Horizontal (H);07/11/2025;N;2025-11-03 00:00:00.000000;16387
STAR ONE S.A.;STARONE D1;1003732086;GEO;84 W;Ku;Subida ↑;14382;14418;36,00;Vertical (V);07/11/2025;N;2012-01-04 00:00:00.000000;66
STAR ONE S.A.;STARONE D1;1003732086;GEO;84 W;C;Descida ↓;3942;3978;36,00;Horizontal (H);07/11/2025;N;2025-11-03 00:00:00.000000;16387
STAR ONE S.A.;STARONE D1;1003732086;GEO;84 W;C;Descida ↓;3902;3938;36,00;Horizontal (H);07/11/2025;N;2025-11-03 00:00:00.000000;16387
STAR ONE S.A.;STARONE D1;1003732086;GEO;84 W;Ku;Subida ↑;13917;13953;36,00;Horizontal (H);07/11/2025;N;2012-01-04 00:00:00.000000;66
STAR ONE S.A.;STARONE D1;1003732086;GEO;84 W;Ka;Subida ↑;28310;28790;480,00;Circular à esquerda (CL);07/11/2025;N;2012-01-04 00:00:00.000000;66
STAR ONE S.A.;STARONE D1;1003732086;GEO;84 W;C;Subida ↑;5887;5923;36,00;Vertical (V);07/11/2025;N;2025-11-03 00:00:00.000000;16387
STAR ONE S.A.;STARONE D1;1003732086;GEO;84 W;C;Subida ↑;6387;6423;36,00;Horizontal (H);07/11/2025;N;2025-11-03 00:00:00.000000;16387
STAR ONE S.A.;STARONE D1;1003732086;GEO;84 W;Ka;Subida ↑;27760;28240;480,00;Circular à esquerda (CL);07/11/2025;N;2012-01-04 00:00:00.000000;66
STAR ONE S.A.;STARONE D1;1003732086;GEO;84 W;Ka;Descida ↓;18110;18590;480,00;Circular à esquerda (CL);07/11/2025;N;2012-01-04 00:00:00.000000;66
STAR ONE S.A.;STARONE D1;1003732086;GEO;84 W;Ka;Subida ↑;27210;27690;480,00;Circular à esquerda (CL);07/11/2025;N;2012-01-04 00:00:00.000000;66
STAR ONE S.A.;STARONE D1;1003732086;GEO;84 W;Ka;Descida ↓;18110;18590;480,00;Circular à direita (CR);07/11/2025;N;2012-01-04 00:00:00.000000;66
STAR ONE S.A.;STARONE D1;1003732086;GEO;84 W;Ku;Descida ↓;12062;12098;36,00;Vertical (V);07/11/2025;N;2012-01-04 00:00:00.000000;66
STAR ONE S.A.;STARONE D1;1003732086;GEO;84 W;C;Subida ↑;5967;6003;36,00;Vertical (V);07/11/2025;N;2025-11-03 00:00:00.000000;16387
STAR ONE S.A.;STARONE D1;1003732086;GEO;84 W;Ku;Descida ↓;12102;12138;36,00;Vertical (V);07/11/2025;N;2012-01-04 00:00:00.000000;66
STAR ONE S.A.;STARONE D1;1003732086;GEO;84 W;C;Subida ↑;6007;6043;36,00;Vertical (V);07/11/2025;N;2025-11-03 00:00:00.000000;16387
STAR ONE S.A.;STARONE D1;1003732086;GEO;84 W;Ka;Descida ↓;19710;20190;480,00;Circular à esquerda (CL);07/11/2025;N;2012-01-04 00:00:00.000000;66
STAR ONE S.A.;STARONE D1;1003732086;GEO;84 W;C;Subida ↑;6107;6143;36,00;Horizontal (H);07/11/2025;N;2025-11-03 00:00:00.000000;16387
STAR ONE S.A.;STARONE D1;1003732086;GEO;84 W;C;Descida ↓;4142;4178;36,00;Horizontal (H);07/11/2025;N;2025-11-03 00:00:00.000000;16387
STAR ONE S.A.;STARONE D1;1003732086;GEO;84 W;Ku;Subida ↑;14202;14238;36,00;Horizontal (H);07/11/2025;N;2012-01-04 00:00:00.000000;66
STAR ONE S.A.;STARONE D1;1003732086;GEO;84 W;Ku;Descida ↓;10996;11032;36,00;Horizontal (H);07/11/2025;N;2012-01-04 00:00:00.000000;66
STAR ONE S.A.;STARONE D1;1003732086;GEO;84 W;C;Subida ↑;6347;6383;36,00;Horizontal (H);07/11/2025;N;2025-11-03 00:00:00.000000;16387
TELECOMUNICACOES BRASILEIRAS SA TELEBRAS;SGDC;1005370084;GEO;75 W;Ka;Subida ↑;29037,5;29237,5;200,00;Circular à esquerda (CL);10/08/2018;N;2014-01-07 00:00:00.000000;76
TELECOMUNICACOES BRASILEIRAS SA TELEBRAS;SGDC;1005370084;GEO;75 W;Ka;Descida ↓;18462,5;18662,5;200,00;Circular à esquerda (CL);10/08/2018;N;2014-01-07 00:00:00.000000;76
TELECOMUNICACOES BRASILEIRAS SA TELEBRAS;SGDC;1005370084;GEO;75 W;Ka;Subida ↑;29905;29995;90,00;Circular à esquerda (CL);10/08/2018;N;2014-01-07 00:00:00.000000;76
TELECOMUNICACOES BRASILEIRAS SA TELEBRAS;SGDC;1005370084;GEO;75 W;Ka;Descida ↓;18460;18590;130,00;Circular à esquerda (CL);10/08/2018;N;2014-01-07 00:00:00.000000;76
TELECOMUNICACOES BRASILEIRAS SA TELEBRAS;SGDC;1005370084;GEO;75 W;Ka;Descida ↓;18162,5;18662,5;500,00;Circular à esquerda (CL);10/08/2018;N;2014-01-07 00:00:00.000000;76
TELECOMUNICACOES BRASILEIRAS SA TELEBRAS;SGDC;1005370084;GEO;75 W;Ka;Descida ↓;18460;18590;130,00;Circular à direita (CR);10/08/2018;N;2014-01-07 00:00:00.000000;76
TELECOMUNICACOES BRASILEIRAS SA TELEBRAS;SGDC;1005370084;GEO;75 W;Ka;Descida ↓;19205;19445;240,00;Circular à esquerda (CL);10/08/2018;N;2014-01-07 00:00:00.000000;76
TELECOMUNICACOES BRASILEIRAS SA TELEBRAS;SGDC;1005370084;GEO;75 W;Ka;Subida ↑;29405;29495;90,00;Circular à esquerda (CL);10/08/2018;N;2014-01-07 00:00:00.000000;76
TELECOMUNICACOES BRASILEIRAS SA TELEBRAS;SGDC;1005370084;GEO;75 W;Ka;Subida ↑;29405;29595;190,00;Circular à esquerda (CL);10/08/2018;N;2014-01-07 00:00:00.000000;76
TELECOMUNICACOES BRASILEIRAS SA TELEBRAS;SGDC;1005370084;GEO;75 W;Ka;Subida ↑;29455;29595;140,00;Circular à esquerda (CL);10/08/2018;N;2014-01-07 00:00:00.000000;76
TELECOMUNICACOES BRASILEIRAS SA TELEBRAS;SGDC;1005370084;GEO;75 W;Ka;Subida ↑;29355;29595;240,00;Circular à esquerda (CL);10/08/2018;N;2014-01-07 00:00:00.000000;76
TELECOMUNICACOES BRASILEIRAS SA TELEBRAS;SGDC;1005370084;GEO;75 W;Ka;Subida ↑;29755;29845;90,00;Circular à esquerda (CL);10/08/2018;N;2014-01-07 00:00:00.000000;76
TELECOMUNICACOES BRASILEIRAS SA TELEBRAS;SGDC;1005370084;GEO;75 W;Ka;Descida ↓;17805;17945;140,00;Circular à esquerda (CL);10/08/2018;N;2014-01-07 00:00:00.000000;76
TELECOMUNICACOES BRASILEIRAS SA TELEBRAS;SGDC;1005370084;GEO;75 W;Ka;Descida ↓;19205;19295;90,00;Circular à esquerda (CL);10/08/2018;N;2014-01-07 00:00:00.000000;76
TELECOMUNICACOES BRASILEIRAS SA TELEBRAS;SGDC;1005370084;GEO;75 W;Ka;Descida ↓;18055;18145;90,00;Circular à esquerda (CL);10/08/2018;N;2014-01-07 00:00:00.000000;76
TELECOMUNICACOES BRASILEIRAS SA TELEBRAS;SGDC;1005370084;GEO;75 W;Ka;Subida ↑;29455;29545;90,00;Circular à esquerda (CL);10/08/2018;N;2014-01-07 00:00:00.000000;76
TELECOMUNICACOES BRASILEIRAS SA TELEBRAS;SGDC;1005370084;GEO;75 W;Ka;Subida ↑;29255;29395;140,00;Circular à esquerda (CL);10/08/2018;N;2014-01-07 00:00:00.000000;76
TELECOMUNICACOES BRASILEIRAS SA TELEBRAS;SGDC;1005370084;GEO;75 W;Ka;Descida ↓;17905;18145;240,00;Circular à esquerda (CL);10/08/2018;N;2014-01-07 00:00:00.000000;76
TELECOMUNICACOES BRASILEIRAS SA TELEBRAS;SGDC;1005370084;GEO;75 W;Ka;Descida ↓;19055;19145;90,00;Circular à esquerda (CL);10/08/2018;N;2014-01-07 00:00:00.000000;76
TELECOMUNICACOES BRASILEIRAS SA TELEBRAS;SGDC;1005370084;GEO;75 W;Ka;Descida ↓;19604,9995;19605,0005;0,00;Circular à direita (CR);10/08/2018;N;2014-01-07 00:00:00.000000;76
TELECOMUNICACOES BRASILEIRAS SA TELEBRAS;SGDC;1005370084;GEO;75 W;Ka;Subida ↑;27610;27740;130,00;Circular à esquerda (CL);10/08/2018;N;2014-01-07 00:00:00.000000;76
TELECOMUNICACOES BRASILEIRAS SA TELEBRAS;SGDC;1005370084;GEO;75 W;Ka;Descida ↓;20060;20190;130,00;Circular à direita (CR);10/08/2018;N;2014-01-07 00:00:00.000000;76
TELECOMUNICACOES BRASILEIRAS SA TELEBRAS;SGDC;1005370084;GEO;75 W;Ka;Descida ↓;19162,7;19163,3;1,00;Circular à direita (CR);10/08/2018;N;2014-01-07 00:00:00.000000;76
TELECOMUNICACOES BRASILEIRAS SA TELEBRAS;SGDC;1005370084;GEO;75 W;Ka;Descida ↓;17955;18145;190,00;Circular à direita (CR);10/08/2018;N;2014-01-07 00:00:00.000000;76
TELECOMUNICACOES BRASILEIRAS SA TELEBRAS;SGDC;1005370084;GEO;75 W;Ka;Subida ↑;27837,5;28112,5;275,00;Circular à esquerda (CL);10/08/2018;N;2014-01-07 00:00:00.000000;76
TELECOMUNICACOES BRASILEIRAS SA TELEBRAS;SGDC;1005370084;GEO;75 W;Ka;Subida ↑;27762,5;28112,5;350,00;Circular à direita (CR);10/08/2018;N;2014-01-07 00:00:00.000000;76
TELECOMUNICACOES BRASILEIRAS SA TELEBRAS;SGDC;1005370084;GEO;75 W;Ka;Descida ↓;18755;18845;90,00;Circular à direita (CR);10/08/2018;N;2014-01-07 00:00:00.000000;76
TELECOMUNICACOES BRASILEIRAS SA TELEBRAS;SGDC;1005370084;GEO;75 W;Ka;Subida ↑;27835;27965;130,00;Circular à esquerda (CL);10/08/2018;N;2014-01-07 00:00:00.000000;76
TELECOMUNICACOES BRASILEIRAS SA TELEBRAS;SGDC;1005370084;GEO;75 W;Ka;Descida ↓;19159,7;19160,3;1,00;Circular à direita (CR);10/08/2018;N;2014-01-07 00:00:00.000000;76
TELECOMUNICACOES BRASILEIRAS SA TELEBRAS;SGDC;1005370084;GEO;75 W;Ka;Descida ↓;19610;19740;130,00;Circular à esquerda (CL);10/08/2018;N;2014-01-07 00:00:00.000000;76
TELECOMUNICACOES BRASILEIRAS SA TELEBRAS;SGDC;1005370084;GEO;75 W;Ka;Descida ↓;19612,5;19962,5;350,00;Circular à esquerda (CL);10/08/2018;N;2014-01-07 00:00:00.000000;76
TELECOMUNICACOES BRASILEIRAS SA TELEBRAS;SGDC;1005370084;GEO;75 W;Ka;Subida ↑;29605;29795;190,00;Circular à esquerda (CL);10/08/2018;N;2014-01-07 00:00:00.000000;76
TELECOMUNICACOES BRASILEIRAS SA TELEBRAS;SGDC;1005370084;GEO;75 W;Ka;Descida ↓;19176,5;19183,5;7,00;Circular à direita (CR);10/08/2018;N;2014-01-07 00:00:00.000000;76
TELECOMUNICACOES BRASILEIRAS SA TELEBRAS;SGDC;1005370084;GEO;75 W;Ka;Descida ↓;19612,5;20187,5;575,00;Circular à esquerda (CL);10/08/2018;N;2014-01-07 00:00:00.000000;76
TELECOMUNICACOES BRASILEIRAS SA TELEBRAS;SGDC;1005370084;GEO;75 W;Ka;Descida ↓;18312,5;18662,5;350,00;Circular à direita (CR);10/08/2018;N;2014-01-07 00:00:00.000000;76
TELECOMUNICACOES BRASILEIRAS SA TELEBRAS;SGDC;1005370084;GEO;75 W;Ka;Subida ↑;28282,5;28342,5;60,00;Circular à esquerda (CL);10/08/2018;N;2014-01-07 00:00:00.000000;76
TELECOMUNICACOES BRASILEIRAS SA TELEBRAS;SGDC;1005370084;GEO;75 W;Ka;Subida ↑;28137,5;28712,5;575,00;Circular à esquerda (CL);10/08/2018;N;2014-01-07 00:00:00.000000;76
TELECOMUNICACOES BRASILEIRAS SA TELEBRAS;SGDC;1005370084;GEO;75 W;Ka;Subida ↑;27460;27590;130,00;Circular à esquerda (CL);10/08/2018;N;2014-01-07 00:00:00.000000;76
TELECOMUNICACOES BRASILEIRAS SA TELEBRAS;SGDC;1005370084;GEO;75 W;Ka;Subida ↑;27612,5;27812,5;200,00;Circular à esquerda (CL);10/08/2018;N;2014-01-07 00:00:00.000000;76
TELECOMUNICACOES BRASILEIRAS SA TELEBRAS;SGDC;1005370084;GEO;75 W;Ka;Descida ↓;18385;18515;130,00;Circular à esquerda (CL);10/08/2018;N;2014-01-07 00:00:00.000000;76
TELECOMUNICACOES BRASILEIRAS SA TELEBRAS;SGDC;1005370084;GEO;75 W;Ka;Descida ↓;18855;19045;190,00;Circular à esquerda (CL);10/08/2018;N;2014-01-07 00:00:00.000000;76
TELECOMUNICACOES BRASILEIRAS SA TELEBRAS;SGDC;1005370084;GEO;75 W;Ka;Descida ↓;18162,5;18362,5;200,00;Circular à esquerda (CL);10/08/2018;N;2014-01-07 00:00:00.000000;76
TELECOMUNICACOES BRASILEIRAS SA TELEBRAS;SGDC;1005370084;GEO;75 W;Ka;Descida ↓;19405;19495;90,00;Circular à direita (CR);10/08/2018;N;2014-01-07 00:00:00.000000;76
TELECOMUNICACOES BRASILEIRAS SA TELEBRAS;SGDC;1005370084;GEO;75 W;Ka;Descida ↓;17805;17895;90,00;Circular à direita (CR);10/08/2018;N;2014-01-07 00:00:00.000000;76
TELECOMUNICACOES BRASILEIRAS SA TELEBRAS;SGDC;1005370084;GEO;75 W;Ka;Subida ↑;29255;29445;190,00;Circular à direita (CR);10/08/2018;N;2014-01-07 00:00:00.000000;76
TELECOMUNICACOES BRASILEIRAS SA TELEBRAS;SGDC;1005370084;GEO;75 W;Ka;Subida ↑;29605;29845;240,00;Circular à direita (CR);10/08/2018;N;2014-01-07 00:00:00.000000;76
TELECOMUNICACOES BRASILEIRAS SA TELEBRAS;SGDC;1005370084;GEO;75 W;Ka;Descida ↓;18455;18745;290,00;Circular à esquerda (CL);10/08/2018;N;2014-01-07 00:00:00.000000;76
TELECOMUNICACOES BRASILEIRAS SA TELEBRAS;SGDC;1005370084;GEO;75 W;Ka;Descida ↓;19612,5;19887,5;275,00;Circular à esquerda (CL);10/08/2018;N;2014-01-07 00:00:00.000000;76
TELECOMUNICACOES BRASILEIRAS SA TELEBRAS;SGDC;1005370084;GEO;75 W;Ka;Descida ↓;18160;18290;130,00;Circular à esquerda (CL);10/08/2018;N;2014-01-07 00:00:00.000000;76
TELECOMUNICACOES BRASILEIRAS SA TELEBRAS;SGDC;1005370084;GEO;75 W;Ka;Descida ↓;18312,5;18662,5;350,00;Circular à esquerda (CL);10/08/2018;N;2014-01-07 00:00:00.000000;76
TELECOMUNICACOES BRASILEIRAS SA TELEBRAS;SGDC;1005370084;GEO;75 W;Ka;Subida ↑;29605;29995;390,00;Circular à esquerda (CL);10/08/2018;N;2014-01-07 00:00:00.000000;76
TELECOMUNICACOES BRASILEIRAS SA TELEBRAS;SGDC;1005370084;GEO;75 W;Ka;Subida ↑;29239,2;29240,8;2,00;Circular à esquerda (CL);10/08/2018;N;2014-01-07 00:00:00.000000;76
TELECOMUNICACOES BRASILEIRAS SA TELEBRAS;SGDC;1005370084;GEO;75 W;Ka;Subida ↑;27757,5;27817,5;60,00;Circular à esquerda (CL);10/08/2018;N;2014-01-07 00:00:00.000000;76
TELECOMUNICACOES BRASILEIRAS SA TELEBRAS;SGDC;1005370084;GEO;75 W;Ka;Subida ↑;27612,5;27812,5;200,00;Circular à direita (CR);10/08/2018;N;2014-01-07 00:00:00.000000;76
TELECOMUNICACOES BRASILEIRAS SA TELEBRAS;SGDC;1005370084;GEO;75 W;Ka;Descida ↓;19612,5;20037,5;425,00;Circular à esquerda (CL);10/08/2018;N;2014-01-07 00:00:00.000000;76
TELECOMUNICACOES BRASILEIRAS SA TELEBRAS;SGDC;1005370084;GEO;75 W;Ka;Subida ↑;27012,5;27437,5;425,00;Circular à esquerda (CL);10/08/2018;N;2014-01-07 00:00:00.000000;76
TELECOMUNICACOES BRASILEIRAS SA TELEBRAS;SGDC;1005370084;GEO;75 W;Ka;Descida ↓;19005;19195;190,00;Circular à esquerda (CL);10/08/2018;N;2014-01-07 00:00:00.000000;76
TELECOMUNICACOES BRASILEIRAS SA TELEBRAS;SGDC;1005370084;GEO;75 W;Ka;Descida ↓;18162,5;18362,5;200,00;Circular à direita (CR);10/08/2018;N;2014-01-07 00:00:00.000000;76
TELECOMUNICACOES BRASILEIRAS SA TELEBRAS;SGDC;1005370084;GEO;75 W;Ka;Subida ↑;29702,5;29747,5;45,00;Circular à esquerda (CL);10/08/2018;N;2014-01-07 00:00:00.000000;76
TELECOMUNICACOES BRASILEIRAS SA TELEBRAS;SGDC;1005370084;GEO;75 W;Ka;Subida ↑;28282,5;28342,5;60,00;Circular à direita (CR);10/08/2018;N;2014-01-07 00:00:00.000000;76
TELECOMUNICACOES BRASILEIRAS SA TELEBRAS;SGDC;1005370084;GEO;75 W;Ka;Descida ↓;18535;18665;130,00;Circular à direita (CR);10/08/2018;N;2014-01-07 00:00:00.000000;76
TELECOMUNICACOES BRASILEIRAS SA TELEBRAS;SGDC;1005370084;GEO;75 W;Ka;Descida ↓;19910;20040;130,00;Circular à direita (CR);10/08/2018;N;2014-01-07 00:00:00.000000;76
TELECOMUNICACOES BRASILEIRAS SA TELEBRAS;SGDC;1005370084;GEO;75 W;Ka;Subida ↑;28737,5;29012,5;275,00;Circular à direita (CR);10/08/2018;N;2014-01-07 00:00:00.000000;76
TELECOMUNICACOES BRASILEIRAS SA TELEBRAS;SGDC;1005370084;GEO;75 W;Ka;Descida ↓;19205;19595;390,00;Circular à esquerda (CL);10/08/2018;N;2014-01-07 00:00:00.000000;76
TELECOMUNICACOES BRASILEIRAS SA TELEBRAS;SGDC;1005370084;GEO;75 W;Ka;Subida ↑;29805;29895;90,00;Circular à esquerda (CL);10/08/2018;N;2014-01-07 00:00:00.000000;76
TELECOMUNICACOES BRASILEIRAS SA TELEBRAS;SGDC;1005370084;GEO;75 W;Ka;Subida ↑;29605;29895;290,00;Circular à esquerda (CL);10/08/2018;N;2014-01-07 00:00:00.000000;76
TELECOMUNICACOES BRASILEIRAS SA TELEBRAS;SGDC;1005370084;GEO;75 W;Ka;Subida ↑;27012,5;27287,5;275,00;Circular à esquerda (CL);10/08/2018;N;2014-01-07 00:00:00.000000;76
TELECOMUNICACOES BRASILEIRAS SA TELEBRAS;SGDC;1005370084;GEO;75 W;Ka;Subida ↑;28512,5;28712,5;200,00;Circular à direita (CR);10/08/2018;N;2014-01-07 00:00:00.000000;76
TELECOMUNICACOES BRASILEIRAS SA TELEBRAS;SGDC;1005370084;GEO;75 W;Ka;Descida ↓;19612,5;20187,5;575,00;Circular à direita (CR);10/08/2018;N;2014-01-07 00:00:00.000000;76
TELECOMUNICACOES BRASILEIRAS SA TELEBRAS;SGDC;1005370084;GEO;75 W;Ka;Descida ↓;18387,5;18662,5;275,00;Circular à direita (CR);10/08/2018;N;2014-01-07 00:00:00.000000;76
TELECOMUNICACOES BRASILEIRAS SA TELEBRAS;SGDC;1005370084;GEO;75 W;Ka;Descida ↓;19757,5;19817,5;60,00;Circular à direita (CR);10/08/2018;N;2014-01-07 00:00:00.000000;76
TELECOMUNICACOES BRASILEIRAS SA TELEBRAS;SGDC;1005370084;GEO;75 W;Ka;Descida ↓;19912,5;20187,5;275,00;Circular à direita (CR);10/08/2018;N;2014-01-07 00:00:00.000000;76
TELECOMUNICACOES BRASILEIRAS SA TELEBRAS;SGDC;1005370084;GEO;75 W;Ka;Subida ↑;27835;27965;130,00;Circular à direita (CR);10/08/2018;N;2014-01-07 00:00:00.000000;76
TELECOMUNICACOES BRASILEIRAS SA TELEBRAS;SGDC;1005370084;GEO;75 W;Ka;Descida ↓;18162,5;18437,5;275,00;Circular à direita (CR);10/08/2018;N;2014-01-07 00:00:00.000000;76
TELECOMUNICACOES BRASILEIRAS SA TELEBRAS;SGDC;1005370084;GEO;75 W;Ka;Subida ↑;28137,5;28487,5;350,00;Circular à direita (CR);10/08/2018;N;2014-01-07 00:00:00.000000;76
TELECOMUNICACOES BRASILEIRAS SA TELEBRAS;SGDC;1005370084;GEO;75 W;Ka;Subida ↑;29219,2;29220,8;2,00;Circular à direita (CR);10/08/2018;N;2014-01-07 00:00:00.000000;76
TELECOMUNICACOES BRASILEIRAS SA TELEBRAS;SGDC;1005370084;GEO;75 W;Ka;Descida ↓;19352,5;19397,5;45,00;Circular à direita (CR);10/08/2018;N;2014-01-07 00:00:00.000000;76
TELECOMUNICACOES BRASILEIRAS SA TELEBRAS;SGDC;1005370084;GEO;75 W;Ka;Subida ↑;27460;27590;130,00;Circular à direita (CR);10/08/2018;N;2014-01-07 00:00:00.000000;76
TELECOMUNICACOES BRASILEIRAS SA TELEBRAS;SGDC;1005370084;GEO;75 W;Ka;Descida ↓;19757,5;19817,5;60,00;Circular à esquerda (CL);10/08/2018;N;2014-01-07 00:00:00.000000;76
TELECOMUNICACOES BRASILEIRAS SA TELEBRAS;SGDC;1005370084;GEO;75 W;Ka;Descida ↓;19205;19595;390,00;Circular à direita (CR);10/08/2018;N;2014-01-07 00:00:00.000000;76
TELECOMUNICACOES BRASILEIRAS SA TELEBRAS;SGDC;1005370084;GEO;75 W;Ka;Subida ↑;29455;29595;140,00;Circular à direita (CR);10/08/2018;N;2014-01-07 00:00:00.000000;76
TELECOMUNICACOES BRASILEIRAS SA TELEBRAS;SGDC;1005370084;GEO;75 W;Ka;Descida ↓;18462,5;18662,5;200,00;Circular à direita (CR);10/08/2018;N;2014-01-07 00:00:00.000000;76
TELECOMUNICACOES BRASILEIRAS SA TELEBRAS;SGDC;1005370084;GEO;75 W;Ka;Subida ↑;29605;29995;390,00;Circular à direita (CR);10/08/2018;N;2014-01-07 00:00:00.000000;76
TELECOMUNICACOES BRASILEIRAS SA TELEBRAS;SGDC;1005370084;GEO;75 W;Ka;Descida ↓;19302,5;19347,5;45,00;Circular à direita (CR);10/08/2018;N;2014-01-07 00:00:00.000000;76
TELECOMUNICACOES BRASILEIRAS SA TELEBRAS;SGDC;1005370084;GEO;75 W;Ka;Subida ↑;27012,5;27287,5;275,00;Circular à direita (CR);10/08/2018;N;2014-01-07 00:00:00.000000;76
TELECOMUNICACOES BRASILEIRAS SA TELEBRAS;SGDC;1005370084;GEO;75 W;Ka;Subida ↑;27012,5;27437,5;425,00;Circular à direita (CR);10/08/2018;N;2014-01-07 00:00:00.000000;76
TELECOMUNICACOES BRASILEIRAS SA TELEBRAS;SGDC;1005370084;GEO;75 W;Ka;Descida ↓;18455;18645;190,00;Circular à esquerda (CL);10/08/2018;N;2014-01-07 00:00:00.000000;76
TELECOMUNICACOES BRASILEIRAS SA TELEBRAS;SGDC;1005370084;GEO;75 W;Ka;Subida ↑;27762,5;28112,5;350,00;Circular à esquerda (CL);10/08/2018;N;2014-01-07 00:00:00.000000;76
TELECOMUNICACOES BRASILEIRAS SA TELEBRAS;SGDC;1005370084;GEO;75 W;Ka;Descida ↓;19612,5;19887,5;275,00;Circular à direita (CR);10/08/2018;N;2014-01-07 00:00:00.000000;76
TELECOMUNICACOES BRASILEIRAS SA TELEBRAS;SGDC;1005370084;GEO;75 W;Ka;Descida ↓;19612,5;20037,5;425,00;Circular à direita (CR);10/08/2018;N;2014-01-07 00:00:00.000000;76
TELECOMUNICACOES BRASILEIRAS SA TELEBRAS;SGDC;1005370084;GEO;75 W;Ka;Subida ↑;27610;27740;130,00;Circular à direita (CR);10/08/2018;N;2014-01-07 00:00:00.000000;76
TELECOMUNICACOES BRASILEIRAS SA TELEBRAS;SGDC;1005370084;GEO;75 W;Ka;Descida ↓;19987,5;20187,5;200,00;Circular à esquerda (CL);10/08/2018;N;2014-01-07 00:00:00.000000;76
TELECOMUNICACOES BRASILEIRAS SA TELEBRAS;SGDC;1005370084;GEO;75 W;Ka;Descida ↓;17955;18045;90,00;Circular à esquerda (CL);10/08/2018;N;2014-01-07 00:00:00.000000;76
TELECOMUNICACOES BRASILEIRAS SA TELEBRAS;SGDC;1005370084;GEO;75 W;Ka;Subida ↑;29255;29345;90,00;Circular à esquerda (CL);10/08/2018;N;2014-01-07 00:00:00.000000;76
TELECOMUNICACOES BRASILEIRAS SA TELEBRAS;SGDC;1005370084;GEO;75 W;Ka;Subida ↑;29752,5;29797,5;45,00;Circular à direita (CR);10/08/2018;N;2014-01-07 00:00:00.000000;76
TELECOMUNICACOES BRASILEIRAS SA TELEBRAS;SGDC;1005370084;GEO;75 W;Ka;Descida ↓;20060;20190;130,00;Circular à esquerda (CL);10/08/2018;N;2014-01-07 00:00:00.000000;76
TELECOMUNICACOES BRASILEIRAS SA TELEBRAS;SGDC;1005370084;GEO;75 W;Ka;Descida ↓;18387,5;18662,5;275,00;Circular à esquerda (CL);10/08/2018;N;2014-01-07 00:00:00.000000;76
TELECOMUNICACOES BRASILEIRAS SA TELEBRAS;SGDC;1005370084;GEO;75 W;Ka;Descida ↓;19302,5;19347,5;45,00;Circular à esquerda (CL);10/08/2018;N;2014-01-07 00:00:00.000000;76
TELECOMUNICACOES BRASILEIRAS SA TELEBRAS;SGDC;1005370084;GEO;75 W;Ka;Descida ↓;17902,5;17947,5;45,00;Circular à direita (CR);10/08/2018;N;2014-01-07 00:00:00.000000;76
TELECOMUNICACOES BRASILEIRAS SA TELEBRAS;SGDC;1005370084;GEO;75 W;Ka;Descida ↓;17905;18145;240,00;Circular à direita (CR);10/08/2018;N;2014-01-07 00:00:00.000000;76
TELECOMUNICACOES BRASILEIRAS SA TELEBRAS;SGDC;1005370084;GEO;75 W;Ka;Subida ↑;29805;29995;190,00;Circular à esquerda (CL);10/08/2018;N;2014-01-07 00:00:00.000000;76
TELECOMUNICACOES BRASILEIRAS SA TELEBRAS;SGDC;1005370084;GEO;75 W;Ka;Descida ↓;19205;19295;90,00;Circular à direita (CR);10/08/2018;N;2014-01-07 00:00:00.000000;76
TELECOMUNICACOES BRASILEIRAS SA TELEBRAS;SGDC;1005370084;GEO;75 W;Ka;Subida ↑;29405;29495;90,00;Circular à direita (CR);10/08/2018;N;2014-01-07 00:00:00.000000;76
TELECOMUNICACOES BRASILEIRAS SA TELEBRAS;SGDC;1005370084;GEO;75 W;Ka;Descida ↓;17805;17895;90,00;Circular à esquerda (CL);10/08/2018;N;2014-01-07 00:00:00.000000;76
TELECOMUNICACOES BRASILEIRAS SA TELEBRAS;SGDC;1005370084;GEO;75 W;Ka;Subida ↑;27312,5;27587,5;275,00;Circular à direita (CR);10/08/2018;N;2014-01-07 00:00:00.000000;76
TELECOMUNICACOES BRASILEIRAS SA TELEBRAS;SGDC;1005370084;GEO;75 W;Ka;Subida ↑;29505;29595;90,00;Circular à esquerda (CL);10/08/2018;N;2014-01-07 00:00:00.000000;76
TELECOMUNICACOES BRASILEIRAS SA TELEBRAS;SGDC;1005370084;GEO;75 W;Ka;Descida ↓;19604,9995;19605,0005;0,00;Circular à esquerda (CL);10/08/2018;N;2014-01-07 00:00:00.000000;76
TELECOMUNICACOES BRASILEIRAS SA TELEBRAS;SGDC;1005370084;GEO;75 W;Ka;Descida ↓;19912,5;20187,5;275,00;Circular à esquerda (CL);10/08/2018;N;2014-01-07 00:00:00.000000;76
TELECOMUNICACOES BRASILEIRAS SA TELEBRAS;SGDC;1005370084;GEO;75 W;Ka;Subida ↑;29255;29445;190,00;Circular à esquerda (CL);10/08/2018;N;2014-01-07 00:00:00.000000;76
TELECOMUNICACOES BRASILEIRAS SA TELEBRAS;SGDC;1005370084;GEO;75 W;Ka;Subida ↑;29352,5;29397,5;45,00;Circular à direita (CR);10/08/2018;N;2014-01-07 00:00:00.000000;76
TELECOMUNICACOES BRASILEIRAS SA TELEBRAS;SGDC;1005370084;GEO;75 W;Ka;Descida ↓;18162,5;18437,5;275,00;Circular à esquerda (CL);10/08/2018;N;2014-01-07 00:00:00.000000;76
TELECOMUNICACOES BRASILEIRAS SA TELEBRAS;SGDC;1005370084;GEO;75 W;Ka;Subida ↑;28357,5;28417,5;60,00;Circular à esquerda (CL);10/08/2018;N;2014-01-07 00:00:00.000000;76
TELECOMUNICACOES BRASILEIRAS SA TELEBRAS;SGDC;1005370084;GEO;75 W;Ka;Descida ↓;19599,9995;19600,0005;0,00;Circular à direita (CR);10/08/2018;N;2014-01-07 00:00:00.000000;76
TELECOMUNICACOES BRASILEIRAS SA TELEBRAS;SGDC;1005370084;GEO;75 W;Ka;Subida ↑;28135;28265;130,00;Circular à direita (CR);10/08/2018;N;2014-01-07 00:00:00.000000;76
TELECOMUNICACOES BRASILEIRAS SA TELEBRAS;SGDC;1005370084;GEO;75 W;Ka;Subida ↑;29035;29165;130,00;Circular à direita (CR);10/08/2018;N;2014-01-07 00:00:00.000000;76
TELECOMUNICACOES BRASILEIRAS SA TELEBRAS;SGDC;1005370084;GEO;75 W;Ka;Subida ↑;27985;28115;130,00;Circular à direita (CR);10/08/2018;N;2014-01-07 00:00:00.000000;76
TELECOMUNICACOES BRASILEIRAS SA TELEBRAS;SGDC;1005370084;GEO;75 W;Ka;Subida ↑;28360;28490;130,00;Circular à direita (CR);10/08/2018;N;2014-01-07 00:00:00.000000;76
TELECOMUNICACOES BRASILEIRAS SA TELEBRAS;SGDC;1005370084;GEO;75 W;Ka;Descida ↓;19987,5;20187,5;200,00;Circular à direita (CR);10/08/2018;N;2014-01-07 00:00:00.000000;76
TELECOMUNICACOES BRASILEIRAS SA TELEBRAS;SGDC;1005370084;GEO;75 W;Ka;Subida ↑;29702,5;29747,5;45,00;Circular à direita (CR);10/08/2018;N;2014-01-07 00:00:00.000000;76
TELECOMUNICACOES BRASILEIRAS SA TELEBRAS;SGDC;1005370084;GEO;75 W;Ka;Descida ↓;19835;19965;130,00;Circular à direita (CR);10/08/2018;N;2014-01-07 00:00:00.000000;76
TELECOMUNICACOES BRASILEIRAS SA TELEBRAS;SGDC;1005370084;GEO;75 W;Ka;Subida ↑;28737,5;28937,5;200,00;Circular à direita (CR);10/08/2018;N;2014-01-07 00:00:00.000000;76
TELECOMUNICACOES BRASILEIRAS SA TELEBRAS;SGDC;1005370084;GEO;75 W;Ka;Descida ↓;18307,5;18367,5;60,00;Circular à esquerda (CL);10/08/2018;N;2014-01-07 00:00:00.000000;76
TELECOMUNICACOES BRASILEIRAS SA TELEBRAS;SGDC;1005370084;GEO;75 W;Ka;Subida ↑;29355;29595;240,00;Circular à direita (CR);10/08/2018;N;2014-01-07 00:00:00.000000;76
TELECOMUNICACOES BRASILEIRAS SA TELEBRAS;SGDC;1005370084;GEO;75 W;Ka;Descida ↓;19055;19195;140,00;Circular à esquerda (CL);10/08/2018;N;2014-01-07 00:00:00.000000;76
TELECOMUNICACOES BRASILEIRAS SA TELEBRAS;SGDC;1005370084;GEO;75 W;Ka;Descida ↓;17805;17945;140,00;Circular à direita (CR);10/08/2018;N;2014-01-07 00:00:00.000000;76
TELECOMUNICACOES BRASILEIRAS SA TELEBRAS;SGDC;1005370084;GEO;75 W;Ka;Subida ↑;28435;28565;130,00;Circular à esquerda (CL);10/08/2018;N;2014-01-07 00:00:00.000000;76
TELECOMUNICACOES BRASILEIRAS SA TELEBRAS;SGDC;1005370084;GEO;75 W;Ka;Descida ↓;19599,9995;19600,0005;0,00;Circular à esquerda (CL);10/08/2018;N;2014-01-07 00:00:00.000000;76
TELECOMUNICACOES BRASILEIRAS SA TELEBRAS;SGDC;1005370084;GEO;75 W;Ka;Descida ↓;19455;19595;140,00;Circular à esquerda (CL);10/08/2018;N;2014-01-07 00:00:00.000000;76
TELECOMUNICACOES BRASILEIRAS SA TELEBRAS;SGDC;1005370084;GEO;75 W;Ka;Subida ↑;29255;29395;140,00;Circular à direita (CR);10/08/2018;N;2014-01-07 00:00:00.000000;76
TELECOMUNICACOES BRASILEIRAS SA TELEBRAS;SGDC;1005370084;GEO;75 W;Ka;Subida ↑;28962,5;29237,5;275,00;Circular à direita (CR);10/08/2018;N;2014-01-07 00:00:00.000000;76
TELECOMUNICACOES BRASILEIRAS SA TELEBRAS;SGDC;1005370084;GEO;75 W;Ka;Descida ↓;18855;18995;140,00;Circular à esquerda (CL);10/08/2018;N;2014-01-07 00:00:00.000000;76
TELECOMUNICACOES BRASILEIRAS SA TELEBRAS;SGDC;1005370084;GEO;75 W;Ka;Descida ↓;19355;19445;90,00;Circular à esquerda (CL);10/08/2018;N;2014-01-07 00:00:00.000000;76
TELECOMUNICACOES BRASILEIRAS SA TELEBRAS;SGDC;1005370084;GEO;75 W;Ka;Subida ↑;29037,5;29237,5;200,00;Circular à direita (CR);10/08/2018;N;2014-01-07 00:00:00.000000;76
TELECOMUNICACOES BRASILEIRAS SA TELEBRAS;SGDC;1005370084;GEO;75 W;Ka;Subida ↑;29605;29895;290,00;Circular à direita (CR);10/08/2018;N;2014-01-07 00:00:00.000000;76
TELECOMUNICACOES BRASILEIRAS SA TELEBRAS;SGDC;1005370084;GEO;75 W;Ka;Subida ↑;29455;29545;90,00;Circular à direita (CR);10/08/2018;N;2014-01-07 00:00:00.000000;76
TELECOMUNICACOES BRASILEIRAS SA TELEBRAS;SGDC;1005370084;GEO;75 W;Ka;Descida ↓;18385;18515;130,00;Circular à direita (CR);10/08/2018;N;2014-01-07 00:00:00.000000;76
TELECOMUNICACOES BRASILEIRAS SA TELEBRAS;SGDC;1005370084;GEO;75 W;Ka;Subida ↑;28137,5;28712,5;575,00;Circular à direita (CR);10/08/2018;N;2014-01-07 00:00:00.000000;76
TELECOMUNICACOES BRASILEIRAS SA TELEBRAS;SGDC;1005370084;GEO;75 W;Ka;Subida ↑;29405;29595;190,00;Circular à direita (CR);10/08/2018;N;2014-01-07 00:00:00.000000;76
TELECOMUNICACOES BRASILEIRAS SA TELEBRAS;SGDC;1005370084;GEO;75 W;Ka;Subida ↑;28585;28715;130,00;Circular à esquerda (CL);10/08/2018;N;2014-01-07 00:00:00.000000;76
TELECOMUNICACOES BRASILEIRAS SA TELEBRAS;SGDC;1005370084;GEO;75 W;Ka;Descida ↓;18455;18645;190,00;Circular à direita (CR);10/08/2018;N;2014-01-07 00:00:00.000000;76
TELECOMUNICACOES BRASILEIRAS SA TELEBRAS;SGDC;1005370084;GEO;75 W;Ka;Subida ↑;28737,5;29012,5;275,00;Circular à esquerda (CL);10/08/2018;N;2014-01-07 00:00:00.000000;76
TELECOMUNICACOES BRASILEIRAS SA TELEBRAS;SGDC;1005370084;GEO;75 W;Ka;Descida ↓;18855;19045;190,00;Circular à direita (CR);10/08/2018;N;2014-01-07 00:00:00.000000;76
TELECOMUNICACOES BRASILEIRAS SA TELEBRAS;SGDC;1005370084;GEO;75 W;Ka;Subida ↑;29255;29345;90,00;Circular à direita (CR);10/08/2018;N;2014-01-07 00:00:00.000000;76
TELECOMUNICACOES BRASILEIRAS SA TELEBRAS;SGDC;1005370084;GEO;75 W;Ka;Descida ↓;19055;19195;140,00;Circular à direita (CR);10/08/2018;N;2014-01-07 00:00:00.000000;76
TELECOMUNICACOES BRASILEIRAS SA TELEBRAS;SGDC;1005370084;GEO;75 W;Ka;Descida ↓;18055;18145;90,00;Circular à direita (CR);10/08/2018;N;2014-01-07 00:00:00.000000;76
TELECOMUNICACOES BRASILEIRAS SA TELEBRAS;SGDC;1005370084;GEO;75 W;Ka;Subida ↑;29255;29595;340,00;Circular à direita (CR);10/08/2018;N;2014-01-07 00:00:00.000000;76
TELECOMUNICACOES BRASILEIRAS SA TELEBRAS;SGDC;1005370084;GEO;75 W;Ka;Subida ↑;29855;29995;140,00;Circular à direita (CR);10/08/2018;N;2014-01-07 00:00:00.000000;76
TELECOMUNICACOES BRASILEIRAS SA TELEBRAS;SGDC;1005370084;GEO;75 W;Ka;Subida ↑;29605;29795;190,00;Circular à direita (CR);10/08/2018;N;2014-01-07 00:00:00.000000;76
TELECOMUNICACOES BRASILEIRAS SA TELEBRAS;SGDC;1005370084;GEO;75 W;Ka;Descida ↓;19832,5;19892,5;60,00;Circular à esquerda (CL);10/08/2018;N;2014-01-07 00:00:00.000000;76
TELECOMUNICACOES BRASILEIRAS SA TELEBRAS;SGDC;1005370084;GEO;75 W;Ka;Descida ↓;19505;19595;90,00;Circular à direita (CR);10/08/2018;N;2014-01-07 00:00:00.000000;76
TELECOMUNICACOES BRASILEIRAS SA TELEBRAS;SGDC;1005370084;GEO;75 W;Ka;Subida ↑;29196,5;29203,5;7,00;Circular à esquerda (CL);10/08/2018;N;2014-01-07 00:00:00.000000;76
TELECOMUNICACOES BRASILEIRAS SA TELEBRAS;SGDC;1005370084;GEO;75 W;Ka;Descida ↓;18855;19195;340,00;Circular à direita (CR);10/08/2018;N;2014-01-07 00:00:00.000000;76
TELECOMUNICACOES BRASILEIRAS SA TELEBRAS;SGDC;1005370084;GEO;75 W;Ka;Descida ↓;18755;18845;90,00;Circular à esquerda (CL);10/08/2018;N;2014-01-07 00:00:00.000000;76
TELECOMUNICACOES BRASILEIRAS SA TELEBRAS;SGDC;1005370084;GEO;75 W;Ka;Subida ↑;29805;29995;190,00;Circular à direita (CR);10/08/2018;N;2014-01-07 00:00:00.000000;76
TELECOMUNICACOES BRASILEIRAS SA TELEBRAS;SGDC;1005370084;GEO;75 W;Ka;Subida ↑;29855;29995;140,00;Circular à esquerda (CL);10/08/2018;N;2014-01-07 00:00:00.000000;76
TELECOMUNICACOES BRASILEIRAS SA TELEBRAS;SGDC;1005370084;GEO;75 W;Ka;Subida ↑;28737,5;29237,5;500,00;Circular à esquerda (CL);10/08/2018;N;2014-01-07 00:00:00.000000;76
TELECOMUNICACOES BRASILEIRAS SA TELEBRAS;SGDC;1005370084;GEO;75 W;Ka;Descida ↓;17955;18045;90,00;Circular à direita (CR);10/08/2018;N;2014-01-07 00:00:00.000000;76
TELECOMUNICACOES BRASILEIRAS SA TELEBRAS;SGDC;1005370084;GEO;75 W;Ka;Descida ↓;18535;18665;130,00;Circular à esquerda (CL);10/08/2018;N;2014-01-07 00:00:00.000000;76
TELECOMUNICACOES BRASILEIRAS SA TELEBRAS;SGDC;1005370084;GEO;75 W;Ka;Descida ↓;18160;18290;130,00;Circular à direita (CR);10/08/2018;N;2014-01-07 00:00:00.000000;76
TELECOMUNICACOES BRASILEIRAS SA TELEBRAS;SGDC;1005370084;GEO;75 W;Ka;Subida ↑;27312,5;27587,5;275,00;Circular à esquerda (CL);10/08/2018;N;2014-01-07 00:00:00.000000;76
TELECOMUNICACOES BRASILEIRAS SA TELEBRAS;SGDC;1005370084;GEO;75 W;Ka;Subida ↑;29505;29595;90,00;Circular à direita (CR);10/08/2018;N;2014-01-07 00:00:00.000000;76
TELECOMUNICACOES BRASILEIRAS SA TELEBRAS;SGDC;1005370084;GEO;75 W;Ka;Descida ↓;18455;18745;290,00;Circular à direita (CR);10/08/2018;N;2014-01-07 00:00:00.000000;76
TELECOMUNICACOES BRASILEIRAS SA TELEBRAS;SGDC;1005370084;GEO;75 W;Ka;Subida ↑;29605;29695;90,00;Circular à direita (CR);10/08/2018;N;2014-01-07 00:00:00.000000;76
TELECOMUNICACOES BRASILEIRAS SA TELEBRAS;SGDC;1005370084;GEO;75 W;Ka;Descida ↓;18655;18845;190,00;Circular à direita (CR);10/08/2018;N;2014-01-07 00:00:00.000000;76
TELECOMUNICACOES BRASILEIRAS SA TELEBRAS;SGDC;1005370084;GEO;75 W;Ka;Subida ↑;28135;28265;130,00;Circular à esquerda (CL);10/08/2018;N;2014-01-07 00:00:00.000000;76
TELECOMUNICACOES BRASILEIRAS SA TELEBRAS;SGDC;1005370084;GEO;75 W;Ka;Subida ↑;29905;29995;90,00;Circular à direita (CR);10/08/2018;N;2014-01-07 00:00:00.000000;76
TELECOMUNICACOES BRASILEIRAS SA TELEBRAS;SGDC;1005370084;GEO;75 W;Ka;Subida ↑;27985;28115;130,00;Circular à esquerda (CL);10/08/2018;N;2014-01-07 00:00:00.000000;76
TELECOMUNICACOES BRASILEIRAS SA TELEBRAS;SGDC;1005370084;GEO;75 W;Ka;Descida ↓;18655;18845;190,00;Circular à esquerda (CL);10/08/2018;N;2014-01-07 00:00:00.000000;76
TELESAT BRASIL CAPACIDADE DE SATÉLITES LTDA;Estrela do Sul 2;695714376;GEO;63 W;Ku;Descida ↓;12152;12188;36,00;Vertical (V);30/01/2024;2026-12-31 00:00:00.000000;2023-11-17 00:00:00.000000;16129
TELESAT BRASIL CAPACIDADE DE SATÉLITES LTDA;Estrela do Sul 2;695714376;GEO;63 W;Ku;Descida ↓;12112;12148;36,00;Vertical (V);30/01/2024;2026-12-31 00:00:00.000000;2023-11-17 00:00:00.000000;16129
TELESAT BRASIL CAPACIDADE DE SATÉLITES LTDA;Estrela do Sul 2;695714376;GEO;63 W;Ku;Subida ↑;13752;13788;36,00;Vertical (V);30/01/2024;2026-12-31 00:00:00.000000;2023-11-17 00:00:00.000000;16129
TELESAT BRASIL CAPACIDADE DE SATÉLITES LTDA;Estrela do Sul 2;695714376;GEO;63 W;Ku;Subida ↑;13834;13870;36,00;Vertical (V);30/01/2024;2026-12-31 00:00:00.000000;2023-11-17 00:00:00.000000;16129
TELESAT BRASIL CAPACIDADE DE SATÉLITES LTDA;Estrela do Sul 2;695714376;GEO;63 W;Ku;Descida ↓;12116;12188;72,00;Horizontal (H);30/01/2024;2026-12-31 00:00:00.000000;2023-11-17 00:00:00.000000;16129
TELESAT BRASIL CAPACIDADE DE SATÉLITES LTDA;Estrela do Sul 2;695714376;GEO;63 W;Ku;Subida ↑;13752;13788;36,00;Horizontal (H);30/01/2024;2026-12-31 00:00:00.000000;2023-11-17 00:00:00.000000;16129
TELESAT BRASIL CAPACIDADE DE SATÉLITES LTDA;Estrela do Sul 2;695714376;GEO;63 W;Ku;Subida ↑;13792;13828;36,00;Vertical (V);30/01/2024;2026-12-31 00:00:00.000000;2023-11-17 00:00:00.000000;16129
TELESAT BRASIL CAPACIDADE DE SATÉLITES LTDA;Estrela do Sul 2;695714376;GEO;63 W;Ku;Descida ↓;12072;12108;36,00;Vertical (V);30/01/2024;2026-12-31 00:00:00.000000;2023-11-17 00:00:00.000000;16129
TELESAT BRASIL CAPACIDADE DE SATÉLITES LTDA;Estrela do Sul 2;695714376;GEO;63 W;Ku;Subida ↑;14412;14448;36,00;Vertical (V);30/01/2024;2026-12-31 00:00:00.000000;2023-11-17 00:00:00.000000;16129
TELESAT BRASIL CAPACIDADE DE SATÉLITES LTDA;Estrela do Sul 2;695714376;GEO;63 W;Ku;Subida ↑;13834;13870;36,00;Horizontal (H);30/01/2024;2026-12-31 00:00:00.000000;2023-11-17 00:00:00.000000;16129
TELESAT BRASIL CAPACIDADE DE SATÉLITES LTDA;Estrela do Sul 2;695714376;GEO;63 W;Ku;Subida ↑;13874;13910;36,00;Vertical (V);30/01/2024;2026-12-31 00:00:00.000000;2023-11-17 00:00:00.000000;16129
TELESAT BRASIL CAPACIDADE DE SATÉLITES LTDA;Estrela do Sul 2;695714376;GEO;63 W;Ku;Descida ↓;11534;11570;36,00;Vertical (V);30/01/2024;2026-12-31 00:00:00.000000;2023-11-17 00:00:00.000000;16129
TELESAT BRASIL CAPACIDADE DE SATÉLITES LTDA;Estrela do Sul 2;695714376;GEO;63 W;Ku;Subida ↑;13918;13990;72,00;Horizontal (H);30/01/2024;2026-12-31 00:00:00.000000;2023-11-17 00:00:00.000000;16129
TELESAT BRASIL CAPACIDADE DE SATÉLITES LTDA;Estrela do Sul 2;695714376;GEO;63 W;Ku;Subida ↑;14416;14488;72,00;Vertical (V);30/01/2024;2026-12-31 00:00:00.000000;2023-11-17 00:00:00.000000;16129
TELESAT BRASIL CAPACIDADE DE SATÉLITES LTDA;Estrela do Sul 2;695714376;GEO;63 W;Ku;Descida ↓;11452;11488;36,00;Horizontal (H);30/01/2024;2026-12-31 00:00:00.000000;2023-11-17 00:00:00.000000;16129
TELESAT BRASIL CAPACIDADE DE SATÉLITES LTDA;Estrela do Sul 2;695714376;GEO;63 W;Ku;Descida ↓;11492;11528;36,00;Vertical (V);30/01/2024;2026-12-31 00:00:00.000000;2023-11-17 00:00:00.000000;16129
TELESAT BRASIL CAPACIDADE DE SATÉLITES LTDA;Estrela do Sul 2;695714376;GEO;63 W;Ku;Descida ↓;12116;12188;72,00;Vertical (V);30/01/2024;2026-12-31 00:00:00.000000;2023-11-17 00:00:00.000000;16129
TELESAT BRASIL CAPACIDADE DE SATÉLITES LTDA;Estrela do Sul 2;695714376;GEO;63 W;Ku;Descida ↓;12032;12068;36,00;Vertical (V);30/01/2024;2026-12-31 00:00:00.000000;2023-11-17 00:00:00.000000;16129
TELESAT BRASIL CAPACIDADE DE SATÉLITES LTDA;Estrela do Sul 2;695714376;GEO;63 W;Ku;Subida ↑;14372;14408;36,00;Horizontal (H);30/01/2024;2026-12-31 00:00:00.000000;2023-11-17 00:00:00.000000;16129
TELESAT BRASIL CAPACIDADE DE SATÉLITES LTDA;Estrela do Sul 2;695714376;GEO;63 W;Ku;Descida ↓;11452;11488;36,00;Vertical (V);30/01/2024;2026-12-31 00:00:00.000000;2023-11-17 00:00:00.000000;16129
TELESAT BRASIL CAPACIDADE DE SATÉLITES LTDA;Estrela do Sul 2;695714376;GEO;63 W;Ku;Descida ↓;11950;11986;36,00;Vertical (V);30/01/2024;2026-12-31 00:00:00.000000;2023-11-17 00:00:00.000000;16129
TELESAT BRASIL CAPACIDADE DE SATÉLITES LTDA;Estrela do Sul 2;695714376;GEO;63 W;Ku;Descida ↓;11990;12026;36,00;Vertical (V);30/01/2024;2026-12-31 00:00:00.000000;2023-11-17 00:00:00.000000;16129
TELESAT BRASIL CAPACIDADE DE SATÉLITES LTDA;Estrela do Sul 2;695714376;GEO;63 W;Ku;Descida ↓;11702;11738;36,00;Vertical (V);30/01/2024;2026-12-31 00:00:00.000000;2023-11-17 00:00:00.000000;16129
TELESAT BRASIL CAPACIDADE DE SATÉLITES LTDA;Estrela do Sul 2;695714376;GEO;63 W;Ku;Descida ↓;11742;11778;36,00;Vertical (V);30/01/2024;2026-12-31 00:00:00.000000;2023-11-17 00:00:00.000000;16129
TELESAT BRASIL CAPACIDADE DE SATÉLITES LTDA;Estrela do Sul 2;695714376;GEO;63 W;Ku;Descida ↓;11786;11822;36,00;Vertical (V);30/01/2024;2026-12-31 00:00:00.000000;2023-11-17 00:00:00.000000;16129
TELESAT BRASIL CAPACIDADE DE SATÉLITES LTDA;Estrela do Sul 2;695714376;GEO;63 W;Ku;Descida ↓;11574;11610;36,00;Vertical (V);30/01/2024;2026-12-31 00:00:00.000000;2023-11-17 00:00:00.000000;16129
TELESAT BRASIL CAPACIDADE DE SATÉLITES LTDA;Estrela do Sul 2;695714376;GEO;63 W;Ku;Subida ↑;13792;13828;36,00;Horizontal (H);30/01/2024;2026-12-31 00:00:00.000000;2023-11-17 00:00:00.000000;16129
TELESAT BRASIL CAPACIDADE DE SATÉLITES LTDA;Estrela do Sul 2;695714376;GEO;63 W;Ku;Descida ↓;11618;11690;72,00;Vertical (V);30/01/2024;2026-12-31 00:00:00.000000;2023-11-17 00:00:00.000000;16129
TELESAT BRASIL CAPACIDADE DE SATÉLITES LTDA;Estrela do Sul 2;695714376;GEO;63 W;Ku;Descida ↓;11492;11528;36,00;Horizontal (H);30/01/2024;2026-12-31 00:00:00.000000;2023-11-17 00:00:00.000000;16129
TELESAT BRASIL CAPACIDADE DE SATÉLITES LTDA;Estrela do Sul 2;695714376;GEO;63 W;Ku;Subida ↑;14250;14286;36,00;Vertical (V);30/01/2024;2026-12-31 00:00:00.000000;2023-11-17 00:00:00.000000;16129
TELESAT BRASIL CAPACIDADE DE SATÉLITES LTDA;Estrela do Sul 2;695714376;GEO;63 W;Ku;Descida ↓;12034;12106;72,00;Horizontal (H);30/01/2024;2026-12-31 00:00:00.000000;2023-11-17 00:00:00.000000;16129
TELESAT BRASIL CAPACIDADE DE SATÉLITES LTDA;Estrela do Sul 2;695714376;GEO;63 W;Ku;Descida ↓;11656;11692;36,00;Horizontal (H);30/01/2024;2026-12-31 00:00:00.000000;2023-11-17 00:00:00.000000;16129
TELESAT BRASIL CAPACIDADE DE SATÉLITES LTDA;Estrela do Sul 2;695714376;GEO;63 W;Ku;Subida ↑;14332;14368;36,00;Horizontal (H);30/01/2024;2026-12-31 00:00:00.000000;2023-11-17 00:00:00.000000;16129
TELESAT BRASIL CAPACIDADE DE SATÉLITES LTDA;Estrela do Sul 2;695714376;GEO;63 W;Ku;Descida ↓;11870;11942;72,00;Vertical (V);30/01/2024;2026-12-31 00:00:00.000000;2023-11-17 00:00:00.000000;16129
TELESAT BRASIL CAPACIDADE DE SATÉLITES LTDA;Estrela do Sul 2;695714376;GEO;63 W;Ku;Subida ↑;14086;14122;36,00;Vertical (V);30/01/2024;2026-12-31 00:00:00.000000;2023-11-17 00:00:00.000000;16129
TELESAT BRASIL CAPACIDADE DE SATÉLITES LTDA;Estrela do Sul 2;695714376;GEO;63 W;Ku;Descida ↓;11826;11862;36,00;Horizontal (H);30/01/2024;2026-12-31 00:00:00.000000;2023-11-17 00:00:00.000000;16129
TELESAT BRASIL CAPACIDADE DE SATÉLITES LTDA;Estrela do Sul 2;695714376;GEO;63 W;Ku;Descida ↓;12032;12068;36,00;Horizontal (H);30/01/2024;2026-12-31 00:00:00.000000;2023-11-17 00:00:00.000000;16129
TELESAT BRASIL CAPACIDADE DE SATÉLITES LTDA;Estrela do Sul 2;695714376;GEO;63 W;Ku;Subida ↑;14334;14406;72,00;Vertical (V);30/01/2024;2026-12-31 00:00:00.000000;2023-11-17 00:00:00.000000;16129
TELESAT BRASIL CAPACIDADE DE SATÉLITES LTDA;Estrela do Sul 2;695714376;GEO;63 W;Ku;Subida ↑;14250;14286;36,00;Horizontal (H);30/01/2024;2026-12-31 00:00:00.000000;2023-11-17 00:00:00.000000;16129
TELESAT BRASIL CAPACIDADE DE SATÉLITES LTDA;Estrela do Sul 2;695714376;GEO;63 W;Ku;Descida ↓;11742;11778;36,00;Horizontal (H);30/01/2024;2026-12-31 00:00:00.000000;2023-11-17 00:00:00.000000;16129
TELESAT BRASIL CAPACIDADE DE SATÉLITES LTDA;Estrela do Sul 2;695714376;GEO;63 W;Ku;Subida ↑;14126;14162;36,00;Horizontal (H);30/01/2024;2026-12-31 00:00:00.000000;2023-11-17 00:00:00.000000;16129
TELESAT BRASIL CAPACIDADE DE SATÉLITES LTDA;Estrela do Sul 2;695714376;GEO;63 W;Ku;Subida ↑;14332;14368;36,00;Vertical (V);30/01/2024;2026-12-31 00:00:00.000000;2023-11-17 00:00:00.000000;16129
TELESAT BRASIL CAPACIDADE DE SATÉLITES LTDA;Estrela do Sul 2;695714376;GEO;63 W;Ku;Subida ↑;14002;14038;36,00;Horizontal (H);30/01/2024;2026-12-31 00:00:00.000000;2023-11-17 00:00:00.000000;16129
TELESAT BRASIL CAPACIDADE DE SATÉLITES LTDA;Estrela do Sul 2;695714376;GEO;63 W;Ku;Descida ↓;12196,3;12196,7;0,00;Horizontal (H);30/01/2024;2026-12-31 00:00:00.000000;2023-11-17 00:00:00.000000;16129
TELESAT BRASIL CAPACIDADE DE SATÉLITES LTDA;Estrela do Sul 2;695714376;GEO;63 W;Ku;Descida ↓;12112;12148;36,00;Horizontal (H);30/01/2024;2026-12-31 00:00:00.000000;2023-11-17 00:00:00.000000;16129
TELESAT BRASIL CAPACIDADE DE SATÉLITES LTDA;Estrela do Sul 2;695714376;GEO;63 W;Ku;Descida ↓;11952;12024;72,00;Horizontal (H);30/01/2024;2026-12-31 00:00:00.000000;2023-11-17 00:00:00.000000;16129
TELESAT BRASIL CAPACIDADE DE SATÉLITES LTDA;Estrela do Sul 2;695714376;GEO;63 W;Ku;Descida ↓;12152;12188;36,00;Horizontal (H);30/01/2024;2026-12-31 00:00:00.000000;2023-11-17 00:00:00.000000;16129
TELESAT BRASIL CAPACIDADE DE SATÉLITES LTDA;Estrela do Sul 2;695714376;GEO;63 W;Ku;Descida ↓;11870;11942;72,00;Horizontal (H);30/01/2024;2026-12-31 00:00:00.000000;2023-11-17 00:00:00.000000;16129
TELESAT BRASIL CAPACIDADE DE SATÉLITES LTDA;Estrela do Sul 2;695714376;GEO;63 W;Ku;Subida ↑;14170;14242;72,00;Horizontal (H);30/01/2024;2026-12-31 00:00:00.000000;2023-11-17 00:00:00.000000;16129
TELESAT BRASIL CAPACIDADE DE SATÉLITES LTDA;Estrela do Sul 2;695714376;GEO;63 W;Ku;Subida ↑;13956;13992;36,00;Vertical (V);30/01/2024;2026-12-31 00:00:00.000000;2023-11-17 00:00:00.000000;16129
TELESAT BRASIL CAPACIDADE DE SATÉLITES LTDA;Estrela do Sul 2;695714376;GEO;63 W;Ku;Descida ↓;11950;11986;36,00;Horizontal (H);30/01/2024;2026-12-31 00:00:00.000000;2023-11-17 00:00:00.000000;16129
TELESAT BRASIL CAPACIDADE DE SATÉLITES LTDA;Estrela do Sul 2;695714376;GEO;63 W;Ku;Descida ↓;12072;12108;36,00;Horizontal (H);30/01/2024;2026-12-31 00:00:00.000000;2023-11-17 00:00:00.000000;16129
TELESAT BRASIL CAPACIDADE DE SATÉLITES LTDA;Estrela do Sul 2;695714376;GEO;63 W;Ku;Descida ↓;11702;11738;36,00;Horizontal (H);30/01/2024;2026-12-31 00:00:00.000000;2023-11-17 00:00:00.000000;16129
TELESAT BRASIL CAPACIDADE DE SATÉLITES LTDA;Estrela do Sul 2;695714376;GEO;63 W;Ku;Subida ↑;14042;14078;36,00;Horizontal (H);30/01/2024;2026-12-31 00:00:00.000000;2023-11-17 00:00:00.000000;16129
TELESAT BRASIL CAPACIDADE DE SATÉLITES LTDA;Estrela do Sul 2;695714376;GEO;63 W;Ku;Descida ↓;11695,9;11696,1;0,00;Vertical (V);30/01/2024;2026-12-31 00:00:00.000000;2023-11-17 00:00:00.000000;16129
TELESAT BRASIL CAPACIDADE DE SATÉLITES LTDA;Estrela do Sul 2;695714376;GEO;63 W;Ku;Subida ↑;14086;14122;36,00;Horizontal (H);30/01/2024;2026-12-31 00:00:00.000000;2023-11-17 00:00:00.000000;16129
TELESAT BRASIL CAPACIDADE DE SATÉLITES LTDA;Estrela do Sul 2;695714376;GEO;63 W;Ku;Descida ↓;11786;11822;36,00;Horizontal (H);30/01/2024;2026-12-31 00:00:00.000000;2023-11-17 00:00:00.000000;16129
TELESAT BRASIL CAPACIDADE DE SATÉLITES LTDA;Telstar 19 Vantage;1007130676;GEO;63 W;Ku(AP30B);Subida ↑;13006,75;13119,25;113,00;Horizontal (H);27/12/2023;N;2016-02-24 00:00:00.000000;50474
TELESAT BRASIL CAPACIDADE DE SATÉLITES LTDA;Estrela do Sul 2;695714376;GEO;63 W;Ku;Subida ↑;13874;13910;36,00;Horizontal (H);30/01/2024;2026-12-31 00:00:00.000000;2023-11-17 00:00:00.000000;16129
TELESAT BRASIL CAPACIDADE DE SATÉLITES LTDA;Estrela do Sul 2;695714376;GEO;63 W;Ku;Subida ↑;14002;14038;36,00;Vertical (V);30/01/2024;2026-12-31 00:00:00.000000;2023-11-17 00:00:00.000000;16129
TELESAT BRASIL CAPACIDADE DE SATÉLITES LTDA;Estrela do Sul 2;695714376;GEO;63 W;Ku;Descida ↓;11990;12026;36,00;Horizontal (H);30/01/2024;2026-12-31 00:00:00.000000;2023-11-17 00:00:00.000000;16129
TELESAT BRASIL CAPACIDADE DE SATÉLITES LTDA;Estrela do Sul 2;695714376;GEO;63 W;Ku;Subida ↑;14252;14324;72,00;Vertical (V);30/01/2024;2026-12-31 00:00:00.000000;2023-11-17 00:00:00.000000;16129
TELESAT BRASIL CAPACIDADE DE SATÉLITES LTDA;Estrela do Sul 2;695714376;GEO;63 W;Ku;Descida ↓;11616;11652;36,00;Horizontal (H);30/01/2024;2026-12-31 00:00:00.000000;2023-11-17 00:00:00.000000;16129
TELESAT BRASIL CAPACIDADE DE SATÉLITES LTDA;Estrela do Sul 2;695714376;GEO;63 W;Ku;Descida ↓;12198,3;12198,7;0,00;Vertical (V);30/01/2024;2026-12-31 00:00:00.000000;2023-11-17 00:00:00.000000;16129
TELESAT BRASIL CAPACIDADE DE SATÉLITES LTDA;Estrela do Sul 2;695714376;GEO;63 W;Ku;Subida ↑;14126;14162;36,00;Vertical (V);30/01/2024;2026-12-31 00:00:00.000000;2023-11-17 00:00:00.000000;16129
TELESAT BRASIL CAPACIDADE DE SATÉLITES LTDA;Estrela do Sul 2;695714376;GEO;63 W;Ku;Subida ↑;14452;14488;36,00;Vertical (V);30/01/2024;2026-12-31 00:00:00.000000;2023-11-17 00:00:00.000000;16129
TELESAT BRASIL CAPACIDADE DE SATÉLITES LTDA;Estrela do Sul 2;695714376;GEO;63 W;Ku;Subida ↑;14372;14408;36,00;Vertical (V);30/01/2024;2026-12-31 00:00:00.000000;2023-11-17 00:00:00.000000;16129
TELESAT BRASIL CAPACIDADE DE SATÉLITES LTDA;Estrela do Sul 2;695714376;GEO;63 W;Ku;Subida ↑;14170;14242;72,00;Vertical (V);30/01/2024;2026-12-31 00:00:00.000000;2023-11-17 00:00:00.000000;16129
TELESAT BRASIL CAPACIDADE DE SATÉLITES LTDA;Estrela do Sul 2;695714376;GEO;63 W;Ku;Descida ↓;11534;11570;36,00;Horizontal (H);30/01/2024;2026-12-31 00:00:00.000000;2023-11-17 00:00:00.000000;16129
TELESAT BRASIL CAPACIDADE DE SATÉLITES LTDA;Estrela do Sul 2;695714376;GEO;63 W;Ku;Subida ↑;14042;14078;36,00;Vertical (V);30/01/2024;2026-12-31 00:00:00.000000;2023-11-17 00:00:00.000000;16129
TELESAT BRASIL CAPACIDADE DE SATÉLITES LTDA;Estrela do Sul 2;695714376;GEO;63 W;Ku;Subida ↑;14497;14498;1,00;Vertical (V);30/01/2024;2026-12-31 00:00:00.000000;2023-11-17 00:00:00.000000;16129
TELESAT BRASIL CAPACIDADE DE SATÉLITES LTDA;Estrela do Sul 2;695714376;GEO;63 W;Ku;Subida ↑;14290;14326;36,00;Vertical (V);30/01/2024;2026-12-31 00:00:00.000000;2023-11-17 00:00:00.000000;16129
TELESAT BRASIL CAPACIDADE DE SATÉLITES LTDA;Estrela do Sul 2;695714376;GEO;63 W;Ku;Subida ↑;14290;14326;36,00;Horizontal (H);30/01/2024;2026-12-31 00:00:00.000000;2023-11-17 00:00:00.000000;16129
TELESAT BRASIL CAPACIDADE DE SATÉLITES LTDA;Estrela do Sul 2;695714376;GEO;63 W;Ku;Subida ↑;13916;13952;36,00;Vertical (V);30/01/2024;2026-12-31 00:00:00.000000;2023-11-17 00:00:00.000000;16129
TELESAT BRASIL CAPACIDADE DE SATÉLITES LTDA;Estrela do Sul 2;695714376;GEO;63 W;Ku;Descida ↓;11826;11862;36,00;Vertical (V);30/01/2024;2026-12-31 00:00:00.000000;2023-11-17 00:00:00.000000;16129
TELESAT BRASIL CAPACIDADE DE SATÉLITES LTDA;Estrela do Sul 2;695714376;GEO;63 W;Ku;Subida ↑;14412;14448;36,00;Horizontal (H);30/01/2024;2026-12-31 00:00:00.000000;2023-11-17 00:00:00.000000;16129
TELESAT BRASIL CAPACIDADE DE SATÉLITES LTDA;Estrela do Sul 2;695714376;GEO;63 W;Ku;Subida ↑;14499;14500;1,00;Horizontal (H);30/01/2024;2026-12-31 00:00:00.000000;2023-11-17 00:00:00.000000;16129
TELESAT BRASIL CAPACIDADE DE SATÉLITES LTDA;Estrela do Sul 2;695714376;GEO;63 W;Ku;Descida ↓;11574;11610;36,00;Horizontal (H);30/01/2024;2026-12-31 00:00:00.000000;2023-11-17 00:00:00.000000;16129
TELESAT BRASIL CAPACIDADE DE SATÉLITES LTDA;Estrela do Sul 2;695714376;GEO;63 W;Ku;Descida ↓;11696,9;11697,1;0,00;Horizontal (H);30/01/2024;2026-12-31 00:00:00.000000;2023-11-17 00:00:00.000000;16129
TELESAT BRASIL CAPACIDADE DE SATÉLITES LTDA;Estrela do Sul 2;695714376;GEO;63 W;Ku;Subida ↑;14452;14488;36,00;Horizontal (H);30/01/2024;2026-12-31 00:00:00.000000;2023-11-17 00:00:00.000000;16129
TELESAT BRASIL CAPACIDADE DE SATÉLITES LTDA;Telstar 19 Vantage;1007130676;GEO;63 W;Ku(AP30B);Descida ↓;11331,75;11444,25;113,00;Horizontal (H);27/12/2023;N;2016-02-24 00:00:00.000000;50474
TELESAT BRASIL CAPACIDADE DE SATÉLITES LTDA;Telstar 19 Vantage;1007130676;GEO;63 W;Ka;Descida ↓;19795,85;19945,85;150,00;Circular à esquerda (CL);27/12/2023;N;2016-02-24 00:00:00.000000;50472
TELESAT BRASIL CAPACIDADE DE SATÉLITES LTDA;Telstar 19 Vantage;1007130676;GEO;63 W;Ka;Descida ↓;19956,25;20181,25;225,00;Circular à esquerda (CL);27/12/2023;N;2016-02-24 00:00:00.000000;50472
TELESAT BRASIL CAPACIDADE DE SATÉLITES LTDA;Telstar 19 Vantage;1007130676;GEO;63 W;Ka;Descida ↓;18825;19050;225,00;Circular à esquerda (CL);27/12/2023;N;2016-02-24 00:00:00.000000;50472
TELESAT BRASIL CAPACIDADE DE SATÉLITES LTDA;Telstar 19 Vantage;1007130676;GEO;63 W;Ku;Subida ↑;14409;14495,5;87,00;Horizontal (H);27/12/2023;N;2016-02-24 00:00:00.000000;50474
TELESAT BRASIL CAPACIDADE DE SATÉLITES LTDA;Telstar 19 Vantage;1007130676;GEO;63 W;Ka;Subida ↑;28362,5;28587,5;225,00;Circular à esquerda (CL);27/12/2023;N;2016-02-24 00:00:00.000000;50472
TELESAT BRASIL CAPACIDADE DE SATÉLITES LTDA;Telstar 19 Vantage;1007130676;GEO;63 W;Ku;Subida ↑;14310;14396,5;87,00;Horizontal (H);27/12/2023;N;2016-02-24 00:00:00.000000;50474
TELESAT BRASIL CAPACIDADE DE SATÉLITES LTDA;Telstar 19 Vantage;1007130676;GEO;63 W;Ka;Subida ↑;27118,75;27581,25;463,00;Circular à esquerda (CL);27/12/2023;N;2016-02-24 00:00:00.000000;50472
TELESAT BRASIL CAPACIDADE DE SATÉLITES LTDA;Telstar 19 Vantage;1007130676;GEO;63 W;Ku;Subida ↑;14208;14244;36,00;Vertical (V);27/12/2023;N;2008-12-01 00:00:00.000000;16127
TELESAT BRASIL CAPACIDADE DE SATÉLITES LTDA;Telstar 19 Vantage;1007130676;GEO;63 W;Ka;Descida ↓;18825;19275;450,00;Circular à esquerda (CL);27/12/2023;N;2016-02-24 00:00:00.000000;50472
TELESAT BRASIL CAPACIDADE DE SATÉLITES LTDA;Telstar 19 Vantage;1007130676;GEO;63 W;Ka;Descida ↓;18056,25;18281,25;225,00;Circular à esquerda (CL);27/12/2023;N;2016-02-24 00:00:00.000000;50472
TELESAT BRASIL CAPACIDADE DE SATÉLITES LTDA;Telstar 19 Vantage;1007130676;GEO;63 W;Ka;Subida ↑;29508,35;29658,35;150,00;Circular à esquerda (CL);27/12/2023;N;2016-02-24 00:00:00.000000;50472
TELESAT BRASIL CAPACIDADE DE SATÉLITES LTDA;Telstar 19 Vantage;1007130676;GEO;63 W;Ku(AP30B);Descida ↓;11206,75;11319,25;113,00;Horizontal (H);27/12/2023;N;2016-02-24 00:00:00.000000;50474
TELESAT BRASIL CAPACIDADE DE SATÉLITES LTDA;Telstar 19 Vantage;1007130676;GEO;63 W;Ka;Subida ↑;29691,7;29991,7;300,00;Circular à esquerda (CL);27/12/2023;N;2016-02-24 00:00:00.000000;50472
TELESAT BRASIL CAPACIDADE DE SATÉLITES LTDA;Telstar 19 Vantage;1007130676;GEO;63 W;Ka;Descida ↓;18562,5;18787,5;225,00;Circular à esquerda (CL);27/12/2023;N;2016-02-24 00:00:00.000000;50472
TELESAT BRASIL CAPACIDADE DE SATÉLITES LTDA;Telstar 19 Vantage;1007130676;GEO;63 W;Ka;Subida ↑;27868,75;28331,25;463,00;Circular à esquerda (CL);27/12/2023;N;2016-02-24 00:00:00.000000;50472
TELESAT BRASIL CAPACIDADE DE SATÉLITES LTDA;Telstar 19 Vantage;1007130676;GEO;63 W;Ku;Subida ↑;13752,5;13753,5;1,00;Vertical (V);27/12/2023;N;2023-11-17 00:00:00.000000;16127
TELESAT BRASIL CAPACIDADE DE SATÉLITES LTDA;Telstar 19 Vantage;1007130676;GEO;63 W;Ku;Descida ↓;11956,75;12069,25;113,00;Vertical (V);27/12/2023;N;2016-02-24 00:00:00.000000;50474
WORLDVU SATELLITES LIMITED;Sistema Oneweb;1014513410;NGEO; ;Ka;Descida ↓;18800;19300;500,00;Circular à esquerda (CL);22/05/2026;N;2022-07-15 00:00:00.000000;10495
WORLDVU SATELLITES LIMITED;Sistema Oneweb;1014513410;NGEO; ;Ka;Descida ↓;17800;18600;800,00;Circular à esquerda (CL);22/05/2026;N;2022-07-15 00:00:00.000000;10495
TELESAT BRASIL CAPACIDADE DE SATÉLITES LTDA;Telstar 19 Vantage;1007130676;GEO;63 W;Ka;Subida ↑;29837,5;29912,5;75,00;Circular à esquerda (CL);27/12/2023;N;2016-02-24 00:00:00.000000;50472
TELESAT BRASIL CAPACIDADE DE SATÉLITES LTDA;Telstar 19 Vantage;1007130676;GEO;63 W;Ka;Subida ↑;27612,5;27837,5;225,00;Circular à esquerda (CL);27/12/2023;N;2016-02-24 00:00:00.000000;50472
TELESAT BRASIL CAPACIDADE DE SATÉLITES LTDA;Telstar 19 Vantage;1007130676;GEO;63 W;Ku;Descida ↓;11908;11944;36,00;Vertical (V);27/12/2023;N;2008-12-01 00:00:00.000000;16127
TELESAT BRASIL CAPACIDADE DE SATÉLITES LTDA;Telstar 19 Vantage;1007130676;GEO;63 W;Ka;Descida ↓;17825;18525;700,00;Circular à esquerda (CL);27/12/2023;N;2016-02-24 00:00:00.000000;50472
TELESAT BRASIL CAPACIDADE DE SATÉLITES LTDA;Telstar 19 Vantage;1007130676;GEO;63 W;Ku;Descida ↓;11956,75;12069,25;113,00;Horizontal (H);27/12/2023;N;2016-02-24 00:00:00.000000;50474
TELESAT BRASIL CAPACIDADE DE SATÉLITES LTDA;Telstar 19 Vantage;1007130676;GEO;63 W;Ku;Descida ↓;11826;11862;36,00;Horizontal (H);27/12/2023;N;2023-11-17 00:00:00.000000;16127
TELESAT BRASIL CAPACIDADE DE SATÉLITES LTDA;Telstar 19 Vantage;1007130676;GEO;63 W;mais de uma banda;Descida ↓;11449,55;11450,45;1,00;Horizontal (H);27/12/2023;N;2023-11-17 00:00:00.000000;16127
TELESAT BRASIL CAPACIDADE DE SATÉLITES LTDA;Telstar 19 Vantage;1007130676;GEO;63 W;Ku(AP30B);Subida ↑;12756,75;12869,25;113,00;Horizontal (H);27/12/2023;N;2016-02-24 00:00:00.000000;50474
TELESAT BRASIL CAPACIDADE DE SATÉLITES LTDA;Telstar 19 Vantage;1007130676;GEO;63 W;Ku;Descida ↓;11786;11822;36,00;Horizontal (H);27/12/2023;N;2023-11-17 00:00:00.000000;16127
TELESAT BRASIL CAPACIDADE DE SATÉLITES LTDA;Telstar 19 Vantage;1007130676;GEO;63 W;Ku;Subida ↑;14126;14162;36,00;Horizontal (H);27/12/2023;N;2023-11-17 00:00:00.000000;16127
TELESAT BRASIL CAPACIDADE DE SATÉLITES LTDA;Telstar 19 Vantage;1007130676;GEO;63 W;Ku;Descida ↓;11696,15;11696,35;0,00;Horizontal (H);27/12/2023;N;2023-11-17 00:00:00.000000;16127
TELESAT BRASIL CAPACIDADE DE SATÉLITES LTDA;Telstar 19 Vantage;1007130676;GEO;63 W;Ku;Subida ↑;14086;14122;36,00;Horizontal (H);27/12/2023;N;2023-11-17 00:00:00.000000;16127
TELESAT BRASIL CAPACIDADE DE SATÉLITES LTDA;Telstar 19 Vantage;1007130676;GEO;63 W;Ku(AP30B);Subida ↑;13131,75;13244,25;113,00;Horizontal (H);27/12/2023;N;2016-02-24 00:00:00.000000;50474
TELESAT BRASIL CAPACIDADE DE SATÉLITES LTDA;Telstar 19 Vantage;1007130676;GEO;63 W;Ka;Descida ↓;18825;19275;450,00;Circular à direita (CR);27/12/2023;N;2016-02-24 00:00:00.000000;50472
TELESAT BRASIL CAPACIDADE DE SATÉLITES LTDA;Telstar 19 Vantage;1007130676;GEO;63 W;Ku;Subida ↑;13956,5;13992,5;36,00;Horizontal (H);27/12/2023;N;2023-11-17 00:00:00.000000;16127
WORLDVU SATELLITES LIMITED;Sistema Oneweb;1014513410;NGEO; ;Ka;Subida ↑;27500;28600;1100,00;Circular à direita (CR);22/05/2026;N;2022-07-15 00:00:00.000000;10495
TELESAT BRASIL CAPACIDADE DE SATÉLITES LTDA;Telstar 19 Vantage;1007130676;GEO;63 W;Ka;Descida ↓;17831,25;18768,75;938,00;Circular à direita (CR);27/12/2023;N;2016-02-24 00:00:00.000000;50472
TELESAT BRASIL CAPACIDADE DE SATÉLITES LTDA;Telstar 19 Vantage;1007130676;GEO;63 W;Ka;Descida ↓;19718,75;20181,25;463,00;Circular à direita (CR);27/12/2023;N;2016-02-24 00:00:00.000000;50472
TELESAT BRASIL CAPACIDADE DE SATÉLITES LTDA;Telstar 19 Vantage;1007130676;GEO;63 W;Ka;Subida ↑;28625;28850;225,00;Circular à direita (CR);27/12/2023;N;2016-02-24 00:00:00.000000;50472
TELESAT BRASIL CAPACIDADE DE SATÉLITES LTDA;Telstar 19 Vantage;1007130676;GEO;63 W;Ka;Descida ↓;18818,75;19268,75;450,00;Circular à direita (CR);27/12/2023;N;2016-02-24 00:00:00.000000;50472
TELESAT BRASIL CAPACIDADE DE SATÉLITES LTDA;Telstar 19 Vantage;1007130676;GEO;63 W;Ka;Descida ↓;18318,75;18543,75;225,00;Circular à direita (CR);27/12/2023;N;2016-02-24 00:00:00.000000;50472
TELESAT BRASIL CAPACIDADE DE SATÉLITES LTDA;Telstar 19 Vantage;1007130676;GEO;63 W;Ku(AP30B);Descida ↓;10760;10846,5;87,00;Horizontal (H);27/12/2023;N;2016-02-24 00:00:00.000000;50474
TELESAT BRASIL CAPACIDADE DE SATÉLITES LTDA;Telstar 19 Vantage;1007130676;GEO;63 W;Ka;Descida ↓;19704,15;19779,15;75,00;Circular à esquerda (CL);27/12/2023;N;2016-02-24 00:00:00.000000;50472
TELESAT BRASIL CAPACIDADE DE SATÉLITES LTDA;Telstar 19 Vantage;1007130676;GEO;63 W;Ku(AP30B);Descida ↓;10859;10945,5;87,00;Horizontal (H);27/12/2023;N;2016-02-24 00:00:00.000000;50474
TELESAT BRASIL CAPACIDADE DE SATÉLITES LTDA;Telstar 19 Vantage;1007130676;GEO;63 W;Ka;Subida ↑;27631,25;28568,75;938,00;Circular à direita (CR);27/12/2023;N;2016-02-24 00:00:00.000000;50472
TELESAT BRASIL CAPACIDADE DE SATÉLITES LTDA;Telstar 19 Vantage;1007130676;GEO;63 W;Ka;Subida ↑;29920,85;29995,85;75,00;Circular à direita (CR);27/12/2023;N;2016-02-24 00:00:00.000000;50472
TELESAT BRASIL CAPACIDADE DE SATÉLITES LTDA;Telstar 19 Vantage;1007130676;GEO;63 W;Ka;Descida ↓;18491,7;18791,7;300,00;Circular à esquerda (CL);27/12/2023;N;2016-02-24 00:00:00.000000;50472
TELESAT BRASIL CAPACIDADE DE SATÉLITES LTDA;Telstar 19 Vantage;1007130676;GEO;63 W;Ka;Descida ↓;18568,75;18793,75;225,00;Circular à direita (CR);27/12/2023;N;2016-02-24 00:00:00.000000;50472
TELESAT BRASIL CAPACIDADE DE SATÉLITES LTDA;Telstar 19 Vantage;1007130676;GEO;63 W;Ka;Subida ↑;29756,25;29981,25;225,00;Circular à direita (CR);27/12/2023;N;2016-02-24 00:00:00.000000;50472
TELESAT BRASIL CAPACIDADE DE SATÉLITES LTDA;Telstar 19 Vantage;1007130676;GEO;63 W;Ka;Subida ↑;29508,35;29658,35;150,00;Circular à direita (CR);27/12/2023;N;2016-02-24 00:00:00.000000;50472
WORLDVU SATELLITES LIMITED;Sistema Oneweb;1014513410;NGEO; ;Ka;Subida ↑;27500;28600;1100,00;Circular à esquerda (CL);22/05/2026;N;2022-07-15 00:00:00.000000;10495
TELESAT BRASIL CAPACIDADE DE SATÉLITES LTDA;Telstar 19 Vantage;1007130676;GEO;63 W;Ka;Subida ↑;27118,75;27581,25;463,00;Circular à direita (CR);27/12/2023;N;2016-02-24 00:00:00.000000;50472
TELESAT BRASIL CAPACIDADE DE SATÉLITES LTDA;Telstar 19 Vantage;1007130676;GEO;63 W;Ka;Descida ↓;17825;18525;700,00;Circular à direita (CR);27/12/2023;N;2016-02-24 00:00:00.000000;50472
TELESAT BRASIL CAPACIDADE DE SATÉLITES LTDA;Telstar 19 Vantage;1007130676;GEO;63 W;Ku;Descida ↓;11451,55;11452,45;1,00;Vertical (V);27/12/2023;N;2023-11-17 00:00:00.000000;16127
TELESAT BRASIL CAPACIDADE DE SATÉLITES LTDA;Telstar 19 Vantage;1007130676;GEO;63 W;Ka;Subida ↑;28625;29075;450,00;Circular à direita (CR);27/12/2023;N;2016-02-24 00:00:00.000000;50472
TELESAT BRASIL CAPACIDADE DE SATÉLITES LTDA;Telstar 19 Vantage;1007130676;GEO;63 W;Ka;Subida ↑;28868,75;29093,75;225,00;Circular à direita (CR);27/12/2023;N;2016-02-24 00:00:00.000000;50472
TELESAT BRASIL CAPACIDADE DE SATÉLITES LTDA;Telstar 19 Vantage;1007130676;GEO;63 W;Ku;Descida ↓;11702;11738;36,00;Horizontal (H);27/12/2023;N;2023-11-17 00:00:00.000000;16127
TELESAT BRASIL CAPACIDADE DE SATÉLITES LTDA;Telstar 19 Vantage;1007130676;GEO;63 W;Ku;Subida ↑;14086;14122;36,00;Vertical (V);27/12/2023;N;2023-11-17 00:00:00.000000;16127
TELESAT BRASIL CAPACIDADE DE SATÉLITES LTDA;Telstar 19 Vantage;1007130676;GEO;63 W;Ka;Subida ↑;28862,5;29087,5;225,00;Circular à direita (CR);27/12/2023;N;2016-02-24 00:00:00.000000;50472
TELESAT BRASIL CAPACIDADE DE SATÉLITES LTDA;Telstar 19 Vantage;1007130676;GEO;63 W;Ka;Descida ↓;17806,25;18031,25;225,00;Circular à esquerda (CL);27/12/2023;N;2016-02-24 00:00:00.000000;50472
TELESAT BRASIL CAPACIDADE DE SATÉLITES LTDA;Telstar 19 Vantage;1007130676;GEO;63 W;Ka;Descida ↓;19718,75;20181,25;463,00;Circular à esquerda (CL);27/12/2023;N;2016-02-24 00:00:00.000000;50472
TELESAT BRASIL CAPACIDADE DE SATÉLITES LTDA;Telstar 19 Vantage;1007130676;GEO;63 W;Ku;Subida ↑;14002;14038;36,00;Vertical (V);27/12/2023;N;2023-11-17 00:00:00.000000;16127
TELESAT BRASIL CAPACIDADE DE SATÉLITES LTDA;Telstar 19 Vantage;1007130676;GEO;63 W;Ku;Descida ↓;11868;11904;36,00;Vertical (V);27/12/2023;N;2023-11-17 00:00:00.000000;16127
TELESAT BRASIL CAPACIDADE DE SATÉLITES LTDA;Telstar 19 Vantage;1007130676;GEO;63 W;Ku(AP30B);Descida ↓;11206,75;11319,25;113,00;Vertical (V);27/12/2023;N;2016-02-24 00:00:00.000000;50474
TELESAT BRASIL CAPACIDADE DE SATÉLITES LTDA;Telstar 19 Vantage;1007130676;GEO;63 W;Ku;Subida ↑;14270;14495;225,00;Vertical (V);27/12/2023;N;2023-11-17 00:00:00.000000;16127
TELESAT BRASIL CAPACIDADE DE SATÉLITES LTDA;Telstar 19 Vantage;1007130676;GEO;63 W;Ku(AP30B);Subida ↑;13006,75;13119,25;113,00;Vertical (V);27/12/2023;N;2016-02-24 00:00:00.000000;50474
TELESAT BRASIL CAPACIDADE DE SATÉLITES LTDA;Telstar 19 Vantage;1007130676;GEO;63 W;Ku;Descida ↓;11615,5;11651,5;36,00;Vertical (V);27/12/2023;N;2023-11-17 00:00:00.000000;16127
TELESAT BRASIL CAPACIDADE DE SATÉLITES LTDA;Telstar 19 Vantage;1007130676;GEO;63 W;Ku;Subida ↑;14090;14162;72,00;Horizontal (H);27/12/2023;N;2023-11-17 00:00:00.000000;16127
TELESAT BRASIL CAPACIDADE DE SATÉLITES LTDA;Telstar 19 Vantage;1007130676;GEO;63 W;Ku;Subida ↑;14042;14078;36,00;Vertical (V);27/12/2023;N;2023-11-17 00:00:00.000000;16127
TELESAT BRASIL CAPACIDADE DE SATÉLITES LTDA;Telstar 19 Vantage;1007130676;GEO;63 W;Ka;Subida ↑;29770,85;29995,85;225,00;Circular à direita (CR);27/12/2023;N;2016-02-24 00:00:00.000000;50472
TELESAT BRASIL CAPACIDADE DE SATÉLITES LTDA;Telstar 19 Vantage;1007130676;GEO;63 W;Ka;Descida ↓;17812,5;18275;463,00;Circular à esquerda (CL);27/12/2023;N;2016-02-24 00:00:00.000000;50472
TELESAT BRASIL CAPACIDADE DE SATÉLITES LTDA;Telstar 19 Vantage;1007130676;GEO;63 W;Ka;Subida ↑;29506,25;29731,25;225,00;Circular à esquerda (CL);27/12/2023;N;2016-02-24 00:00:00.000000;50472
TELESAT BRASIL CAPACIDADE DE SATÉLITES LTDA;Telstar 19 Vantage;1007130676;GEO;63 W;Ku;Descida ↓;11786;11822;36,00;Vertical (V);27/12/2023;N;2023-11-17 00:00:00.000000;16127
TELESAT BRASIL CAPACIDADE DE SATÉLITES LTDA;Telstar 19 Vantage;1007130676;GEO;63 W;Ku;Descida ↓;11870;11942;72,00;Vertical (V);27/12/2023;N;2023-11-17 00:00:00.000000;16127
TELESAT BRASIL CAPACIDADE DE SATÉLITES LTDA;Telstar 19 Vantage;1007130676;GEO;63 W;Ku(AP30B);Descida ↓;10859;10945,5;87,00;Vertical (V);27/12/2023;N;2016-02-24 00:00:00.000000;50474
VIASAT INCORPORATED’s;ViaSat-3 (89W);1015018243;GEO;89 W;Ka;Subida ↑;27500;30000;2500,00;Circular à esquerda (CL);06/10/2023;2036-10-22 00:00:00.000000;2021-10-20 00:00:00.000000;9307
TELESAT BRASIL CAPACIDADE DE SATÉLITES LTDA;Telstar 19 Vantage;1007130676;GEO;63 W;Ka;Descida ↓;18308,35;18458,35;150,00;Circular à esquerda (CL);27/12/2023;N;2016-02-24 00:00:00.000000;50472
TELESAT BRASIL CAPACIDADE DE SATÉLITES LTDA;Telstar 19 Vantage;1007130676;GEO;63 W;Ku(AP30B);Subida ↑;12881,75;12994,25;113,00;Vertical (V);27/12/2023;N;2016-02-24 00:00:00.000000;50474
TELESAT BRASIL CAPACIDADE DE SATÉLITES LTDA;Telstar 19 Vantage;1007130676;GEO;63 W;Ku;Descida ↓;11534;11570;36,00;Vertical (V);27/12/2023;N;2023-11-17 00:00:00.000000;16127
TELESAT BRASIL CAPACIDADE DE SATÉLITES LTDA;Telstar 19 Vantage;1007130676;GEO;63 W;Ku(AP30B);Descida ↓;10760;10846,5;87,00;Vertical (V);27/12/2023;N;2016-02-24 00:00:00.000000;50474
TELESAT BRASIL CAPACIDADE DE SATÉLITES LTDA;Telstar 19 Vantage;1007130676;GEO;63 W;Ku;Subida ↑;14256,75;14369,25;113,00;Vertical (V);27/12/2023;N;2016-02-24 00:00:00.000000;50474
TELESAT BRASIL CAPACIDADE DE SATÉLITES LTDA;Telstar 19 Vantage;1007130676;GEO;63 W;Ku(AP30B);Subida ↑;12756,75;12869,25;113,00;Vertical (V);27/12/2023;N;2016-02-24 00:00:00.000000;50474
TELESAT BRASIL CAPACIDADE DE SATÉLITES LTDA;Telstar 19 Vantage;1007130676;GEO;63 W;Ka;Subida ↑;29275;29975;700,00;Circular à direita (CR);27/12/2023;N;2016-02-24 00:00:00.000000;50472
VIASAT INCORPORATED’s;ViaSat-3 (89W);1015018243;GEO;89 W;Ka;Subida ↑;27500;30000;2500,00;Circular à direita (CR);06/10/2023;2036-10-22 00:00:00.000000;2021-10-20 00:00:00.000000;9307
TELESAT BRASIL CAPACIDADE DE SATÉLITES LTDA;Telstar 19 Vantage;1007130676;GEO;63 W;Ku;Subida ↑;14126;14162;36,00;Vertical (V);27/12/2023;N;2023-11-17 00:00:00.000000;16127
TELESAT BRASIL CAPACIDADE DE SATÉLITES LTDA;Telstar 19 Vantage;1007130676;GEO;63 W;Ku;Descida ↓;11081,75;11194,25;113,00;Vertical (V);27/12/2023;N;2016-02-24 00:00:00.000000;50474
TELESAT BRASIL CAPACIDADE DE SATÉLITES LTDA;Telstar 19 Vantage;1007130676;GEO;63 W;Ku;Descida ↓;12081,75;12194,25;113,00;Vertical (V);27/12/2023;N;2016-02-24 00:00:00.000000;50474
TELESAT BRASIL CAPACIDADE DE SATÉLITES LTDA;Telstar 19 Vantage;1007130676;GEO;63 W;Ku;Descida ↓;11574;11610;36,00;Vertical (V);27/12/2023;N;2023-11-17 00:00:00.000000;16127
TELESAT BRASIL CAPACIDADE DE SATÉLITES LTDA;Telstar 19 Vantage;1007130676;GEO;63 W;Ku;Descida ↓;11696,65;11696,85;0,00;Vertical (V);27/12/2023;N;2023-11-17 00:00:00.000000;16127
TELESAT BRASIL CAPACIDADE DE SATÉLITES LTDA;Telstar 19 Vantage;1007130676;GEO;63 W;Ku;Descida ↓;11826;11862;36,00;Vertical (V);27/12/2023;N;2023-11-17 00:00:00.000000;16127
TELESAT BRASIL CAPACIDADE DE SATÉLITES LTDA;Telstar 19 Vantage;1007130676;GEO;63 W;Ku;Descida ↓;11742;11778;36,00;Vertical (V);27/12/2023;N;2023-11-17 00:00:00.000000;16127
TELESAT BRASIL CAPACIDADE DE SATÉLITES LTDA;Telstar 19 Vantage;1007130676;GEO;63 W;Ku;Subida ↑;14381,75;14494,25;113,00;Vertical (V);27/12/2023;N;2016-02-24 00:00:00.000000;50474
TELESAT BRASIL CAPACIDADE DE SATÉLITES LTDA;Telstar 19 Vantage;1007130676;GEO;63 W;Ku(AP30B);Subida ↑;13131,75;13244,25;113,00;Vertical (V);27/12/2023;N;2016-02-24 00:00:00.000000;50474
TELESAT BRASIL CAPACIDADE DE SATÉLITES LTDA;Telstar 19 Vantage;1007130676;GEO;63 W;Ku;Descida ↓;11790;11862;72,00;Vertical (V);27/12/2023;N;2023-11-17 00:00:00.000000;16127
TELESAT BRASIL CAPACIDADE DE SATÉLITES LTDA;Telstar 19 Vantage;1007130676;GEO;63 W;Ku;Descida ↓;11702;11738;36,00;Vertical (V);27/12/2023;N;2023-11-17 00:00:00.000000;16127
TELESAT BRASIL CAPACIDADE DE SATÉLITES LTDA;Telstar 19 Vantage;1007130676;GEO;63 W;Ku;Descida ↓;11656,5;11692,5;36,00;Vertical (V);27/12/2023;N;2023-11-17 00:00:00.000000;16127
TELESAT BRASIL CAPACIDADE DE SATÉLITES LTDA;Telstar 19 Vantage;1007130676;GEO;63 W;Ku;Subida ↑;14168;14204;36,00;Vertical (V);27/12/2023;N;2023-11-17 00:00:00.000000;16127
TELESAT BRASIL CAPACIDADE DE SATÉLITES LTDA;Telstar 19 Vantage;1007130676;GEO;63 W;Ka;Descida ↓;19706,25;19931,25;225,00;Circular à direita (CR);27/12/2023;N;2016-02-24 00:00:00.000000;50472
TELESAT BRASIL CAPACIDADE DE SATÉLITES LTDA;Telstar 19 Vantage;1007130676;GEO;63 W;Ku;Subida ↑;14168;14204;36,00;Horizontal (H);27/12/2023;N;2023-11-17 00:00:00.000000;16127
TELESAT BRASIL CAPACIDADE DE SATÉLITES LTDA;Telstar 19 Vantage;1007130676;GEO;63 W;Ku;Subida ↑;14170;14242;72,00;Horizontal (H);27/12/2023;N;2023-11-17 00:00:00.000000;16127
TELESAT BRASIL CAPACIDADE DE SATÉLITES LTDA;Telstar 19 Vantage;1007130676;GEO;63 W;Ka;Descida ↓;19970,85;20195,85;225,00;Circular à esquerda (CL);27/12/2023;N;2016-02-24 00:00:00.000000;50472
